INSERT INTO USER_INFO_TB (USER_ID, PASSWORD, USER_NAME, EMAIL, HP, ADDRESS, REGIDATE, SELLER) VALUES ('seller','$2a$10$a2Pv8fXzaEsBjXDRzm3zbOuvgfcWvFeigRBDBjaKye9u.AV6YzRVa','공무원','mpbs215@naver.com','01093249482','서울 은평구 불광동 8-63',SYSDATE(),'0');

INSERT INTO USER_INFO_TB (USER_ID, PASSWORD, USER_NAME, EMAIL, HP, ADDRESS, REGIDATE, SELLER) VALUES ('user3','$2a$10$a2Pv8fXzaEsBjXDRzm3zbOuvgfcWvFeigRBDBjaKye9u.AV6YzRVa','공무원','mpbs215@naver.com','01000000000','서울 은평구 불광동 8-63',SYSDATE(),'0');
 
INSERT INTO USER_INFO_TB (USER_ID, PASSWORD, USER_NAME, EMAIL, HP, ADDRESS, REGIDATE, SELLER) VALUES ('user4','$2a$10$a2Pv8fXzaEsBjXDRzm3zbOuvgfcWvFeigRBDBjaKye9u.AV6YzRVa','공무원','mpbs215@naver.com','01000000001','서울 은평구 불광동 8-63',SYSDATE(),'0');
 
INSERT INTO USER_INFO_TB (USER_ID, PASSWORD, USER_NAME, EMAIL, HP, ADDRESS, REGIDATE, SELLER) VALUES ('user5','$2a$10$a2Pv8fXzaEsBjXDRzm3zbOuvgfcWvFeigRBDBjaKye9u.AV6YzRVa','공무원','mpbs215@naver.com','01000000002','서울 은평구 불광동 8-63',SYSDATE(),'0');
 
INSERT INTO USER_INFO_TB (USER_ID, PASSWORD, USER_NAME, EMAIL, HP, ADDRESS, REGIDATE, SELLER) VALUES ('user6','$2a$10$a2Pv8fXzaEsBjXDRzm3zbOuvgfcWvFeigRBDBjaKye9u.AV6YzRVa','공무원','mpbs215@naver.com','01000000003','서울 은평구 불광동 8-63',SYSDATE(),'0');
 
INSERT INTO USER_INFO_TB (USER_ID, PASSWORD, USER_NAME, EMAIL, HP, ADDRESS, REGIDATE, SELLER) VALUES ('user7','$2a$10$a2Pv8fXzaEsBjXDRzm3zbOuvgfcWvFeigRBDBjaKye9u.AV6YzRVa','공무원','mpbs215@naver.com','01000000004','서울 은평구 불광동 8-63',SYSDATE(),'0');
 
INSERT INTO USER_INFO_TB (USER_ID, PASSWORD, USER_NAME, EMAIL, HP, ADDRESS, REGIDATE, SELLER) VALUES ('user8','$2a$10$a2Pv8fXzaEsBjXDRzm3zbOuvgfcWvFeigRBDBjaKye9u.AV6YzRVa','공무원','mpbs215@naver.com','01000000005','서울 은평구 불광동 8-63',SYSDATE(),'0');
 
INSERT INTO USER_INFO_TB (USER_ID, PASSWORD, USER_NAME, EMAIL, HP, ADDRESS, REGIDATE, SELLER) VALUES ('user9','$2a$10$a2Pv8fXzaEsBjXDRzm3zbOuvgfcWvFeigRBDBjaKye9u.AV6YzRVa','공무원','mpbs215@naver.com','01000000006','서울 은평구 불광동 8-63',SYSDATE(),'0');
 
INSERT INTO USER_INFO_TB (USER_ID, PASSWORD, USER_NAME, EMAIL, HP, ADDRESS, REGIDATE, SELLER) VALUES ('user10','$2a$10$a2Pv8fXzaEsBjXDRzm3zbOuvgfcWvFeigRBDBjaKye9u.AV6YzRVa','공무원','mpbs215@naver.com','01000000007','서울 은평구 불광동 8-63',SYSDATE(),'0');
 
INSERT INTO USER_INFO_TB (USER_ID, PASSWORD, USER_NAME, EMAIL, HP, ADDRESS, REGIDATE, SELLER) VALUES ('user11','$2a$10$a2Pv8fXzaEsBjXDRzm3zbOuvgfcWvFeigRBDBjaKye9u.AV6YzRVa','공무원','mpbs215@naver.com','01000000008','서울 은평구 불광동 8-63',SYSDATE(),'0');
 
INSERT INTO USER_INFO_TB (USER_ID, PASSWORD, USER_NAME, EMAIL, HP, ADDRESS, REGIDATE, SELLER) VALUES ('user12','$2a$10$a2Pv8fXzaEsBjXDRzm3zbOuvgfcWvFeigRBDBjaKye9u.AV6YzRVa','공무원','mpbs215@naver.com','01000000009','서울 은평구 불광동 8-63',SYSDATE(),'0');
 
INSERT INTO USER_INFO_TB (USER_ID, PASSWORD, USER_NAME, EMAIL, HP, ADDRESS, REGIDATE, SELLER) VALUES ('user13','$2a$10$a2Pv8fXzaEsBjXDRzm3zbOuvgfcWvFeigRBDBjaKye9u.AV6YzRVa','공무원','mpbs215@naver.com','01000000010','서울 은평구 불광동 8-63',SYSDATE(),'0');
 
INSERT INTO USER_INFO_TB (USER_ID, PASSWORD, USER_NAME, EMAIL, HP, ADDRESS, REGIDATE, SELLER) VALUES ('user14','$2a$10$a2Pv8fXzaEsBjXDRzm3zbOuvgfcWvFeigRBDBjaKye9u.AV6YzRVa','공무원','mpbs215@naver.com','01000000011','서울 은평구 불광동 8-63',SYSDATE(),'0');
 
INSERT INTO USER_INFO_TB (USER_ID, PASSWORD, USER_NAME, EMAIL, HP, ADDRESS, REGIDATE, SELLER) VALUES ('user15','$2a$10$a2Pv8fXzaEsBjXDRzm3zbOuvgfcWvFeigRBDBjaKye9u.AV6YzRVa','공무원','mpbs215@naver.com','01000000012','서울 은평구 불광동 8-63',SYSDATE(),'0');
 
INSERT INTO USER_INFO_TB (USER_ID, PASSWORD, USER_NAME, EMAIL, HP, ADDRESS, REGIDATE, SELLER) VALUES ('user16','$2a$10$a2Pv8fXzaEsBjXDRzm3zbOuvgfcWvFeigRBDBjaKye9u.AV6YzRVa','공무원','mpbs215@naver.com','01000000013','서울 은평구 불광동 8-63',SYSDATE(),'0');
 
INSERT INTO USER_INFO_TB (USER_ID, PASSWORD, USER_NAME, EMAIL, HP, ADDRESS, REGIDATE, SELLER) VALUES ('user17','$2a$10$a2Pv8fXzaEsBjXDRzm3zbOuvgfcWvFeigRBDBjaKye9u.AV6YzRVa','공무원','mpbs215@naver.com','01000000014','서울 은평구 불광동 8-63',SYSDATE(),'0');
 
INSERT INTO USER_INFO_TB (USER_ID, PASSWORD, USER_NAME, EMAIL, HP, ADDRESS, REGIDATE, SELLER) VALUES ('user18','$2a$10$a2Pv8fXzaEsBjXDRzm3zbOuvgfcWvFeigRBDBjaKye9u.AV6YzRVa','공무원','mpbs215@naver.com','01000000015','서울 은평구 불광동 8-63',SYSDATE(),'0');
 
INSERT INTO USER_INFO_TB (USER_ID, PASSWORD, USER_NAME, EMAIL, HP, ADDRESS, REGIDATE, SELLER) VALUES ('user19','$2a$10$a2Pv8fXzaEsBjXDRzm3zbOuvgfcWvFeigRBDBjaKye9u.AV6YzRVa','공무원','mpbs215@naver.com','01000000016','서울 은평구 불광동 8-63',SYSDATE(),'0');
 
INSERT INTO USER_INFO_TB (USER_ID, PASSWORD, USER_NAME, EMAIL, HP, ADDRESS, REGIDATE, SELLER) VALUES ('user20','$2a$10$a2Pv8fXzaEsBjXDRzm3zbOuvgfcWvFeigRBDBjaKye9u.AV6YzRVa','공무원','mpbs215@naver.com','01000000017','서울 은평구 불광동 8-63',SYSDATE(),'0');
 
INSERT INTO USER_INFO_TB (USER_ID, PASSWORD, USER_NAME, EMAIL, HP, ADDRESS, REGIDATE, SELLER) VALUES ('user21','$2a$10$a2Pv8fXzaEsBjXDRzm3zbOuvgfcWvFeigRBDBjaKye9u.AV6YzRVa','공무원','mpbs215@naver.com','01000000018','서울 은평구 불광동 8-63',SYSDATE(),'0');
 
INSERT INTO USER_INFO_TB (USER_ID, PASSWORD, USER_NAME, EMAIL, HP, ADDRESS, REGIDATE, SELLER) VALUES ('user22','$2a$10$a2Pv8fXzaEsBjXDRzm3zbOuvgfcWvFeigRBDBjaKye9u.AV6YzRVa','공무원','mpbs215@naver.com','01000000019','서울 은평구 불광동 8-63',SYSDATE(),'0');
 
INSERT INTO USER_INFO_TB (USER_ID, PASSWORD, USER_NAME, EMAIL, HP, ADDRESS, REGIDATE, SELLER) VALUES ('user23','$2a$10$a2Pv8fXzaEsBjXDRzm3zbOuvgfcWvFeigRBDBjaKye9u.AV6YzRVa','공무원','mpbs215@naver.com','01000000020','서울 은평구 불광동 8-63',SYSDATE(),'0');
 
INSERT INTO USER_INFO_TB (USER_ID, PASSWORD, USER_NAME, EMAIL, HP, ADDRESS, REGIDATE, SELLER) VALUES ('user24','$2a$10$a2Pv8fXzaEsBjXDRzm3zbOuvgfcWvFeigRBDBjaKye9u.AV6YzRVa','공무원','mpbs215@naver.com','01000000021','서울 은평구 불광동 8-63',SYSDATE(),'0');
 
INSERT INTO USER_INFO_TB (USER_ID, PASSWORD, USER_NAME, EMAIL, HP, ADDRESS, REGIDATE, SELLER) VALUES ('user25','$2a$10$a2Pv8fXzaEsBjXDRzm3zbOuvgfcWvFeigRBDBjaKye9u.AV6YzRVa','공무원','mpbs215@naver.com','01000000022','서울 은평구 불광동 8-63',SYSDATE(),'0');
 
INSERT INTO USER_INFO_TB (USER_ID, PASSWORD, USER_NAME, EMAIL, HP, ADDRESS, REGIDATE, SELLER) VALUES ('user26','$2a$10$a2Pv8fXzaEsBjXDRzm3zbOuvgfcWvFeigRBDBjaKye9u.AV6YzRVa','공무원','mpbs215@naver.com','01000000023','서울 은평구 불광동 8-63',SYSDATE(),'0');
 
INSERT INTO USER_INFO_TB (USER_ID, PASSWORD, USER_NAME, EMAIL, HP, ADDRESS, REGIDATE, SELLER) VALUES ('user27','$2a$10$a2Pv8fXzaEsBjXDRzm3zbOuvgfcWvFeigRBDBjaKye9u.AV6YzRVa','공무원','mpbs215@naver.com','01000000024','서울 은평구 불광동 8-63',SYSDATE(),'0');
 
INSERT INTO USER_INFO_TB (USER_ID, PASSWORD, USER_NAME, EMAIL, HP, ADDRESS, REGIDATE, SELLER) VALUES ('user28','$2a$10$a2Pv8fXzaEsBjXDRzm3zbOuvgfcWvFeigRBDBjaKye9u.AV6YzRVa','공무원','mpbs215@naver.com','01000000025','서울 은평구 불광동 8-63',SYSDATE(),'0');
 
INSERT INTO USER_INFO_TB (USER_ID, PASSWORD, USER_NAME, EMAIL, HP, ADDRESS, REGIDATE, SELLER) VALUES ('user29','$2a$10$a2Pv8fXzaEsBjXDRzm3zbOuvgfcWvFeigRBDBjaKye9u.AV6YzRVa','공무원','mpbs215@naver.com','01000000026','서울 은평구 불광동 8-63',SYSDATE(),'0');
 
INSERT INTO USER_INFO_TB (USER_ID, PASSWORD, USER_NAME, EMAIL, HP, ADDRESS, REGIDATE, SELLER) VALUES ('user30','$2a$10$a2Pv8fXzaEsBjXDRzm3zbOuvgfcWvFeigRBDBjaKye9u.AV6YzRVa','공무원','mpbs215@naver.com','01000000027','서울 은평구 불광동 8-63',SYSDATE(),'0');
 
INSERT INTO USER_INFO_TB (USER_ID, PASSWORD, USER_NAME, EMAIL, HP, ADDRESS, REGIDATE, SELLER) VALUES ('user31','$2a$10$a2Pv8fXzaEsBjXDRzm3zbOuvgfcWvFeigRBDBjaKye9u.AV6YzRVa','공무원','mpbs215@naver.com','01000000028','서울 은평구 불광동 8-63',SYSDATE(),'0');
 
INSERT INTO USER_INFO_TB (USER_ID, PASSWORD, USER_NAME, EMAIL, HP, ADDRESS, REGIDATE, SELLER) VALUES ('user32','$2a$10$a2Pv8fXzaEsBjXDRzm3zbOuvgfcWvFeigRBDBjaKye9u.AV6YzRVa','공무원','mpbs215@naver.com','01000000029','서울 은평구 불광동 8-63',SYSDATE(),'0');
 
INSERT INTO USER_INFO_TB (USER_ID, PASSWORD, USER_NAME, EMAIL, HP, ADDRESS, REGIDATE, SELLER) VALUES ('user33','$2a$10$a2Pv8fXzaEsBjXDRzm3zbOuvgfcWvFeigRBDBjaKye9u.AV6YzRVa','공무원','mpbs215@naver.com','01000000030','서울 은평구 불광동 8-63',SYSDATE(),'0');
 
INSERT INTO USER_INFO_TB (USER_ID, PASSWORD, USER_NAME, EMAIL, HP, ADDRESS, REGIDATE, SELLER) VALUES ('user34','$2a$10$a2Pv8fXzaEsBjXDRzm3zbOuvgfcWvFeigRBDBjaKye9u.AV6YzRVa','공무원','mpbs215@naver.com','01000000031','서울 은평구 불광동 8-63',SYSDATE(),'0');
 

INSERT INTO USER_INFO_TB (USER_ID, PASSWORD, USER_NAME, EMAIL, HP, ADDRESS, REGIDATE, SELLER) VALUES ('user35','$2a$10$a2Pv8fXzaEsBjXDRzm3zbOuvgfcWvFeigRBDBjaKye9u.AV6YzRVa','공무원','mpbs215@naver.com','01000000032','서울 은평구 불광동 8-63',SYSDATE(),'0');

 

INSERT INTO USER_INFO_TB (USER_ID, PASSWORD, USER_NAME, EMAIL, HP, ADDRESS, REGIDATE, SELLER) VALUES ('user36','$2a$10$a2Pv8fXzaEsBjXDRzm3zbOuvgfcWvFeigRBDBjaKye9u.AV6YzRVa','공무원','mpbs215@naver.com','01000000033','서울 은평구 불광동 8-63',SYSDATE(),'0');

 

INSERT INTO USER_INFO_TB (USER_ID, PASSWORD, USER_NAME, EMAIL, HP, ADDRESS, REGIDATE, SELLER) VALUES ('user37','$2a$10$a2Pv8fXzaEsBjXDRzm3zbOuvgfcWvFeigRBDBjaKye9u.AV6YzRVa','공무원','mpbs215@naver.com','01000000034','서울 은평구 불광동 8-63',SYSDATE(),'0');

 

INSERT INTO USER_INFO_TB (USER_ID, PASSWORD, USER_NAME, EMAIL, HP, ADDRESS, REGIDATE, SELLER) VALUES ('user38','$2a$10$a2Pv8fXzaEsBjXDRzm3zbOuvgfcWvFeigRBDBjaKye9u.AV6YzRVa','공무원','mpbs215@naver.com','01000000035','서울 은평구 불광동 8-63',SYSDATE(),'0');

 

INSERT INTO USER_INFO_TB (USER_ID, PASSWORD, USER_NAME, EMAIL, HP, ADDRESS, REGIDATE, SELLER) VALUES ('user39','$2a$10$a2Pv8fXzaEsBjXDRzm3zbOuvgfcWvFeigRBDBjaKye9u.AV6YzRVa','공무원','mpbs215@naver.com','01000000036','서울 은평구 불광동 8-63',SYSDATE(),'0');

 

INSERT INTO USER_INFO_TB (USER_ID, PASSWORD, USER_NAME, EMAIL, HP, ADDRESS, REGIDATE, SELLER) VALUES ('user40','$2a$10$a2Pv8fXzaEsBjXDRzm3zbOuvgfcWvFeigRBDBjaKye9u.AV6YzRVa','공무원','mpbs215@naver.com','01000000037','서울 은평구 불광동 8-63',SYSDATE(),'0');

 

INSERT INTO USER_INFO_TB (USER_ID, PASSWORD, USER_NAME, EMAIL, HP, ADDRESS, REGIDATE, SELLER) VALUES ('user41','$2a$10$a2Pv8fXzaEsBjXDRzm3zbOuvgfcWvFeigRBDBjaKye9u.AV6YzRVa','공무원','mpbs215@naver.com','01000000038','서울 은평구 불광동 8-63',SYSDATE(),'0');

 

INSERT INTO USER_INFO_TB (USER_ID, PASSWORD, USER_NAME, EMAIL, HP, ADDRESS, REGIDATE, SELLER) VALUES ('user42','$2a$10$a2Pv8fXzaEsBjXDRzm3zbOuvgfcWvFeigRBDBjaKye9u.AV6YzRVa','공무원','mpbs215@naver.com','01000000039','서울 은평구 불광동 8-63',SYSDATE(),'0');

 

INSERT INTO USER_INFO_TB (USER_ID, PASSWORD, USER_NAME, EMAIL, HP, ADDRESS, REGIDATE, SELLER) VALUES ('user43','$2a$10$a2Pv8fXzaEsBjXDRzm3zbOuvgfcWvFeigRBDBjaKye9u.AV6YzRVa','공무원','mpbs215@naver.com','01000000040','서울 은평구 불광동 8-63',SYSDATE(),'0');

 

INSERT INTO USER_INFO_TB (USER_ID, PASSWORD, USER_NAME, EMAIL, HP, ADDRESS, REGIDATE, SELLER) VALUES ('user44','$2a$10$a2Pv8fXzaEsBjXDRzm3zbOuvgfcWvFeigRBDBjaKye9u.AV6YzRVa','공무원','mpbs215@naver.com','01000000041','서울 은평구 불광동 8-63',SYSDATE(),'0');

 

INSERT INTO USER_INFO_TB (USER_ID, PASSWORD, USER_NAME, EMAIL, HP, ADDRESS, REGIDATE, SELLER) VALUES ('user45','$2a$10$a2Pv8fXzaEsBjXDRzm3zbOuvgfcWvFeigRBDBjaKye9u.AV6YzRVa','공무원','mpbs215@naver.com','01000000042','서울 은평구 불광동 8-63',SYSDATE(),'0');

 

INSERT INTO USER_INFO_TB (USER_ID, PASSWORD, USER_NAME, EMAIL, HP, ADDRESS, REGIDATE, SELLER) VALUES ('user46','$2a$10$a2Pv8fXzaEsBjXDRzm3zbOuvgfcWvFeigRBDBjaKye9u.AV6YzRVa','공무원','mpbs215@naver.com','01000000043','서울 은평구 불광동 8-63',SYSDATE(),'0');


INSERT INTO USER_INFO_TB (USER_ID, PASSWORD, USER_NAME, EMAIL, HP, ADDRESS, REGIDATE, SELLER) VALUES ('user47','$2a$10$a2Pv8fXzaEsBjXDRzm3zbOuvgfcWvFeigRBDBjaKye9u.AV6YzRVa','공무원','mpbs215@naver.com','01000000044','서울 은평구 불광동 8-63',SYSDATE(),'0');

 
INSERT INTO USER_INFO_TB (USER_ID, PASSWORD, USER_NAME, EMAIL, HP, ADDRESS, REGIDATE, SELLER) VALUES ('user48','$2a$10$a2Pv8fXzaEsBjXDRzm3zbOuvgfcWvFeigRBDBjaKye9u.AV6YzRVa','공무원','mpbs215@naver.com','01000000045','서울 은평구 불광동 8-63',SYSDATE(),'0');
 

INSERT INTO USER_INFO_TB (USER_ID, PASSWORD, USER_NAME, EMAIL, HP, ADDRESS, REGIDATE, SELLER) VALUES ('user49','$2a$10$a2Pv8fXzaEsBjXDRzm3zbOuvgfcWvFeigRBDBjaKye9u.AV6YzRVa','공무원','mpbs215@naver.com','01000000046','서울 은평구 불광동 8-63',SYSDATE(),'0');

 

INSERT INTO USER_INFO_TB (USER_ID, PASSWORD, USER_NAME, EMAIL, HP, ADDRESS, REGIDATE, SELLER) VALUES ('user50','$2a$10$a2Pv8fXzaEsBjXDRzm3zbOuvgfcWvFeigRBDBjaKye9u.AV6YzRVa','공무원','mpbs215@naver.com','01000000047','서울 은평구 불광동 8-63',SYSDATE(),'0');

 

INSERT INTO USER_INFO_TB (USER_ID, PASSWORD, USER_NAME, EMAIL, HP, ADDRESS, REGIDATE, SELLER) VALUES ('user51','$2a$10$a2Pv8fXzaEsBjXDRzm3zbOuvgfcWvFeigRBDBjaKye9u.AV6YzRVa','공무원','mpbs215@naver.com','01000000048','서울 은평구 불광동 8-63',SYSDATE(),'0');

 

INSERT INTO USER_INFO_TB (USER_ID, PASSWORD, USER_NAME, EMAIL, HP, ADDRESS, REGIDATE, SELLER) VALUES ('user52','$2a$10$a2Pv8fXzaEsBjXDRzm3zbOuvgfcWvFeigRBDBjaKye9u.AV6YzRVa','공무원','mpbs215@naver.com','01000000049','서울 은평구 불광동 8-63',SYSDATE(),'0');


INSERT INTO AUTHORITY_TB (USER_ID, ROLE, KEYDATA, HP) VALUES ('seller','ROLE_SELLER','0.0','0');
INSERT INTO AUTHORITY_TB (USER_ID, ROLE, KEYDATA, HP) VALUES ('user3','ROLE_USER','0.0','0');
INSERT INTO AUTHORITY_TB (USER_ID, ROLE, KEYDATA, HP) VALUES ('user4','ROLE_USER','0.0','0');
INSERT INTO AUTHORITY_TB (USER_ID, ROLE, KEYDATA, HP) VALUES ('user5','ROLE_USER','0.0','0');
INSERT INTO AUTHORITY_TB (USER_ID, ROLE, KEYDATA, HP) VALUES ('user6','ROLE_USER','0.0','0');
INSERT INTO AUTHORITY_TB (USER_ID, ROLE, KEYDATA, HP) VALUES ('user7','ROLE_USER','0.0','0');
INSERT INTO AUTHORITY_TB (USER_ID, ROLE, KEYDATA, HP) VALUES ('user8','ROLE_USER','0.0','0');
INSERT INTO AUTHORITY_TB (USER_ID, ROLE, KEYDATA, HP) VALUES ('user9','ROLE_USER','0.0','0');
INSERT INTO AUTHORITY_TB (USER_ID, ROLE, KEYDATA, HP) VALUES ('user10','ROLE_USER','0.0','0');
INSERT INTO AUTHORITY_TB (USER_ID, ROLE, KEYDATA, HP) VALUES ('user11','ROLE_USER','0.0','0');
INSERT INTO AUTHORITY_TB (USER_ID, ROLE, KEYDATA, HP) VALUES ('user12','ROLE_USER','0.0','0');
INSERT INTO AUTHORITY_TB (USER_ID, ROLE, KEYDATA, HP) VALUES ('user13','ROLE_USER','0.0','0');
INSERT INTO AUTHORITY_TB (USER_ID, ROLE, KEYDATA, HP) VALUES ('user14','ROLE_USER','0.0','0');
INSERT INTO AUTHORITY_TB (USER_ID, ROLE, KEYDATA, HP) VALUES ('user15','ROLE_USER','0.0','0');
INSERT INTO AUTHORITY_TB (USER_ID, ROLE, KEYDATA, HP) VALUES ('user16','ROLE_USER','0.0','0');
INSERT INTO AUTHORITY_TB (USER_ID, ROLE, KEYDATA, HP) VALUES ('user17','ROLE_USER','0.0','0');
INSERT INTO AUTHORITY_TB (USER_ID, ROLE, KEYDATA, HP) VALUES ('user18','ROLE_USER','0.0','0');
INSERT INTO AUTHORITY_TB (USER_ID, ROLE, KEYDATA, HP) VALUES ('user19','ROLE_USER','0.0','0');
INSERT INTO AUTHORITY_TB (USER_ID, ROLE, KEYDATA, HP) VALUES ('user20','ROLE_USER','0.0','0');
INSERT INTO AUTHORITY_TB (USER_ID, ROLE, KEYDATA, HP) VALUES ('user21','ROLE_USER','0.0','0');
INSERT INTO AUTHORITY_TB (USER_ID, ROLE, KEYDATA, HP) VALUES ('user22','ROLE_USER','0.0','0');
INSERT INTO AUTHORITY_TB (USER_ID, ROLE, KEYDATA, HP) VALUES ('user23','ROLE_USER','0.0','0');
INSERT INTO AUTHORITY_TB (USER_ID, ROLE, KEYDATA, HP) VALUES ('user24','ROLE_USER','0.0','0');
INSERT INTO AUTHORITY_TB (USER_ID, ROLE, KEYDATA, HP) VALUES ('user25','ROLE_USER','0.0','0');
INSERT INTO AUTHORITY_TB (USER_ID, ROLE, KEYDATA, HP) VALUES ('user26','ROLE_USER','0.0','0');
INSERT INTO AUTHORITY_TB (USER_ID, ROLE, KEYDATA, HP) VALUES ('user27','ROLE_USER','0.0','0');
INSERT INTO AUTHORITY_TB (USER_ID, ROLE, KEYDATA, HP) VALUES ('user28','ROLE_USER','0.0','0');
INSERT INTO AUTHORITY_TB (USER_ID, ROLE, KEYDATA, HP) VALUES ('user29','ROLE_USER','0.0','0');
INSERT INTO AUTHORITY_TB (USER_ID, ROLE, KEYDATA, HP) VALUES ('user30','ROLE_USER','0.0','0');
INSERT INTO AUTHORITY_TB (USER_ID, ROLE, KEYDATA, HP) VALUES ('user31','ROLE_USER','0.0','0');
INSERT INTO AUTHORITY_TB (USER_ID, ROLE, KEYDATA, HP) VALUES ('user32','ROLE_USER','0.0','0');
INSERT INTO AUTHORITY_TB (USER_ID, ROLE, KEYDATA, HP) VALUES ('user33','ROLE_USER','0.0','0');
INSERT INTO AUTHORITY_TB (USER_ID, ROLE, KEYDATA, HP) VALUES ('user34','ROLE_USER','0.0','0');
INSERT INTO AUTHORITY_TB (USER_ID, ROLE, KEYDATA, HP) VALUES ('user35','ROLE_USER','0.0','0');
INSERT INTO AUTHORITY_TB (USER_ID, ROLE, KEYDATA, HP) VALUES ('user36','ROLE_USER','0.0','0');
INSERT INTO AUTHORITY_TB (USER_ID, ROLE, KEYDATA, HP) VALUES ('user37','ROLE_USER','0.0','0');
INSERT INTO AUTHORITY_TB (USER_ID, ROLE, KEYDATA, HP) VALUES ('user38','ROLE_USER','0.0','0');
INSERT INTO AUTHORITY_TB (USER_ID, ROLE, KEYDATA, HP) VALUES ('user39','ROLE_USER','0.0','0');
INSERT INTO AUTHORITY_TB (USER_ID, ROLE, KEYDATA, HP) VALUES ('user40','ROLE_USER','0.0','0');
INSERT INTO AUTHORITY_TB (USER_ID, ROLE, KEYDATA, HP) VALUES ('user41','ROLE_USER','0.0','0');
INSERT INTO AUTHORITY_TB (USER_ID, ROLE, KEYDATA, HP) VALUES ('user42','ROLE_USER','0.0','0');
INSERT INTO AUTHORITY_TB (USER_ID, ROLE, KEYDATA, HP) VALUES ('user43','ROLE_USER','0.0','0');
INSERT INTO AUTHORITY_TB (USER_ID, ROLE, KEYDATA, HP) VALUES ('user44','ROLE_USER','0.0','0');
INSERT INTO AUTHORITY_TB (USER_ID, ROLE, KEYDATA, HP) VALUES ('user45','ROLE_USER','0.0','0');
INSERT INTO AUTHORITY_TB (USER_ID, ROLE, KEYDATA, HP) VALUES ('user46','ROLE_USER','0.0','0');
INSERT INTO AUTHORITY_TB (USER_ID, ROLE, KEYDATA, HP) VALUES ('user47','ROLE_USER','0.0','0');
INSERT INTO AUTHORITY_TB (USER_ID, ROLE, KEYDATA, HP) VALUES ('user48','ROLE_USER','0.0','0');
INSERT INTO AUTHORITY_TB (USER_ID, ROLE, KEYDATA, HP) VALUES ('user49','ROLE_USER','0.0','0');
INSERT INTO AUTHORITY_TB (USER_ID, ROLE, KEYDATA, HP) VALUES ('user50','ROLE_USER','0.0','0');
INSERT INTO AUTHORITY_TB (USER_ID, ROLE, KEYDATA, HP) VALUES ('user51','ROLE_USER','0.0','0');
INSERT INTO AUTHORITY_TB (USER_ID, ROLE, KEYDATA, HP) VALUES ('user52','ROLE_USER','0.0','0');


INSERT INTO PARK_TB (  USER_ID, PARK_NAME, PARK_ADDR, PARK_SIZE, PARK_CONTENT, PRICE) VALUES ( 'seller','연신중학교주차장','서울특별시은평구연서로33길16-32 연신중학교',3000,'연신중학교주차장','6000.0');
INSERT INTO PARK_TB (  USER_ID, PARK_NAME, PARK_ADDR, PARK_SIZE, PARK_CONTENT, PRICE) VALUES ( 'seller','메트로타워주차장','서울특별시은평구불광동311-13',3000,'메트로타워주차장','7000.0');
INSERT INTO PARK_TB (  USER_ID, PARK_NAME, PARK_ADDR, PARK_SIZE, PARK_CONTENT, PRICE) VALUES ( 'seller','연광초교주차장','서울특별시은평구연서로35길37 연광초등학교',3000,'연광초교주차장','10000.0');
INSERT INTO PARK_TB (  USER_ID, PARK_NAME, PARK_ADDR, PARK_SIZE, PARK_CONTENT, PRICE) VALUES ( 'seller','세종빌딩주차장','서울특별시은평구불광2동322-3',3000,'세종빌딩주차장','1000.0');
INSERT INTO PARK_TB (  USER_ID, PARK_NAME, PARK_ADDR, PARK_SIZE, PARK_CONTENT, PRICE) VALUES ( 'seller','범서쇼핑주차장','서울특별시은평구불광2동308-19',3000,'범서쇼핑주차장','8000.0');
INSERT INTO PARK_TB (  USER_ID, PARK_NAME, PARK_ADDR, PARK_SIZE, PARK_CONTENT, PRICE) VALUES ( 'seller','은평구립도서관주차장','서울특별시은평구통일로78가길13-84 은평구립도서관',3000,'은평구립도서관주차장','5500.0');
INSERT INTO PARK_TB (  USER_ID, PARK_NAME, PARK_ADDR, PARK_SIZE, PARK_CONTENT, PRICE) VALUES ( 'seller','대성민영주차장','서울특별시은평구통일로838-4',3000,'대성민영주차장','6000.0');
INSERT INTO PARK_TB (  USER_ID, PARK_NAME, PARK_ADDR, PARK_SIZE, PARK_CONTENT, PRICE) VALUES ( 'seller','유료민영주차장','서울특별시은평구불광로90 대호프라자아파트',3000,'유료민영주차장','7000.0');
INSERT INTO PARK_TB (  USER_ID, PARK_NAME, PARK_ADDR, PARK_SIZE, PARK_CONTENT, PRICE) VALUES ( 'seller','수양민영주차장','서울특별시은평구불광1동13-5',3000,'수양민영주차장','10000.0');
INSERT INTO PARK_TB (  USER_ID, PARK_NAME, PARK_ADDR, PARK_SIZE, PARK_CONTENT, PRICE) VALUES ( 'seller','정원빌딩주차장','서울특별시은평구연서로32길3',3000,'정원빌딩주차장','1000.0');
INSERT INTO PARK_TB (  USER_ID, PARK_NAME, PARK_ADDR, PARK_SIZE, PARK_CONTENT, PRICE) VALUES ( 'seller','유진상가앞노상공영주차장','서울특별시서대문구통일로484 유진상가',3000,'유진상가앞노상공영주차장','8000.0');
INSERT INTO PARK_TB (  USER_ID, PARK_NAME, PARK_ADDR, PARK_SIZE, PARK_CONTENT, PRICE) VALUES ( 'seller','홍제시장민영주차장','서울특별시서대문구통일로445-1',3000,'홍제시장민영주차장','5500.0');
INSERT INTO PARK_TB (  USER_ID, PARK_NAME, PARK_ADDR, PARK_SIZE, PARK_CONTENT, PRICE) VALUES ( 'seller','홍제2주차장','서울특별시서대문구통일로426',3000,'홍제2주차장','6000.0');
INSERT INTO PARK_TB (  USER_ID, PARK_NAME, PARK_ADDR, PARK_SIZE, PARK_CONTENT, PRICE) VALUES ( 'seller','홍제화인빌딩주차장','서울특별시서대문구통일로413 연세스포츠센터',3000,'홍제화인빌딩주차장','7000.0');
INSERT INTO PARK_TB (  USER_ID, PARK_NAME, PARK_ADDR, PARK_SIZE, PARK_CONTENT, PRICE) VALUES ( 'seller','대영민영주차장','서울특별시은평구통일로863-12',3000,'대영민영주차장','1000.0');
INSERT INTO PARK_TB (  USER_ID, PARK_NAME, PARK_ADDR, PARK_SIZE, PARK_CONTENT, PRICE) VALUES ( 'seller','갈현1동공영주차장','서울특별시은평구갈현로41가길16 갈현동공동주차장',3000,'갈현1동공영주차장','8000.0');
INSERT INTO PARK_TB (  USER_ID, PARK_NAME, PARK_ADDR, PARK_SIZE, PARK_CONTENT, PRICE) VALUES ( 'seller','아이레네안경민영주차장','서울특별시은평구연서로209 보성빌',3000,'아이레네안경민영주차장','5500.0');
INSERT INTO PARK_TB (  USER_ID, PARK_NAME, PARK_ADDR, PARK_SIZE, PARK_CONTENT, PRICE) VALUES ( 'seller','영진빌딩주차장','서울특별시은평구연서로137 영진빌딩',3000,'영진빌딩주차장','6000.0');
INSERT INTO PARK_TB (  USER_ID, PARK_NAME, PARK_ADDR, PARK_SIZE, PARK_CONTENT, PRICE) VALUES ( 'seller','청구성심병원외래민영주차장','서울특별시은평구갈현동404-9',2500,'청구성심병원외래민영주차장','7000.0');
INSERT INTO PARK_TB (  USER_ID, PARK_NAME, PARK_ADDR, PARK_SIZE, PARK_CONTENT, PRICE) VALUES ( 'seller','Y타운주차장','서울특별시은평구통일로855-8 연신내진원와이타운',3500,'Y타운주차장','10000.0');
INSERT INTO PARK_TB (  USER_ID, PARK_NAME, PARK_ADDR, PARK_SIZE, PARK_CONTENT, PRICE) VALUES ( 'seller','응암공영주차장','서울은평구불광천길436',4500,'응암공영주차장','1000.0');
INSERT INTO PARK_TB (  USER_ID, PARK_NAME, PARK_ADDR, PARK_SIZE, PARK_CONTENT, PRICE) VALUES ( 'seller','매바위공동주차장','서울은평구응암동747-8',3000,'매바위공동주차장','8000.0');
INSERT INTO PARK_TB (  USER_ID, PARK_NAME, PARK_ADDR, PARK_SIZE, PARK_CONTENT, PRICE) VALUES ( 'seller','응암주차장','서울은평구응암동117-24',2500,'응암주차장','5500.0');
INSERT INTO PARK_TB (  USER_ID, PARK_NAME, PARK_ADDR, PARK_SIZE, PARK_CONTENT, PRICE) VALUES ( 'seller','연송주차장','서울은평구응암로156',3500,'연송주차장','6000.0');
INSERT INTO PARK_TB (  USER_ID, PARK_NAME, PARK_ADDR, PARK_SIZE, PARK_CONTENT, PRICE) VALUES ( 'seller','남영주차장','서울은평구가좌로215',4500,'남영주차장','7000.0');
INSERT INTO PARK_TB (  USER_ID, PARK_NAME, PARK_ADDR, PARK_SIZE, PARK_CONTENT, PRICE) VALUES ( 'seller','삼일주차장','서울은평구응암로217',3000,'삼일주차장','10000.0');
INSERT INTO PARK_TB (  USER_ID, PARK_NAME, PARK_ADDR, PARK_SIZE, PARK_CONTENT, PRICE) VALUES ( 'seller','디지털미디어시티역주차장','서울은평구수색로193',2500,'디지털미디어시티역주차장','1000.0');
INSERT INTO PARK_TB (  USER_ID, PARK_NAME, PARK_ADDR, PARK_SIZE, PARK_CONTENT, PRICE) VALUES ( 'seller','지하주차장','서울은평구증산서길132',3500,'지하주차장','8000.0');
INSERT INTO PARK_TB (  USER_ID, PARK_NAME, PARK_ADDR, PARK_SIZE, PARK_CONTENT, PRICE) VALUES ( 'seller','상암1공영주차장','서울마포구성암로197',4500,'상암1공영주차장','5500.0');
INSERT INTO PARK_TB (  USER_ID, PARK_NAME, PARK_ADDR, PARK_SIZE, PARK_CONTENT, PRICE) VALUES ( 'seller','상암DMC 주차장','서울마포구상암동1145-1',3000,'상암DMC 주차장','6000.0');
INSERT INTO PARK_TB (  USER_ID, PARK_NAME, PARK_ADDR, PARK_SIZE, PARK_CONTENT, PRICE) VALUES ( 'seller','서신초등학교지하공영주차장','서울은평구신사2동193-9',2500,'서신초등학교지하공영주차장','7000.0');
INSERT INTO PARK_TB (  USER_ID, PARK_NAME, PARK_ADDR, PARK_SIZE, PARK_CONTENT, PRICE) VALUES ( 'seller','상암DDMC 주차장','서울마포구매봉산로75',3500,'상암DDMC 주차장','10000.0');
INSERT INTO PARK_TB (  USER_ID, PARK_NAME, PARK_ADDR, PARK_SIZE, PARK_CONTENT, PRICE) VALUES ( 'seller','수색역주차장','서울은평구수색로229',4500,'수색역주차장','1000.0');
INSERT INTO PARK_TB (  USER_ID, PARK_NAME, PARK_ADDR, PARK_SIZE, PARK_CONTENT, PRICE) VALUES ( 'seller','서부프라자주차장','서울서대문구응암로58',3000,'서부프라자주차장','8000.0');
INSERT INTO PARK_TB (  USER_ID, PARK_NAME, PARK_ADDR, PARK_SIZE, PARK_CONTENT, PRICE) VALUES ( 'seller','북한산성제1주차장','서울은평구대서문길24',2500,'북한산성제1주차장','5500.0');
INSERT INTO PARK_TB (  USER_ID, PARK_NAME, PARK_ADDR, PARK_SIZE, PARK_CONTENT, PRICE) VALUES ( 'seller','롯데몰은평점주차장','서울은평구통일로1050',3500,'롯데몰은평점주차장','6000.0');
INSERT INTO PARK_TB (  USER_ID, PARK_NAME, PARK_ADDR, PARK_SIZE, PARK_CONTENT, PRICE) VALUES ( 'seller','에코테라스주차장','서울은평구진관동66-9',4500,'에코테라스주차장','7000.0');
INSERT INTO PARK_TB (  USER_ID, PARK_NAME, PARK_ADDR, PARK_SIZE, PARK_CONTENT, PRICE) VALUES ( 'seller','새장골공영주차장','서울은평구통일로92다길16-23',3000,'새장골공영주차장','10000.0');
INSERT INTO PARK_TB (  USER_ID, PARK_NAME, PARK_ADDR, PARK_SIZE, PARK_CONTENT, PRICE) VALUES ( 'seller','양지주차장','서울은평구연서로28길8',2500,'양지주차장','1000.0');
INSERT INTO PARK_TB (  USER_ID, PARK_NAME, PARK_ADDR, PARK_SIZE, PARK_CONTENT, PRICE) VALUES ( 'seller','유료대조주차장','서울은평구연서로214',3500,'유료대조주차장','8000.0');
INSERT INTO PARK_TB (  USER_ID, PARK_NAME, PARK_ADDR, PARK_SIZE, PARK_CONTENT, PRICE) VALUES ( 'seller','경복궁주차장','서울종로구세종로1-57',4500,'경복궁주차장','5500.0');
INSERT INTO PARK_TB (  USER_ID, PARK_NAME, PARK_ADDR, PARK_SIZE, PARK_CONTENT, PRICE) VALUES ( 'seller','원서공원앞주차장','서울종로구와룡동3-2',3000,'원서공원앞주차장','6000.0');
INSERT INTO PARK_TB (  USER_ID, PARK_NAME, PARK_ADDR, PARK_SIZE, PARK_CONTENT, PRICE) VALUES ( 'seller','AJ파크해영회관점','서울종로구율곡로53',2500,'AJ파크해영회관점','7000.0');
INSERT INTO PARK_TB (  USER_ID, PARK_NAME, PARK_ADDR, PARK_SIZE, PARK_CONTENT, PRICE) VALUES ( 'seller','서울시립정독도서관1주차장','서울종로구소격동142-3',3500,'서울시립정독도서관1주차장','10000.0');
INSERT INTO PARK_TB (  USER_ID, PARK_NAME, PARK_ADDR, PARK_SIZE, PARK_CONTENT, PRICE) VALUES ( 'seller','서인사마당공영주차장','서울종로구인사동11길19',4500,'서인사마당공영주차장','1000.0');
INSERT INTO PARK_TB (  USER_ID, PARK_NAME, PARK_ADDR, PARK_SIZE, PARK_CONTENT, PRICE) VALUES ( 'seller','그랑서울주차장','서울종로구종로33',3000,'그랑서울주차장','8000.0');
INSERT INTO PARK_TB (  USER_ID, PARK_NAME, PARK_ADDR, PARK_SIZE, PARK_CONTENT, PRICE) VALUES ( 'seller','세종로공영주차장','서울종로구세종대로189',2500,'세종로공영주차장','5500.0');
INSERT INTO PARK_TB (  USER_ID, PARK_NAME, PARK_ADDR, PARK_SIZE, PARK_CONTENT, PRICE) VALUES ( 'seller','낙원상가옆주차장','서울종로구삼일대로428',3500,'낙원상가옆주차장','6000.0');
INSERT INTO PARK_TB (  USER_ID, PARK_NAME, PARK_ADDR, PARK_SIZE, PARK_CONTENT, PRICE) VALUES ( 'seller','국립현대미술관서울관주차장','서울종로구삼청로30',4500,'국립현대미술관서울관주차장','7000.0');
INSERT INTO PARK_TB (  USER_ID, PARK_NAME, PARK_ADDR, PARK_SIZE, PARK_CONTENT, PRICE) VALUES ( 'seller','종각공영주차장','서울종로구관철동13-22',3000,'종각공영주차장','10000.0');
INSERT INTO PARK_TB (  USER_ID, PARK_NAME, PARK_ADDR, PARK_SIZE, PARK_CONTENT, PRICE) VALUES ( 'seller','건국주차장','서울종로구인사동4길17',2500,'건국주차장','1000.0');

INSERT INTO PARK_TB (  USER_ID, PARK_NAME, PARK_ADDR, PARK_SIZE, PARK_CONTENT, PRICE) VALUES ( 'seller','신구초교공영주차장','서울특별시강남구압구정로18길28 신구초등학교','3000','신구초교공영주차장',2200.0);
INSERT INTO PARK_TB (  USER_ID, PARK_NAME, PARK_ADDR, PARK_SIZE, PARK_CONTENT, PRICE) VALUES ( 'seller','역삼문화공원공영주차장','서울특별시강남구테헤란로7길32 국기원','2000','역삼문화공원공영주차장',4600.0);
INSERT INTO PARK_TB (  USER_ID, PARK_NAME, PARK_ADDR, PARK_SIZE, PARK_CONTENT, PRICE) VALUES ( 'seller','논현초교주차장','서울특별시강남구강남대로120길33 논현초등학교','3000','논현초교주차장',7000.0);
INSERT INTO PARK_TB (  USER_ID, PARK_NAME, PARK_ADDR, PARK_SIZE, PARK_CONTENT, PRICE) VALUES ( 'seller','압구정공영주차장','서울특별시강남구압구정로161 강남관광정보센터','3000','압구정공영주차장',6000.0);
INSERT INTO PARK_TB (  USER_ID, PARK_NAME, PARK_ADDR, PARK_SIZE, PARK_CONTENT, PRICE) VALUES ( 'seller','반포대교노상공영주차장','서울특별시서초구잠원동122-1','1500','반포대교노상공영주차장',8000.0);
INSERT INTO PARK_TB (  USER_ID, PARK_NAME, PARK_ADDR, PARK_SIZE, PARK_CONTENT, PRICE) VALUES ( 'seller','사당역공영주차장','서울특별시서초구방배동506-9','4500','사당역공영주차장',4000.0);
INSERT INTO PARK_TB (  USER_ID, PARK_NAME, PARK_ADDR, PARK_SIZE, PARK_CONTENT, PRICE) VALUES ( 'seller','교대역동측공영주차장','서울특별시서초구서초1동1673-7','2500','교대역동측공영주차장',2000.0);
INSERT INTO PARK_TB (  USER_ID, PARK_NAME, PARK_ADDR, PARK_SIZE, PARK_CONTENT, PRICE) VALUES ( 'seller','격동민영주차장','서울특별시서초구서초대로73길30 서초성우빌리지','3000','격동민영주차장',1000.0);
INSERT INTO PARK_TB (  USER_ID, PARK_NAME, PARK_ADDR, PARK_SIZE, PARK_CONTENT, PRICE) VALUES ( 'seller','무궁화공영주차장','서울특별시서초구서초대로54길45 서초구립중앙노인복지관','2000','무궁화공영주차장',1200.0);
INSERT INTO PARK_TB (  USER_ID, PARK_NAME, PARK_ADDR, PARK_SIZE, PARK_CONTENT, PRICE) VALUES ( 'seller','파스텔시티주차장','서울특별시서초구방배천로11 SK리더스뷰','3000','파스텔시티주차장',5000.0);
INSERT INTO PARK_TB (  USER_ID, PARK_NAME, PARK_ADDR, PARK_SIZE, PARK_CONTENT, PRICE) VALUES ( 'seller','연구비주차빌딩주차장','서울특별시서초구강남대로83길55 언구비주차빌딩','2500','연구비주차빌딩주차장',6000.0);
INSERT INTO PARK_TB (  USER_ID, PARK_NAME, PARK_ADDR, PARK_SIZE, PARK_CONTENT, PRICE) VALUES ( 'seller','청계산청룡공영주차장','서울특별시서초구신원동224-3','2500','청계산청룡공영주차장',6500.0);
INSERT INTO PARK_TB (  USER_ID, PARK_NAME, PARK_ADDR, PARK_SIZE, PARK_CONTENT, PRICE) VALUES ( 'seller','여의도63빌딩앞공영주차장','서울특별시영등포구여의도동86-5','2500','여의도63빌딩앞공영주차장',7600.0);
INSERT INTO PARK_TB (  USER_ID, PARK_NAME, PARK_ADDR, PARK_SIZE, PARK_CONTENT, PRICE) VALUES ( 'seller','영등포동제3주차장','서울특별시영등포구영중로15 타임스퀘어','2500','영등포동제3주차장',5400.0);
INSERT INTO PARK_TB (  USER_ID, PARK_NAME, PARK_ADDR, PARK_SIZE, PARK_CONTENT, PRICE) VALUES ( 'seller','여의도공원앞1노상공영주차장','서울특별시영등포구여의도동2-11','2500','여의도공원앞1노상공영주차장',3300.0);
INSERT INTO PARK_TB (  USER_ID, PARK_NAME, PARK_ADDR, PARK_SIZE, PARK_CONTENT, PRICE) VALUES ( 'seller','양화당산철교밑노상공영주차장','서울특별시영등포구당산2동95-5','2500','양화당산철교밑노상공영주차장',2200.0);
INSERT INTO PARK_TB (  USER_ID, PARK_NAME, PARK_ADDR, PARK_SIZE, PARK_CONTENT, PRICE) VALUES ( 'seller','도림초교공영주차장','서울특별시영등포구가마산로65길22','2500','도림초교공영주차장',1000.0);
INSERT INTO PARK_TB (  USER_ID, PARK_NAME, PARK_ADDR, PARK_SIZE, PARK_CONTENT, PRICE) VALUES ( 'seller','콘래드서울호텔주차장','서울특별시영등포구국제금융로10 서울국제금융센터','2500','콘래드서울호텔주차장',2300.0);
INSERT INTO PARK_TB (  USER_ID, PARK_NAME, PARK_ADDR, PARK_SIZE, PARK_CONTENT, PRICE) VALUES ( 'seller','한강진역공영주차장','서울특별시용산구한남동728-27','2500','한강진역공영주차장',4000.0);
INSERT INTO PARK_TB (  USER_ID, PARK_NAME, PARK_ADDR, PARK_SIZE, PARK_CONTENT, PRICE) VALUES ( 'seller','아이파크몰주차장','서울특별시용산구한강대로23길55 용산민자역사','2500','아이파크몰주차장',5500.0);
INSERT INTO PARK_TB (  USER_ID, PARK_NAME, PARK_ADDR, PARK_SIZE, PARK_CONTENT, PRICE) VALUES ( 'seller','종합행정타운주차장','서울특별시용산구녹사평대로150 용산구종합행정타운','2500','종합행정타운주차장',6600.0);
INSERT INTO PARK_TB (  USER_ID, PARK_NAME, PARK_ADDR, PARK_SIZE, PARK_CONTENT, PRICE) VALUES ( 'seller','이태원주차장','서울특별시용산구이태원동127-36','2500','이태원주차장',7000.0);
INSERT INTO PARK_TB (  USER_ID, PARK_NAME, PARK_ADDR, PARK_SIZE, PARK_CONTENT, PRICE) VALUES ( 'seller','해방촌공영주차장','서울특별시용산구소월로20길56 해방공영주차장','3000','해방촌공영주차장',2300.0);
INSERT INTO PARK_TB (  USER_ID, PARK_NAME, PARK_ADDR, PARK_SIZE, PARK_CONTENT, PRICE) VALUES ( 'seller','남산도서관주차장','서울특별시용산구소월로109 남산도서관','3000','남산도서관주차장',2300.0);
INSERT INTO PARK_TB (  USER_ID, PARK_NAME, PARK_ADDR, PARK_SIZE, PARK_CONTENT, PRICE) VALUES ( 'seller','창동역공영주차장','서울특별시도봉구마들로11길74 플랫폼창동61','3000','창동역공영주차장',2300.0);
INSERT INTO PARK_TB (  USER_ID, PARK_NAME, PARK_ADDR, PARK_SIZE, PARK_CONTENT, PRICE) VALUES ( 'seller','문화주차장','서울특별시강서구개화동로420 토우주유소','3000','문화주차장',2300.0);
INSERT INTO PARK_TB (  USER_ID, PARK_NAME, PARK_ADDR, PARK_SIZE, PARK_CONTENT, PRICE) VALUES ( 'seller','개화역환승공영주차장','서울특별시강서구개화동로8길17','3000','개화역환승공영주차장',2300.0);
INSERT INTO PARK_TB (  USER_ID, PARK_NAME, PARK_ADDR, PARK_SIZE, PARK_CONTENT, PRICE) VALUES ( 'seller','중곡초교공영주차장','서울특별시중랑구면목로23길20 중곡초등학교','3000','중곡초교공영주차장',2300.0);
INSERT INTO PARK_TB (  USER_ID, PARK_NAME, PARK_ADDR, PARK_SIZE, PARK_CONTENT, PRICE) VALUES ( 'seller','동대문공영주차장','서울특별시중구마장로22 유어스(서울패션센터)','3000','동대문공영주차장',2300.0);
INSERT INTO PARK_TB (  USER_ID, PARK_NAME, PARK_ADDR, PARK_SIZE, PARK_CONTENT, PRICE) VALUES ( 'seller','탄천공영주차장','서울특별시송파구탄천동로36 ','3000','탄천공영주차장',2300.0);
INSERT INTO PARK_TB (  USER_ID, PARK_NAME, PARK_ADDR, PARK_SIZE, PARK_CONTENT, PRICE) VALUES ( 'seller','오이도공영주차장','경기도시흥시정왕동2019-7','2500','오이도공영주차장',2000.0);
INSERT INTO PARK_TB (  USER_ID, PARK_NAME, PARK_ADDR, PARK_SIZE, PARK_CONTENT, PRICE) VALUES ( 'seller','마관광장공영주차장','경기도시흥시군자천로332','1500','마관광장공영주차장',2000.0);
INSERT INTO PARK_TB (  USER_ID, PARK_NAME, PARK_ADDR, PARK_SIZE, PARK_CONTENT, PRICE) VALUES ( 'seller','삼미상가노상공영주차장','경기도시흥시삼미시장1길19 신천실로암교회','3000','삼미상가노상공영주차장',2000.0);
INSERT INTO PARK_TB (  USER_ID, PARK_NAME, PARK_ADDR, PARK_SIZE, PARK_CONTENT, PRICE) VALUES ( 'seller','정왕역1공영주차장','경기도시흥시정왕동2318-2','1000','정왕역1공영주차장',2000.0);
INSERT INTO PARK_TB (  USER_ID, PARK_NAME, PARK_ADDR, PARK_SIZE, PARK_CONTENT, PRICE) VALUES ( 'seller','여성회관앞공영주차장','경기도시흥시정왕동1799-4','2000','여성회관앞공영주차장',2000.0);
INSERT INTO PARK_TB (  USER_ID, PARK_NAME, PARK_ADDR, PARK_SIZE, PARK_CONTENT, PRICE) VALUES ( 'seller','평촌아트홀주차장','경기도안양시동안구호계동','2000','평촌아트홀주차장',2000.0);
INSERT INTO PARK_TB (  USER_ID, PARK_NAME, PARK_ADDR, PARK_SIZE, PARK_CONTENT, PRICE) VALUES ( 'seller','안양과천교육지원청주차장','경기도안양시동안구관양동','4000','안양과천교육지원청주차장',2000.0);
INSERT INTO PARK_TB (  USER_ID, PARK_NAME, PARK_ADDR, PARK_SIZE, PARK_CONTENT, PRICE) VALUES ( 'seller','경인교육대학교경기캠퍼스주차장','경기도안양시만안구석수동','3000','경인교육대학교경기캠퍼스주차장',2000.0);
INSERT INTO PARK_TB (  USER_ID, PARK_NAME, PARK_ADDR, PARK_SIZE, PARK_CONTENT, PRICE) VALUES ( 'seller','보정공영주차장','경기도용인시기흥구보정동1180','5000','보정공영주차장',2000.0);
INSERT INTO PARK_TB (  USER_ID, PARK_NAME, PARK_ADDR, PARK_SIZE, PARK_CONTENT, PRICE) VALUES ( 'seller','수지구공영주차장','경기도용인시수지구포은대로435 수지구청','2500','수지구공영주차장',2000.0);
INSERT INTO PARK_TB (  USER_ID, PARK_NAME, PARK_ADDR, PARK_SIZE, PARK_CONTENT, PRICE) VALUES ( 'seller','동백호수공원주차장','경기도용인시기흥구동백5로12','4000','동백호수공원주차장',2000.0);
INSERT INTO PARK_TB (  USER_ID, PARK_NAME, PARK_ADDR, PARK_SIZE, PARK_CONTENT, PRICE) VALUES ( 'seller','구성역주차장','경기도용인시기흥구용구대로2403 구성역','3500','구성역주차장',2000.0);
INSERT INTO PARK_TB (  USER_ID, PARK_NAME, PARK_ADDR, PARK_SIZE, PARK_CONTENT, PRICE) VALUES ( 'seller','Herma주차빌딩민영주차장','경기도용인시기흥구보정동1344','1500','Herma주차빌딩민영주차장',2000.0);
INSERT INTO PARK_TB (  USER_ID, PARK_NAME, PARK_ADDR, PARK_SIZE, PARK_CONTENT, PRICE) VALUES ( 'seller','가평시시설관리공단공영주차장','경기가평군가평읍석봉로181','1000','가평시시설관리공단공영주차장',2000.0);
INSERT INTO PARK_TB (  USER_ID, PARK_NAME, PARK_ADDR, PARK_SIZE, PARK_CONTENT, PRICE) VALUES ( 'seller','한빛공영주차장','경기도화성시동탄중심상가2길21 지하주차장33호','1000','한빛공영주차장',2000.0);
INSERT INTO PARK_TB (  USER_ID, PARK_NAME, PARK_ADDR, PARK_SIZE, PARK_CONTENT, PRICE) VALUES ( 'seller','진안공영주차장','경기도화성시병점동로110-4','2500','진안공영주차장',2000.0);
INSERT INTO PARK_TB (  USER_ID, PARK_NAME, PARK_ADDR, PARK_SIZE, PARK_CONTENT, PRICE) VALUES ( 'seller','SRT동탄역주차장','경기도화성시오산동967-1278','1500','SRT동탄역주차장',2000.0);
INSERT INTO PARK_TB (  USER_ID, PARK_NAME, PARK_ADDR, PARK_SIZE, PARK_CONTENT, PRICE) VALUES ( 'seller','제부도해수욕장임시공영주차장','경기도화성시서신면제부리190-198','2500','제부도해수욕장임시공영주차장',2000.0);
INSERT INTO PARK_TB (  USER_ID, PARK_NAME, PARK_ADDR, PARK_SIZE, PARK_CONTENT, PRICE) VALUES ( 'seller','별빛정원우주','경기도이천시마장면덕이로154번길287-76 ','3000','별빛정원우주',2000.0);
INSERT INTO PARK_TB (  USER_ID, PARK_NAME, PARK_ADDR, PARK_SIZE, PARK_CONTENT, PRICE) VALUES ( 'seller','관고전통시장입구앞노상공영주차장','경기도이천시관고동30','1500','관고전통시장입구앞노상공영주차장',2000.0);

INSERT INTO PARK_TB (  USER_ID, PARK_NAME, PARK_ADDR, PARK_SIZE, PARK_CONTENT, PRICE) VALUES ( 'seller','광교공영주차장','경기도수원시장안구광교산로160 ','3500','광교공영주차장',2000.0);
INSERT INTO PARK_TB (  USER_ID, PARK_NAME, PARK_ADDR, PARK_SIZE, PARK_CONTENT, PRICE) VALUES ( 'seller','시청부설주차장','경기도수원시팔달구효원로241','3500','시청부설주차장',2000.0);
INSERT INTO PARK_TB (  USER_ID, PARK_NAME, PARK_ADDR, PARK_SIZE, PARK_CONTENT, PRICE) VALUES ( 'seller','AK PLAZA 수원점주차장','경기도수원시팔달구덕영대로924 AK플라자','4500','AK PLAZA 수원점주차장',2000.0);
INSERT INTO PARK_TB (  USER_ID, PARK_NAME, PARK_ADDR, PARK_SIZE, PARK_CONTENT, PRICE) VALUES ( 'seller','성대환승공영주차장','경기도수원시장안구덕영대로417번길10','3000','성대환승공영주차장',2000.0);
INSERT INTO PARK_TB (  USER_ID, PARK_NAME, PARK_ADDR, PARK_SIZE, PARK_CONTENT, PRICE) VALUES ( 'seller','영통우체국노상공영주차장','경기도수원시영통구영통동1067','4000','영통우체국노상공영주차장',2000.0);
INSERT INTO PARK_TB (  USER_ID, PARK_NAME, PARK_ADDR, PARK_SIZE, PARK_CONTENT, PRICE) VALUES ( 'seller','원평1공영주차장','경기도평택시원평로28번길7','5000','원평1공영주차장',2000.0);
INSERT INTO PARK_TB (  USER_ID, PARK_NAME, PARK_ADDR, PARK_SIZE, PARK_CONTENT, PRICE) VALUES ( 'seller','통복시장공영주차장','경기도평택시통복시장로21번길14','3500','통복시장공영주차장',2000.0);
INSERT INTO PARK_TB (  USER_ID, PARK_NAME, PARK_ADDR, PARK_SIZE, PARK_CONTENT, PRICE) VALUES ( 'seller','서인동공영주차장','경기도안성시장기로69번길31','4500','서인동공영주차장',2000.0);
INSERT INTO PARK_TB (  USER_ID, PARK_NAME, PARK_ADDR, PARK_SIZE, PARK_CONTENT, PRICE) VALUES ( 'seller','공도공영주차장','경기도안성시공도읍송원길23','3500','공도공영주차장',2000.0);
INSERT INTO PARK_TB (  USER_ID, PARK_NAME, PARK_ADDR, PARK_SIZE, PARK_CONTENT, PRICE) VALUES ( 'seller','대관령주차창','강원도평창군봉평면경강로5434','2500','대관령주차창',1500.0);
INSERT INTO PARK_TB (  USER_ID, PARK_NAME, PARK_ADDR, PARK_SIZE, PARK_CONTENT, PRICE) VALUES ( 'seller','봉평주차장','강원도평창군봉평면애강나무길145','3000','봉평주차장',1500.0);
INSERT INTO PARK_TB (  USER_ID, PARK_NAME, PARK_ADDR, PARK_SIZE, PARK_CONTENT, PRICE) VALUES ( 'seller','중앙시장주차장','강원도속초시중앙로147번길16 ','2000','중앙시장주차장',1500.0);
INSERT INTO PARK_TB (  USER_ID, PARK_NAME, PARK_ADDR, PARK_SIZE, PARK_CONTENT, PRICE) VALUES ( 'seller','설악항공영주차장','강원도속초시대포동178-4','2500','설악항공영주차장',1500.0);
INSERT INTO PARK_TB (  USER_ID, PARK_NAME, PARK_ADDR, PARK_SIZE, PARK_CONTENT, PRICE) VALUES ( 'seller','한국국토정보공사고성군지사주차장','강원도고성군간성읍수성로147 한국국토정보공사고성군지사','3000','한국국토정보공사고성군지사주차장',1500.0);
INSERT INTO PARK_TB (  USER_ID, PARK_NAME, PARK_ADDR, PARK_SIZE, PARK_CONTENT, PRICE) VALUES ( 'seller','통일전망대주차장','강원도고성군현내면명호리','1500','통일전망대주차장',1500.0);
INSERT INTO PARK_TB (  USER_ID, PARK_NAME, PARK_ADDR, PARK_SIZE, PARK_CONTENT, PRICE) VALUES ( 'seller','소양강스카이워크공영주차장','강원도춘천시근화동804','3000','소양강스카이워크공영주차장',1500.0);
INSERT INTO PARK_TB (  USER_ID, PARK_NAME, PARK_ADDR, PARK_SIZE, PARK_CONTENT, PRICE) VALUES ( 'seller','춘천역주차장','강원도춘천시근화동556-1','2500','춘천역주차장',1500.0);
INSERT INTO PARK_TB (  USER_ID, PARK_NAME, PARK_ADDR, PARK_SIZE, PARK_CONTENT, PRICE) VALUES ( 'seller','원주일산공영주차장','강원원주시일산동53-44','3000','워주일산공영주차장',1500.0);
INSERT INTO PARK_TB (  USER_ID, PARK_NAME, PARK_ADDR, PARK_SIZE, PARK_CONTENT, PRICE) VALUES ( 'seller','서구공영주차장','인천광역시서구서곶로307 서구청','2500','서구공영주차장',1500.0);
INSERT INTO PARK_TB (  USER_ID, PARK_NAME, PARK_ADDR, PARK_SIZE, PARK_CONTENT, PRICE) VALUES ( 'seller','서구마전공영주차장','인천광역시서구마전로115번길12','3500','서구마전공영주차장',1500.0);
INSERT INTO PARK_TB (  USER_ID, PARK_NAME, PARK_ADDR, PARK_SIZE, PARK_CONTENT, PRICE) VALUES ( 'seller','부평시장로터리노상공영주차장','인천광역시부평구시장로45','2000','부평시장로터리노상공영주차장',1500.0);
INSERT INTO PARK_TB (  USER_ID, PARK_NAME, PARK_ADDR, PARK_SIZE, PARK_CONTENT, PRICE) VALUES ( 'seller','인천나비공원공영주차장','인천광역시부평구평천로54번길1 ','3500','인천나비공원공영주차장',1500.0);
INSERT INTO PARK_TB (  USER_ID, PARK_NAME, PARK_ADDR, PARK_SIZE, PARK_CONTENT, PRICE) VALUES ( 'seller','범이민영주차장','인천광역시부평구부평5동160-78','2500','범이민영주차장',1500.0);
INSERT INTO PARK_TB (  USER_ID, PARK_NAME, PARK_ADDR, PARK_SIZE, PARK_CONTENT, PRICE) VALUES ( 'seller','차이나타운주차장','인천광역시중구차이나타운로44번길28-12 차이나타운공영주차장','3000','차이나타운주차장',1500.0);
INSERT INTO PARK_TB (  USER_ID, PARK_NAME, PARK_ADDR, PARK_SIZE, PARK_CONTENT, PRICE) VALUES ( 'seller','주안6동제4공영주차장','인천광역시남구경인로471번길20 주안6동제4공영주차장','3000','주안6동제4공영주차장',1500.0);
INSERT INTO PARK_TB (  USER_ID, PARK_NAME, PARK_ADDR, PARK_SIZE, PARK_CONTENT, PRICE) VALUES ( 'seller','용현동제1노상공영주차장','인천광역시남구용현동91','3000','용현동제1노상공영주차장',1500.0);
INSERT INTO PARK_TB (  USER_ID, PARK_NAME, PARK_ADDR, PARK_SIZE, PARK_CONTENT, PRICE) VALUES ( 'seller','토지금고시장공영주차장','인천광역시남구용현동617-100','3000','토지금고시장공영주차장',1500.0);
INSERT INTO PARK_TB (  USER_ID, PARK_NAME, PARK_ADDR, PARK_SIZE, PARK_CONTENT, PRICE) VALUES ( 'seller','연안부두해양광장공영주차장','인천광역시중구연안부두로36 연안부두해양광장','3000','연안부두해양광장공영주차장',1500.0);
INSERT INTO PARK_TB (  USER_ID, PARK_NAME, PARK_ADDR, PARK_SIZE, PARK_CONTENT, PRICE) VALUES ( 'seller','문예회관공영주차장','인천광역시남동구구월동1408-2','3000','문예회관공영주차장',1500.0);
INSERT INTO PARK_TB (  USER_ID, PARK_NAME, PARK_ADDR, PARK_SIZE, PARK_CONTENT, PRICE) VALUES ( 'seller','로데오노상공영주차장','인천광역시남동구구월1동1409-19','2500','로데오노상공영주차장',1500.0);
INSERT INTO PARK_TB (  USER_ID, PARK_NAME, PARK_ADDR, PARK_SIZE, PARK_CONTENT, PRICE) VALUES ( 'seller','소래습지생태공원공영주차장','인천광역시남동구논현동66-85','2500','소래습지생태공원공영주차장',1500.0);
INSERT INTO PARK_TB (  USER_ID, PARK_NAME, PARK_ADDR, PARK_SIZE, PARK_CONTENT, PRICE) VALUES ( 'seller','만수복개천1 공영주차장','인천광역시남동구구월4동1324-7','2500','만수복개천1 공영주차장',1500.0);
INSERT INTO PARK_TB (  USER_ID, PARK_NAME, PARK_ADDR, PARK_SIZE, PARK_CONTENT, PRICE) VALUES ( 'seller','돌산마루2호공영유료주차장','인천광역시남동구간석동','2500','돌산마루2호공영유료주차장',1500.0);
INSERT INTO PARK_TB (  USER_ID, PARK_NAME, PARK_ADDR, PARK_SIZE, PARK_CONTENT, PRICE) VALUES ( 'seller','현대주차장','인천광역시서구오류동410','2500','현대주차장',1500.0);
INSERT INTO PARK_TB (  USER_ID, PARK_NAME, PARK_ADDR, PARK_SIZE, PARK_CONTENT, PRICE) VALUES ( 'seller','석남제1노상공영주차장','인천광역시서구길주로85','2500','석남제1노상공영주차장',1500.0);
INSERT INTO PARK_TB (  USER_ID, PARK_NAME, PARK_ADDR, PARK_SIZE, PARK_CONTENT, PRICE) VALUES ( 'seller','의성조문국사적지주차장','경상북도의성군금성면대리리378-2','2500','의성조문국사적지주차장',3200.0);
INSERT INTO PARK_TB (  USER_ID, PARK_NAME, PARK_ADDR, PARK_SIZE, PARK_CONTENT, PRICE) VALUES ( 'seller','노동공영주차장','경상북도경주시노동동12','2000','노동공영주차장',3200.0);
INSERT INTO PARK_TB (  USER_ID, PARK_NAME, PARK_ADDR, PARK_SIZE, PARK_CONTENT, PRICE) VALUES ( 'seller','안동구시장공영주차장','경상북도안동시퇴계로66','3000','안동구시장공영주차장',3200.0);
INSERT INTO PARK_TB (  USER_ID, PARK_NAME, PARK_ADDR, PARK_SIZE, PARK_CONTENT, PRICE) VALUES ( 'seller','죽도어시장공영주차장','경상북도포항시북구칠성천길141','3000','죽도어시장공영주차장',3200.0);
INSERT INTO PARK_TB (  USER_ID, PARK_NAME, PARK_ADDR, PARK_SIZE, PARK_CONTENT, PRICE) VALUES ( 'seller','가산산성진남문공영주차장','경상북도칠곡군동명면남원리625-1','3000','가산산성진남문공영주차장',3200.0);
INSERT INTO PARK_TB (  USER_ID, PARK_NAME, PARK_ADDR, PARK_SIZE, PARK_CONTENT, PRICE) VALUES ( 'seller','신경주역공영주차장','경상북도경주시건천읍화천리','3000','신경주역공영주차장',3200.0);
INSERT INTO PARK_TB (  USER_ID, PARK_NAME, PARK_ADDR, PARK_SIZE, PARK_CONTENT, PRICE) VALUES ( 'seller','대이동공영주차장','경상북도포항시남구대이로127번길12-10','3000','대이동공영주차장',3200.0);
INSERT INTO PARK_TB (  USER_ID, PARK_NAME, PARK_ADDR, PARK_SIZE, PARK_CONTENT, PRICE) VALUES ( 'seller','불국사공영주차장','경상북도경주시진현동104-17','3000','불국사공영주차장',3200.0);
INSERT INTO PARK_TB (  USER_ID, PARK_NAME, PARK_ADDR, PARK_SIZE, PARK_CONTENT, PRICE) VALUES ( 'seller','한마음광장공영주차장','경상북도울진군후포면울진대게로169-58','3000','한마음광장공영주차장',3200.0);
INSERT INTO PARK_TB (  USER_ID, PARK_NAME, PARK_ADDR, PARK_SIZE, PARK_CONTENT, PRICE) VALUES ( 'seller','신경주역주차장','경상북도경주시건천읍신경주역로80 신경주KTX역사','3000','신경주역주차장',3200.0);
INSERT INTO PARK_TB (  USER_ID, PARK_NAME, PARK_ADDR, PARK_SIZE, PARK_CONTENT, PRICE) VALUES ( 'seller','왜관남부공영주차장','경상북도칠곡군왜관읍중앙로8길10','3000','왜관남부공영주차장',3200.0);
INSERT INTO PARK_TB (  USER_ID, PARK_NAME, PARK_ADDR, PARK_SIZE, PARK_CONTENT, PRICE) VALUES ( 'seller','동빈주차장','경상북도포항시북구서동로101','3000','동빈주차장',3200.0);
INSERT INTO PARK_TB (  USER_ID, PARK_NAME, PARK_ADDR, PARK_SIZE, PARK_CONTENT, PRICE) VALUES ( 'seller','포항공항주차장','경상북도포항시남구동해면도구리280','3000','포항공항주차장',3200.0);
INSERT INTO PARK_TB (  USER_ID, PARK_NAME, PARK_ADDR, PARK_SIZE, PARK_CONTENT, PRICE) VALUES ( 'seller','창원로데오주차장','경상남도창원시성산구마디미로21번길11 주차전용상가로데오월드','3000','창원로데오주차장',3200.0);
INSERT INTO PARK_TB (  USER_ID, PARK_NAME, PARK_ADDR, PARK_SIZE, PARK_CONTENT, PRICE) VALUES ( 'seller','통제영공영주차장','경상남도통영시세병로26','3000','통제영공영주차장',3200.0);

INSERT INTO PARK_TB (  USER_ID, PARK_NAME, PARK_ADDR, PARK_SIZE, PARK_CONTENT, PRICE) VALUES ( 'seller','오도재공영주차장','경상남도함양군휴천면지리산가는길635','3000','오도재공영주차장',3200.0);
INSERT INTO PARK_TB (  USER_ID, PARK_NAME, PARK_ADDR, PARK_SIZE, PARK_CONTENT, PRICE) VALUES ( 'seller','마산공설운동장민영주차장','경상남도창원시마산회원구양덕동461','3000','마산공설운동장민영주차장',3200.0);
INSERT INTO PARK_TB (  USER_ID, PARK_NAME, PARK_ADDR, PARK_SIZE, PARK_CONTENT, PRICE) VALUES ( 'seller','하나주차장','경상남도창원시성산구상남동14-2','4000','하나주차장',3200.0);
INSERT INTO PARK_TB (  USER_ID, PARK_NAME, PARK_ADDR, PARK_SIZE, PARK_CONTENT, PRICE) VALUES ( 'seller','부산대양산캠퍼스역공영주차장','경상남도양산시물금읍범어리','2500','부산대양산캠퍼스역공영주차장',3200.0);
INSERT INTO PARK_TB (  USER_ID, PARK_NAME, PARK_ADDR, PARK_SIZE, PARK_CONTENT, PRICE) VALUES ( 'seller','대흥주차장','경상남도진주시진양호로556번길8','2500','대흥주차장',3200.0);
INSERT INTO PARK_TB (  USER_ID, PARK_NAME, PARK_ADDR, PARK_SIZE, PARK_CONTENT, PRICE) VALUES ( 'seller','원예예술촌주차장','경상남도남해군삼동면봉화리','2500','원예예술촌주차장',3200.0);
INSERT INTO PARK_TB (  USER_ID, PARK_NAME, PARK_ADDR, PARK_SIZE, PARK_CONTENT, PRICE) VALUES ( 'seller','오송K주차장','충청북도청주시흥덕구오송읍연제리837','3000','오송K주차장',2500.0);
INSERT INTO PARK_TB (  USER_ID, PARK_NAME, PARK_ADDR, PARK_SIZE, PARK_CONTENT, PRICE) VALUES ( 'seller','환승주차장','충청북도청주시흥덕구풍산로14 종합관광안내소','3000','환승주차장',2500.0);
INSERT INTO PARK_TB (  USER_ID, PARK_NAME, PARK_ADDR, PARK_SIZE, PARK_CONTENT, PRICE) VALUES ( 'seller','도담삼봉공영주차장','충청북도단양군매포읍하괴리83-3','3000','도담삼봉공영주차장',2500.0);
INSERT INTO PARK_TB (  USER_ID, PARK_NAME, PARK_ADDR, PARK_SIZE, PARK_CONTENT, PRICE) VALUES ( 'seller','단양구경시장공영주차장','충청북도단양군단양읍수변로82 단양청소년문화의집','3000','단양구경시장공영주차장',2500.0);
INSERT INTO PARK_TB (  USER_ID, PARK_NAME, PARK_ADDR, PARK_SIZE, PARK_CONTENT, PRICE) VALUES ( 'seller','백화산등산로공영주차장','충청북도청주시청원구주성동124-23','3000','백화산등산로공영주차장',2500.0);
INSERT INTO PARK_TB (  USER_ID, PARK_NAME, PARK_ADDR, PARK_SIZE, PARK_CONTENT, PRICE) VALUES ( 'seller','서문주차장','충청북도청주시상당구상당로69번길61-1','3000','서문주차장',2500.0);
INSERT INTO PARK_TB (  USER_ID, PARK_NAME, PARK_ADDR, PARK_SIZE, PARK_CONTENT, PRICE) VALUES ( 'seller','옥천공영주차타워','충청북도옥천군옥천읍금장로14','3000','옥천공영주차타워',2500.0);
INSERT INTO PARK_TB (  USER_ID, PARK_NAME, PARK_ADDR, PARK_SIZE, PARK_CONTENT, PRICE) VALUES ( 'seller','삼충로노상주차장','충청북도청주시상당구사직대로361번길17 한국산업연수원청주능력개발원','2500','삼충로노상주차장',2500.0);
INSERT INTO PARK_TB (  USER_ID, PARK_NAME, PARK_ADDR, PARK_SIZE, PARK_CONTENT, PRICE) VALUES ( 'seller','복대동대농3지구주차장','충청북도청주시흥덕구복대동288-22','2500','복대동대농3지구주차장',2500.0);
INSERT INTO PARK_TB (  USER_ID, PARK_NAME, PARK_ADDR, PARK_SIZE, PARK_CONTENT, PRICE) VALUES ( 'seller','육거리종합시장제2주차장','충청북도청주시상당구청남로2189번길26-1','2500','육거리종합시장제2주차장',2500.0);
INSERT INTO PARK_TB (  USER_ID, PARK_NAME, PARK_ADDR, PARK_SIZE, PARK_CONTENT, PRICE) VALUES ( 'seller','상당산성주차장','충청북도청주시상당구용담.명암.산성동162','2500','상당산성주차장',2500.0);
INSERT INTO PARK_TB (  USER_ID, PARK_NAME, PARK_ADDR, PARK_SIZE, PARK_CONTENT, PRICE) VALUES ( 'seller','역전시장지구공영주차장','충청북도제천시의림대로46','4500','역전시장지구공영주차장',2500.0);
INSERT INTO PARK_TB (  USER_ID, PARK_NAME, PARK_ADDR, PARK_SIZE, PARK_CONTENT, PRICE) VALUES ( 'seller','영동역유휴부지공영주차장','충청북도영동군영동읍계산로69-1 영동시설사업소','2500','영동역유휴부지공영주차장',2500.0);
INSERT INTO PARK_TB (  USER_ID, PARK_NAME, PARK_ADDR, PARK_SIZE, PARK_CONTENT, PRICE) VALUES ( 'seller','천안역서부광장공영주차장','충청남도천안시서북구천안천4길48 성정지구대','2500','천안역서부광장공영주차장',2500.0);
INSERT INTO PARK_TB (  USER_ID, PARK_NAME, PARK_ADDR, PARK_SIZE, PARK_CONTENT, PRICE) VALUES ( 'seller','안면읍황도리공영주차장','충청남도태안군안면읍황도로569-1','2500','안면읍황도리공영주차장',2500.0);
INSERT INTO PARK_TB (  USER_ID, PARK_NAME, PARK_ADDR, PARK_SIZE, PARK_CONTENT, PRICE) VALUES ( 'seller','농협은행천안시지부주차장','충청남도천안시동남구만남로24 농협중앙회신부동천안시지부회','2500','농협은행천안시지부주차장',2500.0);
INSERT INTO PARK_TB (  USER_ID, PARK_NAME, PARK_ADDR, PARK_SIZE, PARK_CONTENT, PRICE) VALUES ( 'seller','왜목관광지공영주차장','충청남도당진시석문면교로리','2500','왜목관광지공영주차장',2500.0);
INSERT INTO PARK_TB (  USER_ID, PARK_NAME, PARK_ADDR, PARK_SIZE, PARK_CONTENT, PRICE) VALUES ( 'seller','신부동우체국앞공영주차장','충청남도천안시동남구터미널8길7 신부16통경로당','2500','신부동우체국앞공영주차장',2500.0);
INSERT INTO PARK_TB (  USER_ID, PARK_NAME, PARK_ADDR, PARK_SIZE, PARK_CONTENT, PRICE) VALUES ( 'seller','활성공영주차장','충청남도서산시동문동304-2','2500','활성공영주차장',2500.0);
INSERT INTO PARK_TB (  USER_ID, PARK_NAME, PARK_ADDR, PARK_SIZE, PARK_CONTENT, PRICE) VALUES ( 'seller','구드래나루터공영주차장','충청남도부여군부여읍구교리1-1','3000','구드래나루터공영주차장',2500.0);
INSERT INTO PARK_TB (  USER_ID, PARK_NAME, PARK_ADDR, PARK_SIZE, PARK_CONTENT, PRICE) VALUES ( 'seller','온양온천시장공영주차타워','충청남도아산시충무로25','3000','온양온천시장공영주차타워',2500.0);
INSERT INTO PARK_TB (  USER_ID, PARK_NAME, PARK_ADDR, PARK_SIZE, PARK_CONTENT, PRICE) VALUES ( 'seller','태안읍공영주차장','충청남도태안군태안읍남문리','3000','태안읍공영주차장',2500.0);
INSERT INTO PARK_TB (  USER_ID, PARK_NAME, PARK_ADDR, PARK_SIZE, PARK_CONTENT, PRICE) VALUES ( 'seller','성환역민영주차장','충청남도천안시서북구성환읍성환리449-1022','3000','성환역민영주차장',2500.0);
INSERT INTO PARK_TB (  USER_ID, PARK_NAME, PARK_ADDR, PARK_SIZE, PARK_CONTENT, PRICE) VALUES ( 'seller','태화강둔치공영주차장','울산광역시남구신정동1513','2500','태화강둔치공영주차장',1500.0);
INSERT INTO PARK_TB (  USER_ID, PARK_NAME, PARK_ADDR, PARK_SIZE, PARK_CONTENT, PRICE) VALUES ( 'seller','성남둔치공영주차장','울산광역시중구성남동216','2500','성남둔치공영주차장',1500.0);
INSERT INTO PARK_TB (  USER_ID, PARK_NAME, PARK_ADDR, PARK_SIZE, PARK_CONTENT, PRICE) VALUES ( 'seller','옥교공영주차장','울산광역시중구번영로319 옥교공영주차장','2500','옥교공영주차장',1500.0);
INSERT INTO PARK_TB (  USER_ID, PARK_NAME, PARK_ADDR, PARK_SIZE, PARK_CONTENT, PRICE) VALUES ( 'seller','성남공영주차장','울산광역시중구학성로49-1','2500','성남공영주차장',1500.0);
INSERT INTO PARK_TB (  USER_ID, PARK_NAME, PARK_ADDR, PARK_SIZE, PARK_CONTENT, PRICE) VALUES ( 'seller','병영막창거리공영주차장','울산광역시중구곽남17길7-2 ','2500','병영막창거리공영주차장',1500.0);
INSERT INTO PARK_TB (  USER_ID, PARK_NAME, PARK_ADDR, PARK_SIZE, PARK_CONTENT, PRICE) VALUES ( 'seller','만인산자연휴양림주차장','대전광역시동구하소동','3000','만인산자연휴양림주차장',2000.0);
INSERT INTO PARK_TB (  USER_ID, PARK_NAME, PARK_ADDR, PARK_SIZE, PARK_CONTENT, PRICE) VALUES ( 'seller','금강11공구주차장','대전광역시유성구봉산동','2500','금강11공구주차장',2000.0);
INSERT INTO PARK_TB (  USER_ID, PARK_NAME, PARK_ADDR, PARK_SIZE, PARK_CONTENT, PRICE) VALUES ( 'seller','대청공원주차장','대전광역시대덕구미호동','3000','대청공원주차장',2000.0);
INSERT INTO PARK_TB (  USER_ID, PARK_NAME, PARK_ADDR, PARK_SIZE, PARK_CONTENT, PRICE) VALUES ( 'seller','롯데슈퍼신탄진점주차장','대전광역시대덕구신탄진동','3000','롯데슈퍼신탄진점주차장',2000.0);
INSERT INTO PARK_TB (  USER_ID, PARK_NAME, PARK_ADDR, PARK_SIZE, PARK_CONTENT, PRICE) VALUES ( 'seller','옛터민속박물관주차장','대전광역시동구하소동','2500','옛터민속박물관주차장',2000.0);
INSERT INTO PARK_TB (  USER_ID, PARK_NAME, PARK_ADDR, PARK_SIZE, PARK_CONTENT, PRICE) VALUES ( 'seller','용두산공영주차장','부산광역시중구대청로116번길3 용두산공영주차장','3000','용두산공영주차장',3000.0);
INSERT INTO PARK_TB (  USER_ID, PARK_NAME, PARK_ADDR, PARK_SIZE, PARK_CONTENT, PRICE) VALUES ( 'seller','광안리해수욕장공영주차장','부산광역시수영구남천바다로33번길75 광안공영주차장','3000','광안리해수욕장공영주차장',3000.0);
INSERT INTO PARK_TB (  USER_ID, PARK_NAME, PARK_ADDR, PARK_SIZE, PARK_CONTENT, PRICE) VALUES ( 'seller','해운대광장공영주차장','부산광역시해운대구우동620-25','3000','해운대광장공영주차장',5000.0);
INSERT INTO PARK_TB (  USER_ID, PARK_NAME, PARK_ADDR, PARK_SIZE, PARK_CONTENT, PRICE) VALUES ( 'seller','우현주차장','부산광역시강서구공항로811번길37-1','2500','우현주차장',3000.0);
INSERT INTO PARK_TB (  USER_ID, PARK_NAME, PARK_ADDR, PARK_SIZE, PARK_CONTENT, PRICE) VALUES ( 'seller','한옥마을공영주차장','전라북도전주시완산구남노송동','2500','한옥마을공영주차장',2000.0);
INSERT INTO PARK_TB (  USER_ID, PARK_NAME, PARK_ADDR, PARK_SIZE, PARK_CONTENT, PRICE) VALUES ( 'seller','선운산공원공영주차장','전라북도고창군아산면삼인리126','2500','선운산공원공영주차장',2000.0);
INSERT INTO PARK_TB (  USER_ID, PARK_NAME, PARK_ADDR, PARK_SIZE, PARK_CONTENT, PRICE) VALUES ( 'seller','국립공원채석강공영주차장','전라북도부안군변산면변산해변로1 변산반도사무소격포분소사무소','2500','국립공원채석강공영주차장',2000.0);
INSERT INTO PARK_TB (  USER_ID, PARK_NAME, PARK_ADDR, PARK_SIZE, PARK_CONTENT, PRICE) VALUES ( 'seller','순천만국가정원동문주차장','전라남도순천시국가정원1호길162-11','2500','순천만국가정원동문주차장',2000.0);
INSERT INTO PARK_TB (  USER_ID, PARK_NAME, PARK_ADDR, PARK_SIZE, PARK_CONTENT, PRICE) VALUES ( 'seller','곡성섬진강기차마을1주차장','전라남도곡성군오곡면기차마을로252-16','2500','곡성섬진강기차마을1주차장',2000.0);
INSERT INTO PARK_TB (  USER_ID, PARK_NAME, PARK_ADDR, PARK_SIZE, PARK_CONTENT, PRICE) VALUES ( 'seller','오동도공영주차타워','전라남도여수시오동도로116','2500','오동도공영주차타워',2000.0);


INSERT INTO PARK_REGIST_TB (PARK_NO, REGI_START, REGI_END) VALUES (2,STR_TO_DATE('06/24/2018', '%m/%d/%Y'),STR_TO_DATE('06/29/2018', '%m/%d/%Y'));
INSERT INTO PARK_REGIST_TB (PARK_NO, REGI_START, REGI_END) VALUES (3,STR_TO_DATE('06/24/2018', '%m/%d/%Y'),STR_TO_DATE('06/30/2018', '%m/%d/%Y'));
INSERT INTO PARK_REGIST_TB (PARK_NO, REGI_START, REGI_END) VALUES (4,STR_TO_DATE('06/25/2018', '%m/%d/%Y'),STR_TO_DATE('06/30/2018', '%m/%d/%Y'));
INSERT INTO PARK_REGIST_TB (PARK_NO, REGI_START, REGI_END) VALUES (5,STR_TO_DATE('06/26/2018', '%m/%d/%Y'),STR_TO_DATE('07/07/2018', '%m/%d/%Y'));
INSERT INTO PARK_REGIST_TB (PARK_NO, REGI_START, REGI_END) VALUES (6,STR_TO_DATE('06/27/2018', '%m/%d/%Y'),STR_TO_DATE('07/07/2018', '%m/%d/%Y'));
INSERT INTO PARK_REGIST_TB (PARK_NO, REGI_START, REGI_END) VALUES (7,STR_TO_DATE('06/28/2018', '%m/%d/%Y'),STR_TO_DATE('07/07/2018', '%m/%d/%Y'));
INSERT INTO PARK_REGIST_TB (PARK_NO, REGI_START, REGI_END) VALUES (8,STR_TO_DATE('06/29/2018', '%m/%d/%Y'),STR_TO_DATE('07/07/2018', '%m/%d/%Y'));
INSERT INTO PARK_REGIST_TB (PARK_NO, REGI_START, REGI_END) VALUES (9,STR_TO_DATE('06/30/2018', '%m/%d/%Y'),STR_TO_DATE('07/07/2018', '%m/%d/%Y'));
INSERT INTO PARK_REGIST_TB (PARK_NO, REGI_START, REGI_END) VALUES (10,STR_TO_DATE('07/01/2018', '%m/%d/%Y'),STR_TO_DATE('07/07/2018', '%m/%d/%Y'));
INSERT INTO PARK_REGIST_TB (PARK_NO, REGI_START, REGI_END) VALUES (11,STR_TO_DATE('07/02/2018', '%m/%d/%Y'),STR_TO_DATE('07/07/2018', '%m/%d/%Y'));
INSERT INTO PARK_REGIST_TB (PARK_NO, REGI_START, REGI_END) VALUES (12,STR_TO_DATE('07/03/2018', '%m/%d/%Y'),STR_TO_DATE('07/07/2018', '%m/%d/%Y'));
INSERT INTO PARK_REGIST_TB (PARK_NO, REGI_START, REGI_END) VALUES (13,STR_TO_DATE('07/04/2018', '%m/%d/%Y'),STR_TO_DATE('07/09/2018', '%m/%d/%Y'));
INSERT INTO PARK_REGIST_TB (PARK_NO, REGI_START, REGI_END) VALUES (14,STR_TO_DATE('07/05/2018', '%m/%d/%Y'),STR_TO_DATE('07/10/2018', '%m/%d/%Y'));
INSERT INTO PARK_REGIST_TB (PARK_NO, REGI_START, REGI_END) VALUES (15,STR_TO_DATE('07/06/2018', '%m/%d/%Y'),STR_TO_DATE('07/09/2018', '%m/%d/%Y'));
INSERT INTO PARK_REGIST_TB (PARK_NO, REGI_START, REGI_END) VALUES (16,STR_TO_DATE('07/07/2018', '%m/%d/%Y'),STR_TO_DATE('07/12/2018', '%m/%d/%Y'));
INSERT INTO PARK_REGIST_TB (PARK_NO, REGI_START, REGI_END) VALUES (17,STR_TO_DATE('07/08/2018', '%m/%d/%Y'),STR_TO_DATE('07/09/2018', '%m/%d/%Y'));
INSERT INTO PARK_REGIST_TB (PARK_NO, REGI_START, REGI_END) VALUES (18,STR_TO_DATE('07/09/2018', '%m/%d/%Y'),STR_TO_DATE('07/14/2018', '%m/%d/%Y'));
INSERT INTO PARK_REGIST_TB (PARK_NO, REGI_START, REGI_END) VALUES (19,STR_TO_DATE('07/10/2018', '%m/%d/%Y'),STR_TO_DATE('07/15/2018', '%m/%d/%Y'));
INSERT INTO PARK_REGIST_TB (PARK_NO, REGI_START, REGI_END) VALUES (20,STR_TO_DATE('07/11/2018', '%m/%d/%Y'),STR_TO_DATE('07/16/2018', '%m/%d/%Y'));
INSERT INTO PARK_REGIST_TB (PARK_NO, REGI_START, REGI_END) VALUES (21,STR_TO_DATE('07/12/2018', '%m/%d/%Y'),STR_TO_DATE('07/17/2018', '%m/%d/%Y'));
INSERT INTO PARK_REGIST_TB (PARK_NO, REGI_START, REGI_END) VALUES (22,STR_TO_DATE('07/13/2018', '%m/%d/%Y'),STR_TO_DATE('07/18/2018', '%m/%d/%Y'));
INSERT INTO PARK_REGIST_TB (PARK_NO, REGI_START, REGI_END) VALUES (23 ,STR_TO_DATE('07/14/2018', '%m/%d/%Y'),STR_TO_DATE('07/19/2018', '%m/%d/%Y'));
INSERT INTO PARK_REGIST_TB (PARK_NO, REGI_START, REGI_END) VALUES (24 ,STR_TO_DATE('07/15/2018', '%m/%d/%Y'),STR_TO_DATE('07/20/2018', '%m/%d/%Y'));
INSERT INTO PARK_REGIST_TB (PARK_NO, REGI_START, REGI_END) VALUES (25 ,STR_TO_DATE('07/16/2018', '%m/%d/%Y'),STR_TO_DATE('07/21/2018', '%m/%d/%Y'));
INSERT INTO PARK_REGIST_TB (PARK_NO, REGI_START, REGI_END) VALUES (26 ,STR_TO_DATE('07/17/2018', '%m/%d/%Y'),STR_TO_DATE('07/22/2018', '%m/%d/%Y'));
INSERT INTO PARK_REGIST_TB (PARK_NO, REGI_START, REGI_END) VALUES (27 ,STR_TO_DATE('07/18/2018', '%m/%d/%Y'),STR_TO_DATE('07/23/2018', '%m/%d/%Y'));
INSERT INTO PARK_REGIST_TB (PARK_NO, REGI_START, REGI_END) VALUES (28 ,STR_TO_DATE('07/19/2018', '%m/%d/%Y'),STR_TO_DATE('07/24/2018', '%m/%d/%Y'));
INSERT INTO PARK_REGIST_TB (PARK_NO, REGI_START, REGI_END) VALUES (29 ,STR_TO_DATE('07/20/2018', '%m/%d/%Y'),STR_TO_DATE('07/25/2018', '%m/%d/%Y'));
INSERT INTO PARK_REGIST_TB (PARK_NO, REGI_START, REGI_END) VALUES (30 ,STR_TO_DATE('07/21/2018', '%m/%d/%Y'),STR_TO_DATE('07/26/2018', '%m/%d/%Y'));
INSERT INTO PARK_REGIST_TB (PARK_NO, REGI_START, REGI_END) VALUES (31 ,STR_TO_DATE('07/22/2018', '%m/%d/%Y'),STR_TO_DATE('07/27/2018', '%m/%d/%Y'));
INSERT INTO PARK_REGIST_TB (PARK_NO, REGI_START, REGI_END) VALUES (32 ,STR_TO_DATE('07/23/2018', '%m/%d/%Y'),STR_TO_DATE('07/28/2018', '%m/%d/%Y'));
INSERT INTO PARK_REGIST_TB (PARK_NO, REGI_START, REGI_END) VALUES (33 ,STR_TO_DATE('07/24/2018', '%m/%d/%Y'),STR_TO_DATE('07/29/2018', '%m/%d/%Y'));
INSERT INTO PARK_REGIST_TB (PARK_NO, REGI_START, REGI_END) VALUES (34 ,STR_TO_DATE('07/25/2018', '%m/%d/%Y'),STR_TO_DATE('07/30/2018', '%m/%d/%Y'));
INSERT INTO PARK_REGIST_TB (PARK_NO, REGI_START, REGI_END) VALUES (35 ,STR_TO_DATE('07/26/2018', '%m/%d/%Y'),STR_TO_DATE('07/31/2018', '%m/%d/%Y'));
INSERT INTO PARK_REGIST_TB (PARK_NO, REGI_START, REGI_END) VALUES (36 ,STR_TO_DATE('07/27/2018', '%m/%d/%Y'),STR_TO_DATE('08/01/2018', '%m/%d/%Y'));
INSERT INTO PARK_REGIST_TB (PARK_NO, REGI_START, REGI_END) VALUES (37 ,STR_TO_DATE('07/28/2018', '%m/%d/%Y'),STR_TO_DATE('08/02/2018', '%m/%d/%Y'));
INSERT INTO PARK_REGIST_TB (PARK_NO, REGI_START, REGI_END) VALUES (38 ,STR_TO_DATE('07/29/2018', '%m/%d/%Y'),STR_TO_DATE('08/03/2018', '%m/%d/%Y'));
INSERT INTO PARK_REGIST_TB (PARK_NO, REGI_START, REGI_END) VALUES (39 ,STR_TO_DATE('07/30/2018', '%m/%d/%Y'),STR_TO_DATE('08/17/2018', '%m/%d/%Y'));
INSERT INTO PARK_REGIST_TB (PARK_NO, REGI_START, REGI_END) VALUES (40 ,STR_TO_DATE('07/31/2018', '%m/%d/%Y'),STR_TO_DATE('08/05/2018', '%m/%d/%Y'));
INSERT INTO PARK_REGIST_TB (PARK_NO, REGI_START, REGI_END) VALUES (41 ,STR_TO_DATE('08/01/2018', '%m/%d/%Y'),STR_TO_DATE('08/06/2018', '%m/%d/%Y'));
INSERT INTO PARK_REGIST_TB (PARK_NO, REGI_START, REGI_END) VALUES (42 ,STR_TO_DATE('08/02/2018', '%m/%d/%Y'),STR_TO_DATE('08/17/2018', '%m/%d/%Y'));
INSERT INTO PARK_REGIST_TB (PARK_NO, REGI_START, REGI_END) VALUES (43 ,STR_TO_DATE('08/03/2018', '%m/%d/%Y'),STR_TO_DATE('08/08/2018', '%m/%d/%Y'));
INSERT INTO PARK_REGIST_TB (PARK_NO, REGI_START, REGI_END) VALUES (44 ,STR_TO_DATE('08/04/2018', '%m/%d/%Y'),STR_TO_DATE('08/09/2018', '%m/%d/%Y'));
INSERT INTO PARK_REGIST_TB (PARK_NO, REGI_START, REGI_END) VALUES (45 ,STR_TO_DATE('08/05/2018', '%m/%d/%Y'),STR_TO_DATE('08/10/2018', '%m/%d/%Y'));
INSERT INTO PARK_REGIST_TB (PARK_NO, REGI_START, REGI_END) VALUES (46 ,STR_TO_DATE('08/06/2018', '%m/%d/%Y'),STR_TO_DATE('08/11/2018', '%m/%d/%Y'));
INSERT INTO PARK_REGIST_TB (PARK_NO, REGI_START, REGI_END) VALUES (47 ,STR_TO_DATE('08/07/2018', '%m/%d/%Y'),STR_TO_DATE('08/12/2018', '%m/%d/%Y'));
INSERT INTO PARK_REGIST_TB (PARK_NO, REGI_START, REGI_END) VALUES (48 ,STR_TO_DATE('08/08/2018', '%m/%d/%Y'),STR_TO_DATE('08/13/2018', '%m/%d/%Y'));
INSERT INTO PARK_REGIST_TB (PARK_NO, REGI_START, REGI_END) VALUES (49 ,STR_TO_DATE('08/09/2018', '%m/%d/%Y'),STR_TO_DATE('08/14/2018', '%m/%d/%Y'));
INSERT INTO PARK_REGIST_TB (PARK_NO, REGI_START, REGI_END) VALUES (50 ,STR_TO_DATE('08/10/2018', '%m/%d/%Y'),STR_TO_DATE('08/15/2018', '%m/%d/%Y'));
INSERT INTO PARK_REGIST_TB (PARK_NO, REGI_START, REGI_END) VALUES (51 ,STR_TO_DATE('08/11/2018', '%m/%d/%Y'),STR_TO_DATE('08/16/2018', '%m/%d/%Y'));
INSERT INTO PARK_REGIST_TB (PARK_NO, REGI_START, REGI_END) VALUES (52 ,STR_TO_DATE('08/12/2018', '%m/%d/%Y'),STR_TO_DATE('08/17/2018', '%m/%d/%Y'));
INSERT INTO PARK_REGIST_TB (PARK_NO, REGI_START, REGI_END) VALUES (53 ,STR_TO_DATE('06/24/2018', '%m/%d/%Y'),STR_TO_DATE('06/29/2018', '%m/%d/%Y'));
INSERT INTO PARK_REGIST_TB (PARK_NO, REGI_START, REGI_END) VALUES (54 ,STR_TO_DATE('06/24/2018', '%m/%d/%Y'),STR_TO_DATE('06/30/2018', '%m/%d/%Y'));
INSERT INTO PARK_REGIST_TB (PARK_NO, REGI_START, REGI_END) VALUES (55 ,STR_TO_DATE('06/25/2018', '%m/%d/%Y'),STR_TO_DATE('06/30/2018', '%m/%d/%Y'));
INSERT INTO PARK_REGIST_TB (PARK_NO, REGI_START, REGI_END) VALUES (56 ,STR_TO_DATE('06/26/2018', '%m/%d/%Y'),STR_TO_DATE('07/07/2018', '%m/%d/%Y'));
INSERT INTO PARK_REGIST_TB (PARK_NO, REGI_START, REGI_END) VALUES (57 ,STR_TO_DATE('06/27/2018', '%m/%d/%Y'),STR_TO_DATE('07/07/2018', '%m/%d/%Y'));
INSERT INTO PARK_REGIST_TB (PARK_NO, REGI_START, REGI_END) VALUES (58 ,STR_TO_DATE('06/28/2018', '%m/%d/%Y'),STR_TO_DATE('07/07/2018', '%m/%d/%Y'));
INSERT INTO PARK_REGIST_TB (PARK_NO, REGI_START, REGI_END) VALUES (59 ,STR_TO_DATE('06/29/2018', '%m/%d/%Y'),STR_TO_DATE('07/07/2018', '%m/%d/%Y'));
INSERT INTO PARK_REGIST_TB (PARK_NO, REGI_START, REGI_END) VALUES (60 ,STR_TO_DATE('06/30/2018', '%m/%d/%Y'),STR_TO_DATE('07/07/2018', '%m/%d/%Y'));
INSERT INTO PARK_REGIST_TB (PARK_NO, REGI_START, REGI_END) VALUES (61 ,STR_TO_DATE('07/01/2018', '%m/%d/%Y'),STR_TO_DATE('07/07/2018', '%m/%d/%Y'));
INSERT INTO PARK_REGIST_TB (PARK_NO, REGI_START, REGI_END) VALUES (62 ,STR_TO_DATE('07/02/2018', '%m/%d/%Y'),STR_TO_DATE('07/07/2018', '%m/%d/%Y'));
INSERT INTO PARK_REGIST_TB (PARK_NO, REGI_START, REGI_END) VALUES (63 ,STR_TO_DATE('07/03/2018', '%m/%d/%Y'),STR_TO_DATE('07/07/2018', '%m/%d/%Y'));
INSERT INTO PARK_REGIST_TB (PARK_NO, REGI_START, REGI_END) VALUES (64 ,STR_TO_DATE('07/04/2018', '%m/%d/%Y'),STR_TO_DATE('07/09/2018', '%m/%d/%Y'));
INSERT INTO PARK_REGIST_TB (PARK_NO, REGI_START, REGI_END) VALUES (65 ,STR_TO_DATE('07/05/2018', '%m/%d/%Y'),STR_TO_DATE('07/10/2018', '%m/%d/%Y'));
INSERT INTO PARK_REGIST_TB (PARK_NO, REGI_START, REGI_END) VALUES (66 ,STR_TO_DATE('07/06/2018', '%m/%d/%Y'),STR_TO_DATE('07/09/2018', '%m/%d/%Y'));
INSERT INTO PARK_REGIST_TB (PARK_NO, REGI_START, REGI_END) VALUES (67 ,STR_TO_DATE('07/07/2018', '%m/%d/%Y'),STR_TO_DATE('07/12/2018', '%m/%d/%Y'));
INSERT INTO PARK_REGIST_TB (PARK_NO, REGI_START, REGI_END) VALUES (68 ,STR_TO_DATE('07/08/2018', '%m/%d/%Y'),STR_TO_DATE('07/09/2018', '%m/%d/%Y'));
INSERT INTO PARK_REGIST_TB (PARK_NO, REGI_START, REGI_END) VALUES (69 ,STR_TO_DATE('07/09/2018', '%m/%d/%Y'),STR_TO_DATE('07/14/2018', '%m/%d/%Y'));
INSERT INTO PARK_REGIST_TB (PARK_NO, REGI_START, REGI_END) VALUES (70 ,STR_TO_DATE('07/10/2018', '%m/%d/%Y'),STR_TO_DATE('07/15/2018', '%m/%d/%Y'));
INSERT INTO PARK_REGIST_TB (PARK_NO, REGI_START, REGI_END) VALUES (71 ,STR_TO_DATE('07/11/2018', '%m/%d/%Y'),STR_TO_DATE('07/16/2018', '%m/%d/%Y'));
INSERT INTO PARK_REGIST_TB (PARK_NO, REGI_START, REGI_END) VALUES (72 ,STR_TO_DATE('07/12/2018', '%m/%d/%Y'),STR_TO_DATE('07/17/2018', '%m/%d/%Y'));
INSERT INTO PARK_REGIST_TB (PARK_NO, REGI_START, REGI_END) VALUES (73 ,STR_TO_DATE('07/13/2018', '%m/%d/%Y'),STR_TO_DATE('07/18/2018', '%m/%d/%Y'));
INSERT INTO PARK_REGIST_TB (PARK_NO, REGI_START, REGI_END) VALUES (74 ,STR_TO_DATE('07/14/2018', '%m/%d/%Y'),STR_TO_DATE('07/19/2018', '%m/%d/%Y'));
INSERT INTO PARK_REGIST_TB (PARK_NO, REGI_START, REGI_END) VALUES (75 ,STR_TO_DATE('07/15/2018', '%m/%d/%Y'),STR_TO_DATE('07/20/2018', '%m/%d/%Y'));
INSERT INTO PARK_REGIST_TB (PARK_NO, REGI_START, REGI_END) VALUES (76 ,STR_TO_DATE('07/16/2018', '%m/%d/%Y'),STR_TO_DATE('07/21/2018', '%m/%d/%Y'));
INSERT INTO PARK_REGIST_TB (PARK_NO, REGI_START, REGI_END) VALUES (77 ,STR_TO_DATE('07/17/2018', '%m/%d/%Y'),STR_TO_DATE('07/22/2018', '%m/%d/%Y'));
INSERT INTO PARK_REGIST_TB (PARK_NO, REGI_START, REGI_END) VALUES (78 ,STR_TO_DATE('07/18/2018', '%m/%d/%Y'),STR_TO_DATE('07/23/2018', '%m/%d/%Y'));
INSERT INTO PARK_REGIST_TB (PARK_NO, REGI_START, REGI_END) VALUES (79 ,STR_TO_DATE('07/19/2018', '%m/%d/%Y'),STR_TO_DATE('07/24/2018', '%m/%d/%Y'));
INSERT INTO PARK_REGIST_TB (PARK_NO, REGI_START, REGI_END) VALUES (80 ,STR_TO_DATE('07/20/2018', '%m/%d/%Y'),STR_TO_DATE('07/25/2018', '%m/%d/%Y'));
INSERT INTO PARK_REGIST_TB (PARK_NO, REGI_START, REGI_END) VALUES (81 ,STR_TO_DATE('07/21/2018', '%m/%d/%Y'),STR_TO_DATE('07/26/2018', '%m/%d/%Y'));
INSERT INTO PARK_REGIST_TB (PARK_NO, REGI_START, REGI_END) VALUES (82 ,STR_TO_DATE('07/22/2018', '%m/%d/%Y'),STR_TO_DATE('07/27/2018', '%m/%d/%Y'));
INSERT INTO PARK_REGIST_TB (PARK_NO, REGI_START, REGI_END) VALUES (83 ,STR_TO_DATE('07/23/2018', '%m/%d/%Y'),STR_TO_DATE('07/28/2018', '%m/%d/%Y'));
INSERT INTO PARK_REGIST_TB (PARK_NO, REGI_START, REGI_END) VALUES (84 ,STR_TO_DATE('07/24/2018', '%m/%d/%Y'),STR_TO_DATE('07/29/2018', '%m/%d/%Y'));
INSERT INTO PARK_REGIST_TB (PARK_NO, REGI_START, REGI_END) VALUES (85 ,STR_TO_DATE('07/25/2018', '%m/%d/%Y'),STR_TO_DATE('07/30/2018', '%m/%d/%Y'));
INSERT INTO PARK_REGIST_TB (PARK_NO, REGI_START, REGI_END) VALUES (86 ,STR_TO_DATE('07/26/2018', '%m/%d/%Y'),STR_TO_DATE('07/31/2018', '%m/%d/%Y'));
INSERT INTO PARK_REGIST_TB (PARK_NO, REGI_START, REGI_END) VALUES (87 ,STR_TO_DATE('07/27/2018', '%m/%d/%Y'),STR_TO_DATE('08/01/2018', '%m/%d/%Y'));
INSERT INTO PARK_REGIST_TB (PARK_NO, REGI_START, REGI_END) VALUES (88 ,STR_TO_DATE('07/28/2018', '%m/%d/%Y'),STR_TO_DATE('08/02/2018', '%m/%d/%Y'));
INSERT INTO PARK_REGIST_TB (PARK_NO, REGI_START, REGI_END) VALUES (89 ,STR_TO_DATE('07/29/2018', '%m/%d/%Y'),STR_TO_DATE('08/03/2018', '%m/%d/%Y'));
INSERT INTO PARK_REGIST_TB (PARK_NO, REGI_START, REGI_END) VALUES (90 ,STR_TO_DATE('07/30/2018', '%m/%d/%Y'),STR_TO_DATE('08/17/2018', '%m/%d/%Y'));
INSERT INTO PARK_REGIST_TB (PARK_NO, REGI_START, REGI_END) VALUES (91 ,STR_TO_DATE('07/31/2018', '%m/%d/%Y'),STR_TO_DATE('08/05/2018', '%m/%d/%Y'));
INSERT INTO PARK_REGIST_TB (PARK_NO, REGI_START, REGI_END) VALUES (92 ,STR_TO_DATE('08/01/2018', '%m/%d/%Y'),STR_TO_DATE('08/06/2018', '%m/%d/%Y'));
INSERT INTO PARK_REGIST_TB (PARK_NO, REGI_START, REGI_END) VALUES (93 ,STR_TO_DATE('08/02/2018', '%m/%d/%Y'),STR_TO_DATE('08/17/2018', '%m/%d/%Y'));
INSERT INTO PARK_REGIST_TB (PARK_NO, REGI_START, REGI_END) VALUES (94 ,STR_TO_DATE('08/03/2018', '%m/%d/%Y'),STR_TO_DATE('08/08/2018', '%m/%d/%Y'));
INSERT INTO PARK_REGIST_TB (PARK_NO, REGI_START, REGI_END) VALUES (95 ,STR_TO_DATE('08/04/2018', '%m/%d/%Y'),STR_TO_DATE('08/09/2018', '%m/%d/%Y'));
INSERT INTO PARK_REGIST_TB (PARK_NO, REGI_START, REGI_END) VALUES (96 ,STR_TO_DATE('08/05/2018', '%m/%d/%Y'),STR_TO_DATE('08/10/2018', '%m/%d/%Y'));
INSERT INTO PARK_REGIST_TB (PARK_NO, REGI_START, REGI_END) VALUES (97 ,STR_TO_DATE('08/06/2018', '%m/%d/%Y'),STR_TO_DATE('08/11/2018', '%m/%d/%Y'));
INSERT INTO PARK_REGIST_TB (PARK_NO, REGI_START, REGI_END) VALUES (98 ,STR_TO_DATE('08/07/2018', '%m/%d/%Y'),STR_TO_DATE('08/12/2018', '%m/%d/%Y'));
INSERT INTO PARK_REGIST_TB (PARK_NO, REGI_START, REGI_END) VALUES (99 ,STR_TO_DATE('08/08/2018', '%m/%d/%Y'),STR_TO_DATE('08/13/2018', '%m/%d/%Y'));
INSERT INTO PARK_REGIST_TB (PARK_NO, REGI_START, REGI_END) VALUES (100 ,STR_TO_DATE('08/09/2018', '%m/%d/%Y'),STR_TO_DATE('08/14/2018', '%m/%d/%Y'));
INSERT INTO PARK_REGIST_TB (PARK_NO, REGI_START, REGI_END) VALUES (101 ,STR_TO_DATE('08/10/2018', '%m/%d/%Y'),STR_TO_DATE('08/15/2018', '%m/%d/%Y'));
INSERT INTO PARK_REGIST_TB (PARK_NO, REGI_START, REGI_END) VALUES (102 ,STR_TO_DATE('08/11/2018', '%m/%d/%Y'),STR_TO_DATE('08/16/2018', '%m/%d/%Y'));
INSERT INTO PARK_REGIST_TB (PARK_NO, REGI_START, REGI_END) VALUES (103 ,STR_TO_DATE('08/12/2018', '%m/%d/%Y'),STR_TO_DATE('08/17/2018', '%m/%d/%Y'));
INSERT INTO PARK_REGIST_TB (PARK_NO, REGI_START, REGI_END) VALUES (104 ,STR_TO_DATE('06/24/2018', '%m/%d/%Y'),STR_TO_DATE('06/29/2018', '%m/%d/%Y'));
INSERT INTO PARK_REGIST_TB (PARK_NO, REGI_START, REGI_END) VALUES (105 ,STR_TO_DATE('06/24/2018', '%m/%d/%Y'),STR_TO_DATE('06/30/2018', '%m/%d/%Y'));
INSERT INTO PARK_REGIST_TB (PARK_NO, REGI_START, REGI_END) VALUES (106 ,STR_TO_DATE('06/25/2018', '%m/%d/%Y'),STR_TO_DATE('06/30/2018', '%m/%d/%Y'));
INSERT INTO PARK_REGIST_TB (PARK_NO, REGI_START, REGI_END) VALUES (107 ,STR_TO_DATE('06/26/2018', '%m/%d/%Y'),STR_TO_DATE('07/07/2018', '%m/%d/%Y'));
INSERT INTO PARK_REGIST_TB (PARK_NO, REGI_START, REGI_END) VALUES (108 ,STR_TO_DATE('06/27/2018', '%m/%d/%Y'),STR_TO_DATE('07/07/2018', '%m/%d/%Y'));
INSERT INTO PARK_REGIST_TB (PARK_NO, REGI_START, REGI_END) VALUES (109 ,STR_TO_DATE('06/28/2018', '%m/%d/%Y'),STR_TO_DATE('07/07/2018', '%m/%d/%Y'));
INSERT INTO PARK_REGIST_TB (PARK_NO, REGI_START, REGI_END) VALUES (110 ,STR_TO_DATE('06/29/2018', '%m/%d/%Y'),STR_TO_DATE('07/07/2018', '%m/%d/%Y'));
INSERT INTO PARK_REGIST_TB (PARK_NO, REGI_START, REGI_END) VALUES (111 ,STR_TO_DATE('06/30/2018', '%m/%d/%Y'),STR_TO_DATE('07/07/2018', '%m/%d/%Y'));
INSERT INTO PARK_REGIST_TB (PARK_NO, REGI_START, REGI_END) VALUES (112 ,STR_TO_DATE('07/01/2018', '%m/%d/%Y'),STR_TO_DATE('07/07/2018', '%m/%d/%Y'));
INSERT INTO PARK_REGIST_TB (PARK_NO, REGI_START, REGI_END) VALUES (113 ,STR_TO_DATE('07/02/2018', '%m/%d/%Y'),STR_TO_DATE('07/07/2018', '%m/%d/%Y'));
INSERT INTO PARK_REGIST_TB (PARK_NO, REGI_START, REGI_END) VALUES (114 ,STR_TO_DATE('07/03/2018', '%m/%d/%Y'),STR_TO_DATE('07/07/2018', '%m/%d/%Y'));
INSERT INTO PARK_REGIST_TB (PARK_NO, REGI_START, REGI_END) VALUES (115 ,STR_TO_DATE('07/04/2018', '%m/%d/%Y'),STR_TO_DATE('07/09/2018', '%m/%d/%Y'));
INSERT INTO PARK_REGIST_TB (PARK_NO, REGI_START, REGI_END) VALUES (116 ,STR_TO_DATE('07/05/2018', '%m/%d/%Y'),STR_TO_DATE('07/10/2018', '%m/%d/%Y'));
INSERT INTO PARK_REGIST_TB (PARK_NO, REGI_START, REGI_END) VALUES (117 ,STR_TO_DATE('07/06/2018', '%m/%d/%Y'),STR_TO_DATE('07/09/2018', '%m/%d/%Y'));
INSERT INTO PARK_REGIST_TB (PARK_NO, REGI_START, REGI_END) VALUES (118 ,STR_TO_DATE('07/07/2018', '%m/%d/%Y'),STR_TO_DATE('07/12/2018', '%m/%d/%Y'));
INSERT INTO PARK_REGIST_TB (PARK_NO, REGI_START, REGI_END) VALUES (119 ,STR_TO_DATE('07/08/2018', '%m/%d/%Y'),STR_TO_DATE('07/09/2018', '%m/%d/%Y'));
INSERT INTO PARK_REGIST_TB (PARK_NO, REGI_START, REGI_END) VALUES (120 ,STR_TO_DATE('07/09/2018', '%m/%d/%Y'),STR_TO_DATE('07/14/2018', '%m/%d/%Y'));
INSERT INTO PARK_REGIST_TB (PARK_NO, REGI_START, REGI_END) VALUES (121 ,STR_TO_DATE('07/10/2018', '%m/%d/%Y'),STR_TO_DATE('07/15/2018', '%m/%d/%Y'));
INSERT INTO PARK_REGIST_TB (PARK_NO, REGI_START, REGI_END) VALUES (122 ,STR_TO_DATE('07/11/2018', '%m/%d/%Y'),STR_TO_DATE('07/16/2018', '%m/%d/%Y'));
INSERT INTO PARK_REGIST_TB (PARK_NO, REGI_START, REGI_END) VALUES (123 ,STR_TO_DATE('07/12/2018', '%m/%d/%Y'),STR_TO_DATE('07/17/2018', '%m/%d/%Y'));
INSERT INTO PARK_REGIST_TB (PARK_NO, REGI_START, REGI_END) VALUES (124 ,STR_TO_DATE('07/13/2018', '%m/%d/%Y'),STR_TO_DATE('07/18/2018', '%m/%d/%Y'));
INSERT INTO PARK_REGIST_TB (PARK_NO, REGI_START, REGI_END) VALUES (125 ,STR_TO_DATE('07/14/2018', '%m/%d/%Y'),STR_TO_DATE('07/19/2018', '%m/%d/%Y'));
INSERT INTO PARK_REGIST_TB (PARK_NO, REGI_START, REGI_END) VALUES (126 ,STR_TO_DATE('07/15/2018', '%m/%d/%Y'),STR_TO_DATE('07/20/2018', '%m/%d/%Y'));
INSERT INTO PARK_REGIST_TB (PARK_NO, REGI_START, REGI_END) VALUES (127 ,STR_TO_DATE('07/16/2018', '%m/%d/%Y'),STR_TO_DATE('07/21/2018', '%m/%d/%Y'));
INSERT INTO PARK_REGIST_TB (PARK_NO, REGI_START, REGI_END) VALUES (128 ,STR_TO_DATE('07/17/2018', '%m/%d/%Y'),STR_TO_DATE('07/22/2018', '%m/%d/%Y'));
INSERT INTO PARK_REGIST_TB (PARK_NO, REGI_START, REGI_END) VALUES (129 ,STR_TO_DATE('07/18/2018', '%m/%d/%Y'),STR_TO_DATE('07/23/2018', '%m/%d/%Y'));
INSERT INTO PARK_REGIST_TB (PARK_NO, REGI_START, REGI_END) VALUES (130 ,STR_TO_DATE('07/19/2018', '%m/%d/%Y'),STR_TO_DATE('07/24/2018', '%m/%d/%Y'));
INSERT INTO PARK_REGIST_TB (PARK_NO, REGI_START, REGI_END) VALUES (131 ,STR_TO_DATE('07/20/2018', '%m/%d/%Y'),STR_TO_DATE('07/25/2018', '%m/%d/%Y'));
INSERT INTO PARK_REGIST_TB (PARK_NO, REGI_START, REGI_END) VALUES (132 ,STR_TO_DATE('07/21/2018', '%m/%d/%Y'),STR_TO_DATE('07/26/2018', '%m/%d/%Y'));
INSERT INTO PARK_REGIST_TB (PARK_NO, REGI_START, REGI_END) VALUES (133 ,STR_TO_DATE('07/22/2018', '%m/%d/%Y'),STR_TO_DATE('07/27/2018', '%m/%d/%Y'));
INSERT INTO PARK_REGIST_TB (PARK_NO, REGI_START, REGI_END) VALUES (134 ,STR_TO_DATE('07/23/2018', '%m/%d/%Y'),STR_TO_DATE('07/28/2018', '%m/%d/%Y'));
INSERT INTO PARK_REGIST_TB (PARK_NO, REGI_START, REGI_END) VALUES (135 ,STR_TO_DATE('07/24/2018', '%m/%d/%Y'),STR_TO_DATE('07/29/2018', '%m/%d/%Y'));
INSERT INTO PARK_REGIST_TB (PARK_NO, REGI_START, REGI_END) VALUES (136 ,STR_TO_DATE('07/25/2018', '%m/%d/%Y'),STR_TO_DATE('07/30/2018', '%m/%d/%Y'));
INSERT INTO PARK_REGIST_TB (PARK_NO, REGI_START, REGI_END) VALUES (137 ,STR_TO_DATE('07/26/2018', '%m/%d/%Y'),STR_TO_DATE('07/31/2018', '%m/%d/%Y'));
INSERT INTO PARK_REGIST_TB (PARK_NO, REGI_START, REGI_END) VALUES (138 ,STR_TO_DATE('07/27/2018', '%m/%d/%Y'),STR_TO_DATE('08/01/2018', '%m/%d/%Y'));
INSERT INTO PARK_REGIST_TB (PARK_NO, REGI_START, REGI_END) VALUES (139 ,STR_TO_DATE('07/28/2018', '%m/%d/%Y'),STR_TO_DATE('08/02/2018', '%m/%d/%Y'));
INSERT INTO PARK_REGIST_TB (PARK_NO, REGI_START, REGI_END) VALUES (140 ,STR_TO_DATE('07/29/2018', '%m/%d/%Y'),STR_TO_DATE('08/03/2018', '%m/%d/%Y'));
INSERT INTO PARK_REGIST_TB (PARK_NO, REGI_START, REGI_END) VALUES (141 ,STR_TO_DATE('07/30/2018', '%m/%d/%Y'),STR_TO_DATE('08/17/2018', '%m/%d/%Y'));
INSERT INTO PARK_REGIST_TB (PARK_NO, REGI_START, REGI_END) VALUES (142 ,STR_TO_DATE('07/31/2018', '%m/%d/%Y'),STR_TO_DATE('08/05/2018', '%m/%d/%Y'));
INSERT INTO PARK_REGIST_TB (PARK_NO, REGI_START, REGI_END) VALUES (143 ,STR_TO_DATE('08/01/2018', '%m/%d/%Y'),STR_TO_DATE('08/06/2018', '%m/%d/%Y'));
INSERT INTO PARK_REGIST_TB (PARK_NO, REGI_START, REGI_END) VALUES (144 ,STR_TO_DATE('08/02/2018', '%m/%d/%Y'),STR_TO_DATE('08/17/2018', '%m/%d/%Y'));
INSERT INTO PARK_REGIST_TB (PARK_NO, REGI_START, REGI_END) VALUES (145 ,STR_TO_DATE('08/03/2018', '%m/%d/%Y'),STR_TO_DATE('08/08/2018', '%m/%d/%Y'));
INSERT INTO PARK_REGIST_TB (PARK_NO, REGI_START, REGI_END) VALUES (146 ,STR_TO_DATE('08/04/2018', '%m/%d/%Y'),STR_TO_DATE('08/09/2018', '%m/%d/%Y'));
INSERT INTO PARK_REGIST_TB (PARK_NO, REGI_START, REGI_END) VALUES (147 ,STR_TO_DATE('08/05/2018', '%m/%d/%Y'),STR_TO_DATE('08/10/2018', '%m/%d/%Y'));
INSERT INTO PARK_REGIST_TB (PARK_NO, REGI_START, REGI_END) VALUES (148 ,STR_TO_DATE('08/06/2018', '%m/%d/%Y'),STR_TO_DATE('08/11/2018', '%m/%d/%Y'));
INSERT INTO PARK_REGIST_TB (PARK_NO, REGI_START, REGI_END) VALUES (149 ,STR_TO_DATE('08/07/2018', '%m/%d/%Y'),STR_TO_DATE('08/12/2018', '%m/%d/%Y'));
INSERT INTO PARK_REGIST_TB (PARK_NO, REGI_START, REGI_END) VALUES (150 ,STR_TO_DATE('08/08/2018', '%m/%d/%Y'),STR_TO_DATE('08/13/2018', '%m/%d/%Y'));
INSERT INTO PARK_REGIST_TB (PARK_NO, REGI_START, REGI_END) VALUES (151 ,STR_TO_DATE('08/09/2018', '%m/%d/%Y'),STR_TO_DATE('08/14/2018', '%m/%d/%Y'));
INSERT INTO PARK_REGIST_TB (PARK_NO, REGI_START, REGI_END) VALUES (152 ,STR_TO_DATE('08/10/2018', '%m/%d/%Y'),STR_TO_DATE('08/15/2018', '%m/%d/%Y'));
INSERT INTO PARK_REGIST_TB (PARK_NO, REGI_START, REGI_END) VALUES (153 ,STR_TO_DATE('08/11/2018', '%m/%d/%Y'),STR_TO_DATE('08/16/2018', '%m/%d/%Y'));
INSERT INTO PARK_REGIST_TB (PARK_NO, REGI_START, REGI_END) VALUES (154 ,STR_TO_DATE('08/12/2018', '%m/%d/%Y'),STR_TO_DATE('08/17/2018', '%m/%d/%Y'));
INSERT INTO PARK_REGIST_TB (PARK_NO, REGI_START, REGI_END) VALUES (155 ,STR_TO_DATE('06/24/2018', '%m/%d/%Y'),STR_TO_DATE('06/29/2018', '%m/%d/%Y'));
INSERT INTO PARK_REGIST_TB (PARK_NO, REGI_START, REGI_END) VALUES (156 ,STR_TO_DATE('06/24/2018', '%m/%d/%Y'),STR_TO_DATE('06/30/2018', '%m/%d/%Y'));
INSERT INTO PARK_REGIST_TB (PARK_NO, REGI_START, REGI_END) VALUES (157 ,STR_TO_DATE('06/25/2018', '%m/%d/%Y'),STR_TO_DATE('06/30/2018', '%m/%d/%Y'));
INSERT INTO PARK_REGIST_TB (PARK_NO, REGI_START, REGI_END) VALUES (158 ,STR_TO_DATE('06/26/2018', '%m/%d/%Y'),STR_TO_DATE('07/07/2018', '%m/%d/%Y'));
INSERT INTO PARK_REGIST_TB (PARK_NO, REGI_START, REGI_END) VALUES (159 ,STR_TO_DATE('06/27/2018', '%m/%d/%Y'),STR_TO_DATE('07/07/2018', '%m/%d/%Y'));
INSERT INTO PARK_REGIST_TB (PARK_NO, REGI_START, REGI_END) VALUES (160 ,STR_TO_DATE('06/28/2018', '%m/%d/%Y'),STR_TO_DATE('07/07/2018', '%m/%d/%Y'));
INSERT INTO PARK_REGIST_TB (PARK_NO, REGI_START, REGI_END) VALUES (161 ,STR_TO_DATE('06/29/2018', '%m/%d/%Y'),STR_TO_DATE('07/07/2018', '%m/%d/%Y'));
INSERT INTO PARK_REGIST_TB (PARK_NO, REGI_START, REGI_END) VALUES (162 ,STR_TO_DATE('06/30/2018', '%m/%d/%Y'),STR_TO_DATE('07/07/2018', '%m/%d/%Y'));
INSERT INTO PARK_REGIST_TB (PARK_NO, REGI_START, REGI_END) VALUES (163 ,STR_TO_DATE('07/01/2018', '%m/%d/%Y'),STR_TO_DATE('07/07/2018', '%m/%d/%Y'));
INSERT INTO PARK_REGIST_TB (PARK_NO, REGI_START, REGI_END) VALUES (164 ,STR_TO_DATE('07/02/2018', '%m/%d/%Y'),STR_TO_DATE('07/07/2018', '%m/%d/%Y'));
INSERT INTO PARK_REGIST_TB (PARK_NO, REGI_START, REGI_END) VALUES (165 ,STR_TO_DATE('07/03/2018', '%m/%d/%Y'),STR_TO_DATE('07/07/2018', '%m/%d/%Y'));
INSERT INTO PARK_REGIST_TB (PARK_NO, REGI_START, REGI_END) VALUES (166 ,STR_TO_DATE('07/04/2018', '%m/%d/%Y'),STR_TO_DATE('07/09/2018', '%m/%d/%Y'));
INSERT INTO PARK_REGIST_TB (PARK_NO, REGI_START, REGI_END) VALUES (167 ,STR_TO_DATE('07/05/2018', '%m/%d/%Y'),STR_TO_DATE('07/10/2018', '%m/%d/%Y'));
INSERT INTO PARK_REGIST_TB (PARK_NO, REGI_START, REGI_END) VALUES (168 ,STR_TO_DATE('07/06/2018', '%m/%d/%Y'),STR_TO_DATE('07/09/2018', '%m/%d/%Y'));
INSERT INTO PARK_REGIST_TB (PARK_NO, REGI_START, REGI_END) VALUES (169 ,STR_TO_DATE('07/07/2018', '%m/%d/%Y'),STR_TO_DATE('07/12/2018', '%m/%d/%Y'));
INSERT INTO PARK_REGIST_TB (PARK_NO, REGI_START, REGI_END) VALUES (170 ,STR_TO_DATE('07/08/2018', '%m/%d/%Y'),STR_TO_DATE('07/09/2018', '%m/%d/%Y'));
INSERT INTO PARK_REGIST_TB (PARK_NO, REGI_START, REGI_END) VALUES (171 ,STR_TO_DATE('07/09/2018', '%m/%d/%Y'),STR_TO_DATE('07/14/2018', '%m/%d/%Y'));
INSERT INTO PARK_REGIST_TB (PARK_NO, REGI_START, REGI_END) VALUES (172 ,STR_TO_DATE('07/10/2018', '%m/%d/%Y'),STR_TO_DATE('07/15/2018', '%m/%d/%Y'));
INSERT INTO PARK_REGIST_TB (PARK_NO, REGI_START, REGI_END) VALUES (173 ,STR_TO_DATE('07/11/2018', '%m/%d/%Y'),STR_TO_DATE('07/16/2018', '%m/%d/%Y'));
INSERT INTO PARK_REGIST_TB (PARK_NO, REGI_START, REGI_END) VALUES (174 ,STR_TO_DATE('07/12/2018', '%m/%d/%Y'),STR_TO_DATE('07/17/2018', '%m/%d/%Y'));
INSERT INTO PARK_REGIST_TB (PARK_NO, REGI_START, REGI_END) VALUES (175 ,STR_TO_DATE('07/13/2018', '%m/%d/%Y'),STR_TO_DATE('07/18/2018', '%m/%d/%Y'));
INSERT INTO PARK_REGIST_TB (PARK_NO, REGI_START, REGI_END) VALUES (176 ,STR_TO_DATE('07/14/2018', '%m/%d/%Y'),STR_TO_DATE('07/19/2018', '%m/%d/%Y'));
INSERT INTO PARK_REGIST_TB (PARK_NO, REGI_START, REGI_END) VALUES (177 ,STR_TO_DATE('07/15/2018', '%m/%d/%Y'),STR_TO_DATE('07/20/2018', '%m/%d/%Y'));
INSERT INTO PARK_REGIST_TB (PARK_NO, REGI_START, REGI_END) VALUES (178 ,STR_TO_DATE('07/16/2018', '%m/%d/%Y'),STR_TO_DATE('07/21/2018', '%m/%d/%Y'));
INSERT INTO PARK_REGIST_TB (PARK_NO, REGI_START, REGI_END) VALUES (179 ,STR_TO_DATE('07/17/2018', '%m/%d/%Y'),STR_TO_DATE('07/22/2018', '%m/%d/%Y'));
INSERT INTO PARK_REGIST_TB (PARK_NO, REGI_START, REGI_END) VALUES (180 ,STR_TO_DATE('07/18/2018', '%m/%d/%Y'),STR_TO_DATE('07/23/2018', '%m/%d/%Y'));
INSERT INTO PARK_REGIST_TB (PARK_NO, REGI_START, REGI_END) VALUES (181 ,STR_TO_DATE('07/19/2018', '%m/%d/%Y'),STR_TO_DATE('07/24/2018', '%m/%d/%Y'));
INSERT INTO PARK_REGIST_TB (PARK_NO, REGI_START, REGI_END) VALUES (182 ,STR_TO_DATE('07/20/2018', '%m/%d/%Y'),STR_TO_DATE('07/25/2018', '%m/%d/%Y'));
INSERT INTO PARK_REGIST_TB (PARK_NO, REGI_START, REGI_END) VALUES (183 ,STR_TO_DATE('07/21/2018', '%m/%d/%Y'),STR_TO_DATE('07/26/2018', '%m/%d/%Y'));
INSERT INTO PARK_REGIST_TB (PARK_NO, REGI_START, REGI_END) VALUES (184 ,STR_TO_DATE('07/22/2018', '%m/%d/%Y'),STR_TO_DATE('07/27/2018', '%m/%d/%Y'));
INSERT INTO PARK_REGIST_TB (PARK_NO, REGI_START, REGI_END) VALUES (185 ,STR_TO_DATE('07/23/2018', '%m/%d/%Y'),STR_TO_DATE('07/28/2018', '%m/%d/%Y'));
INSERT INTO PARK_REGIST_TB (PARK_NO, REGI_START, REGI_END) VALUES (186 ,STR_TO_DATE('07/24/2018', '%m/%d/%Y'),STR_TO_DATE('07/29/2018', '%m/%d/%Y'));
INSERT INTO PARK_REGIST_TB (PARK_NO, REGI_START, REGI_END) VALUES (188 ,STR_TO_DATE('07/26/2018', '%m/%d/%Y'),STR_TO_DATE('07/31/2018', '%m/%d/%Y'));
INSERT INTO PARK_REGIST_TB (PARK_NO, REGI_START, REGI_END) VALUES (189 ,STR_TO_DATE('07/27/2018', '%m/%d/%Y'),STR_TO_DATE('08/01/2018', '%m/%d/%Y'));
INSERT INTO PARK_REGIST_TB (PARK_NO, REGI_START, REGI_END) VALUES (190 ,STR_TO_DATE('07/28/2018', '%m/%d/%Y'),STR_TO_DATE('08/02/2018', '%m/%d/%Y'));
INSERT INTO PARK_REGIST_TB (PARK_NO, REGI_START, REGI_END) VALUES (191 ,STR_TO_DATE('07/29/2018', '%m/%d/%Y'),STR_TO_DATE('08/03/2018', '%m/%d/%Y'));
INSERT INTO PARK_REGIST_TB (PARK_NO, REGI_START, REGI_END) VALUES (192 ,STR_TO_DATE('07/30/2018', '%m/%d/%Y'),STR_TO_DATE('08/17/2018', '%m/%d/%Y'));
INSERT INTO PARK_REGIST_TB (PARK_NO, REGI_START, REGI_END) VALUES (193 ,STR_TO_DATE('07/31/2018', '%m/%d/%Y'),STR_TO_DATE('08/05/2018', '%m/%d/%Y'));
INSERT INTO PARK_REGIST_TB (PARK_NO, REGI_START, REGI_END) VALUES (194 ,STR_TO_DATE('08/01/2018', '%m/%d/%Y'),STR_TO_DATE('08/06/2018', '%m/%d/%Y'));
INSERT INTO PARK_REGIST_TB (PARK_NO, REGI_START, REGI_END) VALUES (195 ,STR_TO_DATE('08/02/2018', '%m/%d/%Y'),STR_TO_DATE('08/17/2018', '%m/%d/%Y'));
INSERT INTO PARK_REGIST_TB (PARK_NO, REGI_START, REGI_END) VALUES (196 ,STR_TO_DATE('08/03/2018', '%m/%d/%Y'),STR_TO_DATE('08/08/2018', '%m/%d/%Y'));
INSERT INTO PARK_REGIST_TB (PARK_NO, REGI_START, REGI_END) VALUES (197 ,STR_TO_DATE('08/04/2018', '%m/%d/%Y'),STR_TO_DATE('08/09/2018', '%m/%d/%Y'));
INSERT INTO PARK_REGIST_TB (PARK_NO, REGI_START, REGI_END) VALUES (198 ,STR_TO_DATE('08/05/2018', '%m/%d/%Y'),STR_TO_DATE('08/10/2018', '%m/%d/%Y'));
INSERT INTO PARK_REGIST_TB (PARK_NO, REGI_START, REGI_END) VALUES (199 ,STR_TO_DATE('08/06/2018', '%m/%d/%Y'),STR_TO_DATE('08/11/2018', '%m/%d/%Y'));
INSERT INTO PARK_REGIST_TB (PARK_NO, REGI_START, REGI_END) VALUES (200 ,STR_TO_DATE('08/07/2018', '%m/%d/%Y'),STR_TO_DATE('08/12/2018', '%m/%d/%Y'));


INSERT INTO CAR_TYPE_TB (PARK_NO, CAR_TYPE, MAX_CAR) VALUES (2 ,'소형',5 );
INSERT INTO CAR_TYPE_TB (PARK_NO, CAR_TYPE, MAX_CAR) VALUES (2 ,'중형',2 );
INSERT INTO CAR_TYPE_TB (PARK_NO, CAR_TYPE, MAX_CAR) VALUES (2 ,'대형',3 );
INSERT INTO CAR_TYPE_TB (PARK_NO, CAR_TYPE, MAX_CAR) VALUES (3 ,'중형',4 );
INSERT INTO CAR_TYPE_TB (PARK_NO, CAR_TYPE, MAX_CAR) VALUES (3 ,'대형',5 );
INSERT INTO CAR_TYPE_TB (PARK_NO, CAR_TYPE, MAX_CAR) VALUES (4 ,'소형',2 );
INSERT INTO CAR_TYPE_TB (PARK_NO, CAR_TYPE, MAX_CAR) VALUES (4 ,'중형',1 );
INSERT INTO CAR_TYPE_TB (PARK_NO, CAR_TYPE, MAX_CAR) VALUES (4 ,'대형',3 );
INSERT INTO CAR_TYPE_TB (PARK_NO, CAR_TYPE, MAX_CAR) VALUES (5 ,'중형',4 );
INSERT INTO CAR_TYPE_TB (PARK_NO, CAR_TYPE, MAX_CAR) VALUES (6 ,'대형',3 );
INSERT INTO CAR_TYPE_TB (PARK_NO, CAR_TYPE, MAX_CAR) VALUES (7 ,'소형',3 );
INSERT INTO CAR_TYPE_TB (PARK_NO, CAR_TYPE, MAX_CAR) VALUES (7 ,'중형',3 );
INSERT INTO CAR_TYPE_TB (PARK_NO, CAR_TYPE, MAX_CAR) VALUES (8 ,'대형',2 );
INSERT INTO CAR_TYPE_TB (PARK_NO, CAR_TYPE, MAX_CAR) VALUES (9 ,'중형',1 );
INSERT INTO CAR_TYPE_TB (PARK_NO, CAR_TYPE, MAX_CAR) VALUES (10 ,'대형',2 );
INSERT INTO CAR_TYPE_TB (PARK_NO, CAR_TYPE, MAX_CAR) VALUES (11 ,'소형',6 );
INSERT INTO CAR_TYPE_TB (PARK_NO, CAR_TYPE, MAX_CAR) VALUES (11 ,'중형',4 );
INSERT INTO CAR_TYPE_TB (PARK_NO, CAR_TYPE, MAX_CAR) VALUES (12 ,'대형',3 );
INSERT INTO CAR_TYPE_TB (PARK_NO, CAR_TYPE, MAX_CAR) VALUES (12 ,'중형',2 );
INSERT INTO CAR_TYPE_TB (PARK_NO, CAR_TYPE, MAX_CAR) VALUES (13 ,'대형',3 );
INSERT INTO CAR_TYPE_TB (PARK_NO, CAR_TYPE, MAX_CAR) VALUES (14 ,'소형',6 );
INSERT INTO CAR_TYPE_TB (PARK_NO, CAR_TYPE, MAX_CAR) VALUES (14 ,'중형',4 );
INSERT INTO CAR_TYPE_TB (PARK_NO, CAR_TYPE, MAX_CAR) VALUES (15 ,'대형',7 );
INSERT INTO CAR_TYPE_TB (PARK_NO, CAR_TYPE, MAX_CAR) VALUES (16 ,'중형',1 );
INSERT INTO CAR_TYPE_TB (PARK_NO, CAR_TYPE, MAX_CAR) VALUES (16 ,'대형',1 );
INSERT INTO CAR_TYPE_TB (PARK_NO, CAR_TYPE, MAX_CAR) VALUES (17 ,'소형',2 );
INSERT INTO CAR_TYPE_TB (PARK_NO, CAR_TYPE, MAX_CAR) VALUES (17 ,'중형',3 );
INSERT INTO CAR_TYPE_TB (PARK_NO, CAR_TYPE, MAX_CAR) VALUES (18 ,'대형',4 );
INSERT INTO CAR_TYPE_TB (PARK_NO, CAR_TYPE, MAX_CAR) VALUES (18 ,'소형',5 );
INSERT INTO CAR_TYPE_TB (PARK_NO, CAR_TYPE, MAX_CAR) VALUES (18 ,'중형',4 );
INSERT INTO CAR_TYPE_TB (PARK_NO, CAR_TYPE, MAX_CAR) VALUES (19 ,'대형',3 );
INSERT INTO CAR_TYPE_TB (PARK_NO, CAR_TYPE, MAX_CAR) VALUES (20 ,'소형',1 );
INSERT INTO CAR_TYPE_TB (PARK_NO, CAR_TYPE, MAX_CAR) VALUES (20 ,'중형',2 );
INSERT INTO CAR_TYPE_TB (PARK_NO, CAR_TYPE, MAX_CAR) VALUES (21 ,'대형',4 );
INSERT INTO CAR_TYPE_TB (PARK_NO, CAR_TYPE, MAX_CAR) VALUES (21 ,'소형',3 );
INSERT INTO CAR_TYPE_TB (PARK_NO, CAR_TYPE, MAX_CAR) VALUES (22 ,'중형',7 );
INSERT INTO CAR_TYPE_TB (PARK_NO, CAR_TYPE, MAX_CAR) VALUES (22 ,'대형',2 );
INSERT INTO CAR_TYPE_TB (PARK_NO, CAR_TYPE, MAX_CAR) VALUES (23 ,'소형',3 );
INSERT INTO CAR_TYPE_TB (PARK_NO, CAR_TYPE, MAX_CAR) VALUES (23 ,'중형',3 );
INSERT INTO CAR_TYPE_TB (PARK_NO, CAR_TYPE, MAX_CAR) VALUES (24 ,'대형',2 );
INSERT INTO CAR_TYPE_TB (PARK_NO, CAR_TYPE, MAX_CAR) VALUES (24 ,'소형',2 );
INSERT INTO CAR_TYPE_TB (PARK_NO, CAR_TYPE, MAX_CAR) VALUES (25 ,'중형',1 );
INSERT INTO CAR_TYPE_TB (PARK_NO, CAR_TYPE, MAX_CAR) VALUES (25 ,'대형',3 );
INSERT INTO CAR_TYPE_TB (PARK_NO, CAR_TYPE, MAX_CAR) VALUES (26 ,'소형',4 );
INSERT INTO CAR_TYPE_TB (PARK_NO, CAR_TYPE, MAX_CAR) VALUES (27 ,'중형',5 );
INSERT INTO CAR_TYPE_TB (PARK_NO, CAR_TYPE, MAX_CAR) VALUES (27 ,'대형',4 );
INSERT INTO CAR_TYPE_TB (PARK_NO, CAR_TYPE, MAX_CAR) VALUES (28 ,'소형',1 );
INSERT INTO CAR_TYPE_TB (PARK_NO, CAR_TYPE, MAX_CAR) VALUES (28 ,'중형',3 );
INSERT INTO CAR_TYPE_TB (PARK_NO, CAR_TYPE, MAX_CAR) VALUES (29 ,'대형',7 );
INSERT INTO CAR_TYPE_TB (PARK_NO, CAR_TYPE, MAX_CAR) VALUES (29 ,'소형',1 );
INSERT INTO CAR_TYPE_TB (PARK_NO, CAR_TYPE, MAX_CAR) VALUES (30 ,'중형',2 );
INSERT INTO CAR_TYPE_TB (PARK_NO, CAR_TYPE, MAX_CAR) VALUES (31 ,'소형',1 );
INSERT INTO CAR_TYPE_TB (PARK_NO, CAR_TYPE, MAX_CAR) VALUES (32 ,'중형',3 );
INSERT INTO CAR_TYPE_TB (PARK_NO, CAR_TYPE, MAX_CAR) VALUES (33 ,'대형',7 );
INSERT INTO CAR_TYPE_TB (PARK_NO, CAR_TYPE, MAX_CAR) VALUES (34 ,'소형',1 );
INSERT INTO CAR_TYPE_TB (PARK_NO, CAR_TYPE, MAX_CAR) VALUES (34 ,'중형',2 );
INSERT INTO CAR_TYPE_TB (PARK_NO, CAR_TYPE, MAX_CAR) VALUES (35 ,'소형',1 );
INSERT INTO CAR_TYPE_TB (PARK_NO, CAR_TYPE, MAX_CAR) VALUES (35 ,'중형',3 );
INSERT INTO CAR_TYPE_TB (PARK_NO, CAR_TYPE, MAX_CAR) VALUES (35 ,'대형',7 );
INSERT INTO CAR_TYPE_TB (PARK_NO, CAR_TYPE, MAX_CAR) VALUES (36 ,'소형',1 );
INSERT INTO CAR_TYPE_TB (PARK_NO, CAR_TYPE, MAX_CAR) VALUES (37 ,'중형',2 );
INSERT INTO CAR_TYPE_TB (PARK_NO, CAR_TYPE, MAX_CAR) VALUES (38 ,'소형',1 );
INSERT INTO CAR_TYPE_TB (PARK_NO, CAR_TYPE, MAX_CAR) VALUES (38 ,'중형',3 );
INSERT INTO CAR_TYPE_TB (PARK_NO, CAR_TYPE, MAX_CAR) VALUES (39 ,'대형',7 );
INSERT INTO CAR_TYPE_TB (PARK_NO, CAR_TYPE, MAX_CAR) VALUES (39 ,'소형',1 );
INSERT INTO CAR_TYPE_TB (PARK_NO, CAR_TYPE, MAX_CAR) VALUES (40 ,'중형',2 );
INSERT INTO CAR_TYPE_TB (PARK_NO, CAR_TYPE, MAX_CAR) VALUES (41 ,'소형',1 );
INSERT INTO CAR_TYPE_TB (PARK_NO, CAR_TYPE, MAX_CAR) VALUES (42 ,'중형',3 );
INSERT INTO CAR_TYPE_TB (PARK_NO, CAR_TYPE, MAX_CAR) VALUES (42 ,'대형',7 );
INSERT INTO CAR_TYPE_TB (PARK_NO, CAR_TYPE, MAX_CAR) VALUES (43 ,'소형',1 );
INSERT INTO CAR_TYPE_TB (PARK_NO, CAR_TYPE, MAX_CAR) VALUES (43 ,'중형',2 );
INSERT INTO CAR_TYPE_TB (PARK_NO, CAR_TYPE, MAX_CAR) VALUES (44 ,'소형',1 );
INSERT INTO CAR_TYPE_TB (PARK_NO, CAR_TYPE, MAX_CAR) VALUES (45 ,'중형',3 );
INSERT INTO CAR_TYPE_TB (PARK_NO, CAR_TYPE, MAX_CAR) VALUES (45 ,'대형',7 );
INSERT INTO CAR_TYPE_TB (PARK_NO, CAR_TYPE, MAX_CAR) VALUES (46 ,'소형',1 );
INSERT INTO CAR_TYPE_TB (PARK_NO, CAR_TYPE, MAX_CAR) VALUES (47 ,'중형',2 );
INSERT INTO CAR_TYPE_TB (PARK_NO, CAR_TYPE, MAX_CAR) VALUES (48 ,'소형',1 );
INSERT INTO CAR_TYPE_TB (PARK_NO, CAR_TYPE, MAX_CAR) VALUES (48 ,'중형',3 );
INSERT INTO CAR_TYPE_TB (PARK_NO, CAR_TYPE, MAX_CAR) VALUES (48 ,'대형',7 );
INSERT INTO CAR_TYPE_TB (PARK_NO, CAR_TYPE, MAX_CAR) VALUES (49 ,'소형',1 );
INSERT INTO CAR_TYPE_TB (PARK_NO, CAR_TYPE, MAX_CAR) VALUES (50 ,'중형',2 );
INSERT INTO CAR_TYPE_TB (PARK_NO, CAR_TYPE, MAX_CAR) VALUES (51 ,'대형',7 );


INSERT INTO terms_tb(terms_sub,terms_content) VALUES( '제 1 장 총칙 제 1조(목적)','
본 약관은 P.P.L이 운영하는 웹 사이트 (http://xxx.xxx.xxx)의 제반 서비스의 이용조건 및 절차에 관한 사항 및 기타 필요한 사항을 규정함을 목적으로 한다.
');

INSERT INTO terms_tb(terms_sub,terms_content) VALUES( '제 2 조 (용어의 정의)','본 약관에서 사용하는 용어는 다음과 같이 정의한다.
①회원 : 기본 회원 정보를 입력하였고, 회사와 서비스 이용계약을 체결하여 아이디를 부여받은 개인
②아이디(ID) : 회원식별과 회원의 서비스 이용을 위해 회원이 선정하고 회사가 승인하는 문자와 숫자의 조합
③비밀번호(Password) : 회원이 통신상의 자신의 비밀을 보호하기 위해 선정한 문자와 숫자의 조합
④해지 : 회사 또는 회원에 의한 이용계약의 종료
');
INSERT INTO terms_tb(terms_sub,terms_content) VALUES( '제 3 조 (약관의 공시 및 효력과 변경)','
①본 약관은 회원가입 화면에 게시하여 공시하며 회사는 사정변경 및 영업상 중요한 사유가 있을 경우 약관을 변경할 수 있으며 변경된 약관은 공지사항을 통해 공시한다
②본 약관 및 차후 회사사정에 따라 변경된 약관은 이용자에게 공시함으로써 효력을 발생한다.
');
INSERT INTO terms_tb(terms_sub,terms_content) VALUES( '제 4 조 (약관 외 준칙)','
본 약관에 명시되지 않은 사항이 전기통신기본법, 전기통신사업법, 정보통신촉진법, ‘전자상거래등에서의 소비자 보호에 관한 법률’, ‘약관의 규제에관한법률’, ‘전자거래기본법’, ‘전자서명법’, ‘정보통신망 이용촉진등에 관한 법률’, ‘소비자보호법’ 등 기타 관계 법령에 규정되어 있을 경우에는 그 규정을 따르도록 한다.
');

INSERT INTO terms_tb(terms_sub,terms_content) VALUES( '제 5 조 (이용신청)','
①이용신청자가 회원가입 안내에서 본 약관과 개인정보보호정책에 동의하고 등록절차(회사의 소정 양식의 가입 신청서 작성)를 거쳐 확인 버튼을 누르면 이용신청을 할 수 있다.
②이용신청자는 반드시 실명과 실제 정보를 사용해야 하며 1개의 생년월일에 대하여 1건의 이용신청을 할 수 있다.
③실명이나 실제 정보를 입력하지 않은 이용자는 법적인 보호를 받을 수 없으며, 서비스 이용에 제한을 받을 수 있다.
');
INSERT INTO terms_tb(terms_sub,terms_content) VALUES( '
제 6 조 (이용신청의 승낙)','
①회사는 제5조에 따른 이용신청자에 대하여 제2항 및 제3항의 경우를 예외로 하여 서비스 이용을 승낙한다.
②회사는 아래 사항에 해당하는 경우에 그 제한사유가 해소될 때까지 승낙을 유보할 수 있다.
  가. 서비스 관련 설비에 여유가 없는 경우
  나. 기술상 지장이 있는 경우
  다. 기타 회사 사정상 필요하다고 인정되는 경우
③회사는 아래 사항에 해당하는 경우에 승낙을 하지 않을 수 있다.
  가. 다른 사람의 명의를 사용하여 신청한 경우
  나. 이용자 정보를 허위로 기재하여 신청한 경우
  다. 사회의 안녕질서 또는 미풍양속을 저해할 목적으로 신청한 경우
  라. 기타 회사가 정한 이용신청 요건이 미비한 경우
');
INSERT INTO terms_tb(terms_sub,terms_content) VALUES( '제 7 조 (회사의 의무)','
①회사는 사이트를 안정적이고 지속적으로 운영할 의무가 있다.
②회사는 이용자로부터 제기되는 의견이나 불만이 정당하다고 인정될 경우에는 즉시 처리해야 한다. 단, 즉시 처리가 곤란한 경우에는 이용자에게 그 사유와 처리일정을 공지사항 또는 전자우편을 통해 통보해야 한다.
③제1항의 경우 수사상의 목적으로 관계기관 및 정보통신윤리위원회의 요청이 있거나 영장 제시가 있는 경우, 기타 관계 법령에 의한 경우는 예외로 한다.
');
INSERT INTO terms_tb(terms_sub,terms_content) VALUES( '제 8 조 (이용자의 의무)','
①이용자는 본 약관 및 회사의 공지사항, 사이트 이용안내 등을 숙지하고 준수해야 하며 기타 회사의 업무에 방해되는 행위를 해서는 안된다.
②이용자는 회사의 사전 승인 없이 본 사이트를 이용해 어떠한 영리행위도 할 수 없다.
③이용자는 본 사이트를 통해 얻는 정보를 회사의 사전 승낙 없이 복사, 복제, 변경, 번역, 출판, 방송 및 기타의 방법으로 사용하거나 이를 타인에게 제공할 수 없다.
');
INSERT INTO terms_tb(terms_sub,terms_content) VALUES( '제 9 조 (서비스 이용)','
①이용자는 본 약관의 규정된 사항을 준수해 사이트를 이용한다.
②본 약관에 명시되지 않은 서비스 이용에 관한 사항은 회사가 정해 공지사항에 게시하거나 또는 별도로 공지하는 내용에 따른다.
');
INSERT INTO terms_tb(terms_sub,terms_content) VALUES( '제 10 조 (정보의 제공)','
회사는 회원이 서비스 이용 중 필요하다고 인정되는 다양한 정보에 대하여 전자메일이나 서신우편 등의 방법으로 회원에게 정보를 제공할 수 있다.
');
INSERT INTO terms_tb(terms_sub,terms_content) VALUES( '제 11 조 (광고게재)','
①회사는 서비스의 운용과 관련하여 서비스 화면, 홈페이지, 전자우편 등에 광고 등을 게재할 수 있다.
②회사는 사이트에 게재되어 있는 광고주의 판촉활동에 회원이 참여하거나 교신 또는 거래의 결과로서 발생하는 모든 손실 또는 손해에 대해 책임을 지지 않는다.
');
INSERT INTO terms_tb(terms_sub,terms_content) VALUES( '제 12 조 (서비스 이용의 제한)','
본 사이트 이용 및 행위가 다음 각 항에 해당하는 경우 회사는 해당 이용자의 이용을 제한할 수 있다.
①공공질서 및 미풍양속, 기타 사회질서를 해하는 경우
②범죄행위를 목적으로 하거나 기타 범죄행위와 관련된다고 객관적으로 인정되는 경우
③타인의 명예를 손상시키거나 타인의 서비스 이용을 현저히 저해하는 경우
④타인의 의사에 반하는 내용이나 광고성 정보 등을 지속적으로 전송하는 경우
⑤해킹 및 컴퓨터 바이러스 유포 등으로 서비스의 건전한 운영을 저해하는 경우
⑥다른 이용자 또는 제3자의 지적재산권을 침해하거나 지적재산권자가 지적 재산권의 침해를 주장할 수 있다고 판단되는 경우
⑦타인의 아이디 및 비밀번호를 도용한 경우
⑧기타 관계 법령에 위배되는 경우 및 회사가 이용자로서 부적당하다고 판단한 경우
');
INSERT INTO terms_tb(terms_sub,terms_content) VALUES( '제 13 조 (서비스 제공의 중지)','
회사는 다음 각 호에 해당하는 경우 서비스의 전부 또는 일부의 제공을 중지할 수 있다.
①전기통신사업법 상에 규정된 기간통신 사업자 또는 인터넷 망 사업자가 서비스를 중지했을 경우
②정전으로 서비스 제공이 불가능할 경우
③설비의 이전, 보수 또는 공사로 인해 부득이한 경우
④서비스 설비의 장애 또는 서비스 이용의 폭주 등으로 정상적인 서비스 제공이 어려운 경우
⑤전시, 사변, 천재지변 또는 이에 준하는 국가비상사태가 발생하거나 발생할 우려가 있는 경우
');
INSERT INTO terms_tb(terms_sub,terms_content) VALUES( '제 14 조 (게시물 관리)','
회사는 건전한 통신문화 정착과 효율적인 사이트 운영을 위하여 이용자가 게시하거나 제공하는 자료가 제12조에 해당한다고 판단되는 경우에 임의로 삭제, 자료이동, 등록거부를 할 수 있다.
');

INSERT INTO terms_tb(terms_sub,terms_content) VALUES( '
제 15 조 (서비스 이용 책임)','
이용자는 회사에서 권한 있는 사원이 서명한 명시적인 서면에 구체적으로 허용한 경우를 제외하고는 서비스를 이용하여 불법상품을 판매하는 영업활동을 할 수 없으며 특히 해킹, 돈벌기 광고, 음란 사이트를 통한 상업행위, 상용 S/W 불법제공 등을 할 수 없다. 이를 어기고 발생한 영업활동의 결과 및 손실, 관계기관에 의한 구속 등 법적 조치 등에 관해서는 회사가 책임을 지지 않는다.
');

INSERT INTO terms_tb(terms_sub,terms_content) VALUES( '
제16조 (결제방법)','‘회원’은 ‘회사’에서 판매하는 재화에 대하여 ‘선불카드, 직불카드, 신용카드 등의 각종 카드 결제 수단’을 이용하여 결제할 수 있다. 이때 ‘회사’는 이용자의 지급방법에 대하여 재화외 어떠한 명목의 수수료를 추가 징수하지 않는다.

① ‘회사’는 이용자의 구매신청이 있는 경우 이용자에게 수신확인통지를 한다. 주문확인에 대한 내용은 해당게시판에서 확인 할 수 있다.
② 수신확인통지를 받은 이용자는 의사표시의 불일치 등이 있는 경우에는 수신확인통지를 받은 후 즉시 구매신청 변경 및 취소를 요청할 수 있고 ‘회사’는 배송전에 이용자의 요청이 있는 경우에는 지체 없이 그 요청에 따라 처리한다. 다만 이미 대금을 지불한 경우에는 제18조의 ‘반품규정’을 따른다.
');
INSERT INTO terms_tb(terms_sub,terms_content) VALUES( '제17조 (배송정책)','① ‘회사’는 이용자와 재화의 공급시기에 관하여 별도의 약정이 없는 이상, 이용자가 결재를 실시한 날부터 7일 이내에 재화 등을 배송할 수 있도록 주문제작, 포장 등 기타의 필요한 조치를 취한다. 
②‘회사’는 이용자가 구매한 재화에 대해 배송수단, 수단별 배송비용 부담자, 수단별 배송기간 등을 제품을 구매하는 웹 페이지 하단에 명시한다. 만약 ‘회사’가 약정 배송기간을 초과한 경우에는 그로 인한 이용자의 손해를 배상한다. 하지만 ‘회사’의 고의과실이 없음을 입증한 경우에는 그러하지 아니한다.
');
INSERT INTO terms_tb(terms_sub,terms_content) VALUES( '18조 (취소 및 반품 환불 규정)','
‘회사’는 이용자가 구매 신청한 재화 등이 품절 등의 사유로 인도 또는 제공을 할 수 없을 때에는 지체 없이 그 사유를 이용자에게 통지하고 사전에 재화 등의 대금을 받은 경우에는 대금을 받은 날부터 3영업일 이내에 환급하거나 환급에 필요한 조치를 한다.
① 재화가 발송 되기전 이용자가 결제를 취소할 경우 ‘회사’는 해당 주문건을 취소 처리하고 카드결제 승인을 취소한다.
② 재화가 발송 된 이후 결제 취소는 불가하다. 단, ‘회사’의 부주의 ‘배송’상의 문제로 인한 재화의 파손, 변질의 경우 ‘회사’는 이용자에게 구매 금액의 반품 및 환불 조취 및 교환 조취를 취한다.
');
INSERT INTO terms_tb(terms_sub,terms_content) VALUES( '제 19 조 (면책 및 손해배상)','
①천재지변 또는 이에 준하는 불가항력으로 인하여 서비스를 제공할 수 없는 경우에는 회사의 서비스 제공 책임이 면제된다.
②회사는 이용자간 또는 이용자와 제3자간의 상호거래 관계에서 발생되는 결과에 대하여 어떠한 책임도 부담하지 않는다.
③회사는 이용자가 게시판에 게재한 정보, 자료, 내용 등에 관하여 사실의 정확성, 신뢰도 등에 어떠한 책임도 부담하지 않으며 이용자는 본인의 책임 아래 본 사이트를 이용해야 한다.
④이용자가 게시 또는 전송한 자료 등에 관하여 손해가 발생하거나 자료의 취사선택, 기타 무료로 제공되는 서비스 이용과 관련해 어떠한 불이익이 발생하더라도 이에 대한 모든 책임은 이용자에게 있다.
⑤아이디와 비밀번호의 관리 및 이용자의 부주의로 인하여 발생되는 손해 또는 제3자에 의한 부정사용 등에 대한 책임은 이용자에게 있다.
⑥이용자가 본 약관의 규정을 위반함으로써 회사에 손해가 발생하는 경우 이 약관을 위반한 이용자는 회사에 발생한 모든 손해를 배상해야 하며 동 손해로부터 회사를 면책시켜야 한다.
');
INSERT INTO terms_tb(terms_sub,terms_content) VALUES( '제 20 조 (개인신용정보 제공 및 활용에 대한 동의서)','회사가 회원 가입과 관련해 취득한 개인 신용 정보는 신용정보의 이용 및 보호에 관한 법률 제23조의 규정에 따라 타인에게 제공 및 활용 시 이용자의 동의를 얻어야 한다. 이용자의 동의는 회사가 회원으로 가입한 이용자의  신용정보를 신용정보기관, 신용정보업자 및 기타 이용자 등에게 제공해 이용자의 신용을 판단하기 위한 자료로서 활용하거나 공공기관에서 정책자료로 활용하는데 동의하는 것으로 간주한다.
');
INSERT INTO terms_tb(terms_sub,terms_content) VALUES( '제 21 조 (분쟁의 해결)','
①회사와 이용자는 본 사이트 이용과 관련해 발생한 분쟁을 원만하게 해결하기 위하여 필요한 모든 노력을 해야 한다.
②제1항의 규정에도 불구하고 동 분쟁으로 인하여 소송이 제기될 경우 동 소송은 회사의 본사 소재지를 관할하는 법원의 관할로 본다.
');

INSERT INTO terms_tb(terms_sub,terms_content) VALUES( '<부칙>','본 약관은 2018년 06월 31일부터 적용한다.');

INSERT INTO NOTICE_TB (NOTICE_SUB, NOTICE_DT, NOTICE_CONTENT, NOTICE_HIT, NOTICE_IMAGE) VALUES ('PPL 위치기반서비스 이용약관 변경 안내new',SYSDATE(),'안녕하세요. PPL 입니다.',0.0,NULL);
INSERT INTO NOTICE_TB (NOTICE_SUB, NOTICE_DT, NOTICE_CONTENT, NOTICE_HIT, NOTICE_IMAGE) VALUES ('PPL 서비스 운영정책 변경 안내',SYSDATE(),'안녕하세요. PPL입니다.',0.0,NULL);
INSERT INTO NOTICE_TB (NOTICE_SUB, NOTICE_DT, NOTICE_CONTENT, NOTICE_HIT, NOTICE_IMAGE) VALUES ('개인정보 처리방침 개정안내',SYSDATE(),'안녕하세요. PPL(이하 ‘회사’)입니다.',0.0,NULL);
INSERT INTO NOTICE_TB (NOTICE_SUB, NOTICE_DT, NOTICE_CONTENT, NOTICE_HIT, NOTICE_IMAGE) VALUES ('PPL 위치기반서비스 이용약관 변경 안내',SYSDATE(),'안녕하세요. PPL 입니다.',0.0,NULL);
INSERT INTO NOTICE_TB (NOTICE_SUB, NOTICE_DT, NOTICE_CONTENT, NOTICE_HIT, NOTICE_IMAGE) VALUES ('PPL 통합 약관 및 서비스 약관 변경 안내',SYSDATE(),'PPL의 위치기반서비스 이용약관 변경에 대한 안내 말씀 드립니다.',0.0,NULL);
INSERT INTO NOTICE_TB (NOTICE_SUB, NOTICE_DT, NOTICE_CONTENT, NOTICE_HIT, NOTICE_IMAGE) VALUES ('PPL 서비스 약관 변경 안내',SYSDATE(),'안녕하세요.?PPL입니다.',0.0,'null');


INSERT INTO faq_tb(faq_sub,faq_content) VALUES('주차장 등록은 어떻게 하나요?', '휴대폰번호인증을 받으신 후 이용할 수 있습니다.');
INSERT INTO faq_tb(faq_sub,faq_content) VALUES('예약취소는 어떻게 하나요?', '마이페이지 - 예약한 주차장에서 예약취소 할 수 있습니다.');
INSERT INTO faq_tb(faq_sub,faq_content) VALUES('아이디/비밀번호 찾기 했을 때 이메일이 오지 않아요.', '회원가입 시 이메일이 입력을 잘못 하신 경우입니다. 관리자에게 문의하세요.');

INSERT INTO USER_INFO_TB (USER_ID, PASSWORD, USER_NAME, EMAIL, HP, ADDRESS, REGIDATE, SELLER) VALUES ('qwer','$2a$10$a2Pv8fXzaEsBjXDRzm3zbOuvgfcWvFeigRBDBjaKye9u.AV6YzRVa','공무원','mpbs215@naver.com','01093249482','서울 은평구 불광동 8-63',SYSDATE(),'0');
INSERT INTO QNA_TB (  USER_ID, QNA_SUB, QNA_CONTENT, QNA_DT, QNA_REVIEW, QNA_REVIEW_DT, QNA_HIT, QNA_PWD, QNA_IMAGE) VALUES ( 'qwer','도배도배1','도배도배1',SYSDATE(),NULL,SYSDATE(),0.0,1234.0,'');
INSERT INTO QNA_TB (  USER_ID, QNA_SUB, QNA_CONTENT, QNA_DT, QNA_REVIEW, QNA_REVIEW_DT, QNA_HIT, QNA_PWD, QNA_IMAGE) VALUES ( 'qwer','도배도배2','도배도배2',SYSDATE(),NULL,SYSDATE(),0.0,1234.0,'');
INSERT INTO QNA_TB (  USER_ID, QNA_SUB, QNA_CONTENT, QNA_DT, QNA_REVIEW, QNA_REVIEW_DT, QNA_HIT, QNA_PWD, QNA_IMAGE) VALUES ( 'qwer','도배도배3','도배도배3',SYSDATE(),NULL,SYSDATE(),0.0,1234.0,'');
INSERT INTO QNA_TB (  USER_ID, QNA_SUB, QNA_CONTENT, QNA_DT, QNA_REVIEW, QNA_REVIEW_DT, QNA_HIT, QNA_PWD, QNA_IMAGE) VALUES ( 'qwer','도배도배4','도배도배4',SYSDATE(),NULL,SYSDATE(),0.0,1234.0,'');
INSERT INTO QNA_TB (  USER_ID, QNA_SUB, QNA_CONTENT, QNA_DT, QNA_REVIEW, QNA_REVIEW_DT, QNA_HIT, QNA_PWD, QNA_IMAGE) VALUES ( 'qwer','도배도배5','도배도배5',SYSDATE(),NULL,SYSDATE(),0.0,1234.0,'');
INSERT INTO QNA_TB (  USER_ID, QNA_SUB, QNA_CONTENT, QNA_DT, QNA_REVIEW, QNA_REVIEW_DT, QNA_HIT, QNA_PWD, QNA_IMAGE) VALUES ( 'qwer','도배도배6','도배도배6',SYSDATE(),NULL,SYSDATE(),0.0,1234.0,'');
INSERT INTO QNA_TB (  USER_ID, QNA_SUB, QNA_CONTENT, QNA_DT, QNA_REVIEW, QNA_REVIEW_DT, QNA_HIT, QNA_PWD, QNA_IMAGE) VALUES ( 'qwer','도배도배7','도배도배7',SYSDATE(),NULL,SYSDATE(),0.0,1234.0,'');
INSERT INTO QNA_TB (  USER_ID, QNA_SUB, QNA_CONTENT, QNA_DT, QNA_REVIEW, QNA_REVIEW_DT, QNA_HIT, QNA_PWD, QNA_IMAGE) VALUES ( 'qwer','도배도배8','도배도배8',SYSDATE(),NULL,SYSDATE(),0.0,1234.0,'');
INSERT INTO QNA_TB (  USER_ID, QNA_SUB, QNA_CONTENT, QNA_DT, QNA_REVIEW, QNA_REVIEW_DT, QNA_HIT, QNA_PWD, QNA_IMAGE) VALUES ( 'qwer','도배도배9','도배도배9',SYSDATE(),NULL,SYSDATE(),0.0,1234.0,'');
INSERT INTO QNA_TB (  USER_ID, QNA_SUB, QNA_CONTENT, QNA_DT, QNA_REVIEW, QNA_REVIEW_DT, QNA_HIT, QNA_PWD, QNA_IMAGE) VALUES ( 'qwer','도배도배10','도배도배10',SYSDATE(),NULL,SYSDATE(),0.0,1234.0,'');
INSERT INTO QNA_TB (  USER_ID, QNA_SUB, QNA_CONTENT, QNA_DT, QNA_REVIEW, QNA_REVIEW_DT, QNA_HIT, QNA_PWD, QNA_IMAGE) VALUES ( 'qwer','도배도배11','도배도배11',SYSDATE(),NULL,SYSDATE(),0.0,1234.0,'');
INSERT INTO QNA_TB (  USER_ID, QNA_SUB, QNA_CONTENT, QNA_DT, QNA_REVIEW, QNA_REVIEW_DT, QNA_HIT, QNA_PWD, QNA_IMAGE) VALUES ( 'qwer','도배도배12','도배도배12',SYSDATE(),NULL,SYSDATE(),0.0,1234.0,'');
INSERT INTO QNA_TB (  USER_ID, QNA_SUB, QNA_CONTENT, QNA_DT, QNA_REVIEW, QNA_REVIEW_DT, QNA_HIT, QNA_PWD, QNA_IMAGE) VALUES ( 'qwer','도배도배13','도배도배13',SYSDATE(),NULL,SYSDATE(),0.0,1234.0,'');
INSERT INTO QNA_TB (  USER_ID, QNA_SUB, QNA_CONTENT, QNA_DT, QNA_REVIEW, QNA_REVIEW_DT, QNA_HIT, QNA_PWD, QNA_IMAGE) VALUES ( 'qwer','도배도배14','도배도배14',SYSDATE(),NULL,SYSDATE(),0.0,1234.0,'');
INSERT INTO QNA_TB (  USER_ID, QNA_SUB, QNA_CONTENT, QNA_DT, QNA_REVIEW, QNA_REVIEW_DT, QNA_HIT, QNA_PWD, QNA_IMAGE) VALUES ( 'qwer','도배도배15','도배도배15',SYSDATE(),NULL,SYSDATE(),0.0,1234.0,'');

INSERT INTO PARK_IMAGE_TB (  PARK_NO, IMG_PATH) VALUES ( 2 ,'01.jpg');
INSERT INTO PARK_IMAGE_TB (  PARK_NO, IMG_PATH) VALUES ( 3 ,'02.jpg');
INSERT INTO PARK_IMAGE_TB (  PARK_NO, IMG_PATH) VALUES ( 4 ,'03.jpg');
INSERT INTO PARK_IMAGE_TB (  PARK_NO, IMG_PATH) VALUES ( 5 ,'04.jpg');
INSERT INTO PARK_IMAGE_TB (  PARK_NO, IMG_PATH) VALUES ( 6 ,'05.jpg');
INSERT INTO PARK_IMAGE_TB (  PARK_NO, IMG_PATH) VALUES ( 7 ,'06.jpg');
INSERT INTO PARK_IMAGE_TB (  PARK_NO, IMG_PATH) VALUES ( 8 ,'07.jpg');
INSERT INTO PARK_IMAGE_TB (  PARK_NO, IMG_PATH) VALUES ( 9 ,'08.jpg');
INSERT INTO PARK_IMAGE_TB (  PARK_NO, IMG_PATH) VALUES ( 10 ,'09.jpg');
INSERT INTO PARK_IMAGE_TB (  PARK_NO, IMG_PATH) VALUES ( 11 ,'10.jpg');
INSERT INTO PARK_IMAGE_TB (  PARK_NO, IMG_PATH) VALUES ( 12 ,'11.jpg');
INSERT INTO PARK_IMAGE_TB (  PARK_NO, IMG_PATH) VALUES ( 13 ,'12.jpg');
INSERT INTO PARK_IMAGE_TB (  PARK_NO, IMG_PATH) VALUES ( 14 ,'13.jpg');
INSERT INTO PARK_IMAGE_TB (  PARK_NO, IMG_PATH) VALUES ( 15 ,'14.jpg');
INSERT INTO PARK_IMAGE_TB (  PARK_NO, IMG_PATH) VALUES ( 16 ,'15.jpg');
INSERT INTO PARK_IMAGE_TB (  PARK_NO, IMG_PATH) VALUES ( 17 ,'16.jpg');
INSERT INTO PARK_IMAGE_TB (  PARK_NO, IMG_PATH) VALUES ( 18 ,'17.jpg');
INSERT INTO PARK_IMAGE_TB (  PARK_NO, IMG_PATH) VALUES ( 19 ,'18.jpg');
INSERT INTO PARK_IMAGE_TB (  PARK_NO, IMG_PATH) VALUES ( 20 ,'19.jpg');
INSERT INTO PARK_IMAGE_TB (  PARK_NO, IMG_PATH) VALUES ( 21 ,'20.jpg');
INSERT INTO PARK_IMAGE_TB (  PARK_NO, IMG_PATH) VALUES ( 22 ,'21.jpg');
INSERT INTO PARK_IMAGE_TB (  PARK_NO, IMG_PATH) VALUES ( 23 ,'22.jpg');
INSERT INTO PARK_IMAGE_TB (  PARK_NO, IMG_PATH) VALUES ( 24 ,'23.jpg');
INSERT INTO PARK_IMAGE_TB (  PARK_NO, IMG_PATH) VALUES ( 25 ,'24.jpg');
INSERT INTO PARK_IMAGE_TB (  PARK_NO, IMG_PATH) VALUES ( 26 ,'25.jpg');
INSERT INTO PARK_IMAGE_TB (  PARK_NO, IMG_PATH) VALUES ( 27 ,'26.jpg');
INSERT INTO PARK_IMAGE_TB (  PARK_NO, IMG_PATH) VALUES ( 28 ,'27.jpg');
INSERT INTO PARK_IMAGE_TB (  PARK_NO, IMG_PATH) VALUES ( 29 ,'28.jpg');
INSERT INTO PARK_IMAGE_TB (  PARK_NO, IMG_PATH) VALUES ( 30 ,'29.jpg');
INSERT INTO PARK_IMAGE_TB (  PARK_NO, IMG_PATH) VALUES ( 31 ,'30.jpg');
INSERT INTO PARK_IMAGE_TB (  PARK_NO, IMG_PATH) VALUES ( 32 ,'31.jpg');
INSERT INTO PARK_IMAGE_TB (  PARK_NO, IMG_PATH) VALUES ( 33 ,'32.jpg');
INSERT INTO PARK_IMAGE_TB (  PARK_NO, IMG_PATH) VALUES ( 34 ,'33.jpg');
INSERT INTO PARK_IMAGE_TB (  PARK_NO, IMG_PATH) VALUES ( 35 ,'34.jpg');
INSERT INTO PARK_IMAGE_TB (  PARK_NO, IMG_PATH) VALUES ( 36 ,'35.jpg');
INSERT INTO PARK_IMAGE_TB (  PARK_NO, IMG_PATH) VALUES ( 37 ,'36.jpg');
INSERT INTO PARK_IMAGE_TB (  PARK_NO, IMG_PATH) VALUES ( 38 ,'37.jpg');
INSERT INTO PARK_IMAGE_TB (  PARK_NO, IMG_PATH) VALUES ( 39 ,'38.jpg');
INSERT INTO PARK_IMAGE_TB (  PARK_NO, IMG_PATH) VALUES ( 40 ,'39.jpg');
INSERT INTO PARK_IMAGE_TB (  PARK_NO, IMG_PATH) VALUES ( 41 ,'40.jpg');
INSERT INTO PARK_IMAGE_TB (  PARK_NO, IMG_PATH) VALUES ( 42 ,'41.jpg');
INSERT INTO PARK_IMAGE_TB (  PARK_NO, IMG_PATH) VALUES ( 43 ,'42.jpg');
INSERT INTO PARK_IMAGE_TB (  PARK_NO, IMG_PATH) VALUES ( 44 ,'43.jpg');
INSERT INTO PARK_IMAGE_TB (  PARK_NO, IMG_PATH) VALUES ( 45 ,'44.jpg');
INSERT INTO PARK_IMAGE_TB (  PARK_NO, IMG_PATH) VALUES ( 46 ,'45.jpg');
INSERT INTO PARK_IMAGE_TB (  PARK_NO, IMG_PATH) VALUES ( 47 ,'46.jpg');
INSERT INTO PARK_IMAGE_TB (  PARK_NO, IMG_PATH) VALUES ( 48 ,'47.jpg');
INSERT INTO PARK_IMAGE_TB (  PARK_NO, IMG_PATH) VALUES ( 49 ,'48.jpg');
INSERT INTO PARK_IMAGE_TB (  PARK_NO, IMG_PATH) VALUES ( 50 ,'49.jpg');

INSERT INTO PARK_IMAGE_TB (  PARK_NO, IMG_PATH) VALUES ( 52 ,'51.jpg');
INSERT INTO PARK_IMAGE_TB (  PARK_NO, IMG_PATH) VALUES ( 53 ,'52.jpg');
INSERT INTO PARK_IMAGE_TB (  PARK_NO, IMG_PATH) VALUES ( 54 ,'53.jpg');
INSERT INTO PARK_IMAGE_TB (  PARK_NO, IMG_PATH) VALUES ( 55 ,'54.jpg');
INSERT INTO PARK_IMAGE_TB (  PARK_NO, IMG_PATH) VALUES ( 56 ,'55.jpg');
INSERT INTO PARK_IMAGE_TB (  PARK_NO, IMG_PATH) VALUES ( 57 ,'56.jpg');
INSERT INTO PARK_IMAGE_TB (  PARK_NO, IMG_PATH) VALUES ( 58 ,'57.jpg');
INSERT INTO PARK_IMAGE_TB (  PARK_NO, IMG_PATH) VALUES ( 59 ,'58.jpg');
INSERT INTO PARK_IMAGE_TB (  PARK_NO, IMG_PATH) VALUES ( 60 ,'59.jpg');
INSERT INTO PARK_IMAGE_TB (  PARK_NO, IMG_PATH) VALUES ( 61 ,'60.jpg');
INSERT INTO PARK_IMAGE_TB (  PARK_NO, IMG_PATH) VALUES ( 62 ,'61.jpg');
INSERT INTO PARK_IMAGE_TB (  PARK_NO, IMG_PATH) VALUES ( 63 ,'62.jpg');
INSERT INTO PARK_IMAGE_TB (  PARK_NO, IMG_PATH) VALUES ( 64 ,'63.jpg');
INSERT INTO PARK_IMAGE_TB (  PARK_NO, IMG_PATH) VALUES ( 65 ,'64.jpg');
INSERT INTO PARK_IMAGE_TB (  PARK_NO, IMG_PATH) VALUES ( 66 ,'65.jpg');
INSERT INTO PARK_IMAGE_TB (  PARK_NO, IMG_PATH) VALUES ( 67 ,'66.jpg');
INSERT INTO PARK_IMAGE_TB (  PARK_NO, IMG_PATH) VALUES ( 68 ,'67.jpg');
INSERT INTO PARK_IMAGE_TB (  PARK_NO, IMG_PATH) VALUES ( 69 ,'68.jpg');
INSERT INTO PARK_IMAGE_TB (  PARK_NO, IMG_PATH) VALUES ( 70 ,'69.jpg');
INSERT INTO PARK_IMAGE_TB (  PARK_NO, IMG_PATH) VALUES ( 71 ,'70.jpg');
INSERT INTO PARK_IMAGE_TB (  PARK_NO, IMG_PATH) VALUES ( 72 ,'71.jpg');
INSERT INTO PARK_IMAGE_TB (  PARK_NO, IMG_PATH) VALUES ( 73 ,'72.jpg');
INSERT INTO PARK_IMAGE_TB (  PARK_NO, IMG_PATH) VALUES ( 74 ,'73.jpg');
INSERT INTO PARK_IMAGE_TB (  PARK_NO, IMG_PATH) VALUES ( 75 ,'74.jpg');
INSERT INTO PARK_IMAGE_TB (  PARK_NO, IMG_PATH) VALUES ( 76 ,'75.jpg');
INSERT INTO PARK_IMAGE_TB (  PARK_NO, IMG_PATH) VALUES ( 77 ,'76.jpg');
INSERT INTO PARK_IMAGE_TB (  PARK_NO, IMG_PATH) VALUES ( 78 ,'77.jpg');
INSERT INTO PARK_IMAGE_TB (  PARK_NO, IMG_PATH) VALUES ( 79 ,'78.jpg');
INSERT INTO PARK_IMAGE_TB (  PARK_NO, IMG_PATH) VALUES ( 80 ,'79.jpg');
INSERT INTO PARK_IMAGE_TB (  PARK_NO, IMG_PATH) VALUES ( 81 ,'80.jpg');
INSERT INTO PARK_IMAGE_TB (  PARK_NO, IMG_PATH) VALUES ( 82 ,'81.jpg');
INSERT INTO PARK_IMAGE_TB (  PARK_NO, IMG_PATH) VALUES ( 83 ,'82.jpg');
INSERT INTO PARK_IMAGE_TB (  PARK_NO, IMG_PATH) VALUES ( 84 ,'83.jpg');
INSERT INTO PARK_IMAGE_TB (  PARK_NO, IMG_PATH) VALUES ( 85 ,'84.jpg');
INSERT INTO PARK_IMAGE_TB (  PARK_NO, IMG_PATH) VALUES ( 86 ,'85.jpg');
INSERT INTO PARK_IMAGE_TB (  PARK_NO, IMG_PATH) VALUES ( 87 ,'86.jpg');
INSERT INTO PARK_IMAGE_TB (  PARK_NO, IMG_PATH) VALUES ( 88 ,'87.jpg');
INSERT INTO PARK_IMAGE_TB (  PARK_NO, IMG_PATH) VALUES ( 89 ,'88.jpg');
INSERT INTO PARK_IMAGE_TB (  PARK_NO, IMG_PATH) VALUES ( 90 ,'89.jpg');
INSERT INTO PARK_IMAGE_TB (  PARK_NO, IMG_PATH) VALUES ( 91 ,'90.jpg');
INSERT INTO PARK_IMAGE_TB (  PARK_NO, IMG_PATH) VALUES ( 92 ,'91.jpg');
INSERT INTO PARK_IMAGE_TB (  PARK_NO, IMG_PATH) VALUES ( 93 ,'92.jpg');
INSERT INTO PARK_IMAGE_TB (  PARK_NO, IMG_PATH) VALUES ( 94 ,'93.jpg');
INSERT INTO PARK_IMAGE_TB (  PARK_NO, IMG_PATH) VALUES ( 95 ,'94.jpg');
INSERT INTO PARK_IMAGE_TB (  PARK_NO, IMG_PATH) VALUES ( 96 ,'95.jpg');
INSERT INTO PARK_IMAGE_TB (  PARK_NO, IMG_PATH) VALUES ( 97 ,'96.jpg');
INSERT INTO PARK_IMAGE_TB (  PARK_NO, IMG_PATH) VALUES ( 98 ,'97.jpg');
INSERT INTO PARK_IMAGE_TB (  PARK_NO, IMG_PATH) VALUES ( 99 ,'98.jpg');
INSERT INTO PARK_IMAGE_TB (  PARK_NO, IMG_PATH) VALUES ( 100 ,'99.jpg');
INSERT INTO PARK_IMAGE_TB (  PARK_NO, IMG_PATH) VALUES ( 101 ,'100.jpg');
INSERT INTO PARK_IMAGE_TB (  PARK_NO, IMG_PATH) VALUES ( 102 ,'101.jpg');
INSERT INTO PARK_IMAGE_TB (  PARK_NO, IMG_PATH) VALUES ( 103 ,'102.jpg');
INSERT INTO PARK_IMAGE_TB (  PARK_NO, IMG_PATH) VALUES ( 104 ,'103.jpg');
INSERT INTO PARK_IMAGE_TB (  PARK_NO, IMG_PATH) VALUES ( 105 ,'104.jpg');
INSERT INTO PARK_IMAGE_TB (  PARK_NO, IMG_PATH) VALUES ( 106 ,'105.jpg');
INSERT INTO PARK_IMAGE_TB (  PARK_NO, IMG_PATH) VALUES ( 107 ,'106.jpg');
INSERT INTO PARK_IMAGE_TB (  PARK_NO, IMG_PATH) VALUES ( 108 ,'107.jpg');
INSERT INTO PARK_IMAGE_TB (  PARK_NO, IMG_PATH) VALUES ( 109 ,'108.jpg');
INSERT INTO PARK_IMAGE_TB (  PARK_NO, IMG_PATH) VALUES ( 110,'109.jpg');

INSERT INTO review_tb VALUES('user3',3,5,'최고의 주차장입니다!');
INSERT INTO review_tb VALUES('user4',3,5,'넓직하네요');
INSERT INTO review_tb VALUES('user5',3,5,'마음에 듭니다.');
INSERT INTO review_tb VALUES('user6',3,5,'이 주차장은 이제 제겁니다.');
INSERT INTO review_tb VALUES('user7',3,4,'가성비 좋은듯');
INSERT INTO review_tb VALUES('user8',3,3,'그냥 딱 싼 가격에 쓸만한듯');
INSERT INTO review_tb VALUES('user9',3,2,'차라리 불법주차를 하지');
INSERT INTO review_tb VALUES('user10',3,1,'우리집 개집이 여기보단 넓겠다 ㅉㅉ');
INSERT INTO review_tb VALUES('user11',3,1,'주인 양심 무?');