INSERT INTO USER_INFO_TB (USER_ID, PASSWORD, USER_NAME, EMAIL, HP, ADDRESS, REGIDATE, SELLER) VALUES ('seller','$2a$10$a2Pv8fXzaEsBjXDRzm3zbOuvgfcWvFeigRBDBjaKye9u.AV6YzRVa','공무원','mpbs215@naver.com','010-9324-9482','서울 은평구 불광동 8-63',to_timestamp(sysdate, 'YYYY-MM-DD HH24:MI:SS'),'0');

-- 1   행 삽입
--행 1
INSERT INTO USER_INFO_TB (USER_ID, PASSWORD, USER_NAME, EMAIL, HP, ADDRESS, REGIDATE, SELLER) VALUES ('user3','$2a$10$a2Pv8fXzaEsBjXDRzm3zbOuvgfcWvFeigRBDBjaKye9u.AV6YzRVa','공무원','mpbs215@naver.com','010-0000-0000','서울 은평구 불광동 8-63',to_timestamp( sysdate, 'YYYY-MM-DD HH24:MI:SS'),'0');
-- 2  행에 대한 삽입 실패
 
--행 2
INSERT INTO USER_INFO_TB (USER_ID, PASSWORD, USER_NAME, EMAIL, HP, ADDRESS, REGIDATE, SELLER) VALUES ('user4','$2a$10$a2Pv8fXzaEsBjXDRzm3zbOuvgfcWvFeigRBDBjaKye9u.AV6YzRVa','공무원','mpbs215@naver.com','010-0000-0001','서울 은평구 불광동 8-63',to_timestamp( sysdate, 'YYYY-MM-DD HH24:MI:SS'),'0');
-- 3  행에 대한 삽입 실패
 
--행 3
INSERT INTO USER_INFO_TB (USER_ID, PASSWORD, USER_NAME, EMAIL, HP, ADDRESS, REGIDATE, SELLER) VALUES ('user5','$2a$10$a2Pv8fXzaEsBjXDRzm3zbOuvgfcWvFeigRBDBjaKye9u.AV6YzRVa','공무원','mpbs215@naver.com','010-0000-0002','서울 은평구 불광동 8-63',to_timestamp( sysdate, 'YYYY-MM-DD HH24:MI:SS'),'0');
-- 4  행에 대한 삽입 실패
 
--행 4
INSERT INTO USER_INFO_TB (USER_ID, PASSWORD, USER_NAME, EMAIL, HP, ADDRESS, REGIDATE, SELLER) VALUES ('user6','$2a$10$a2Pv8fXzaEsBjXDRzm3zbOuvgfcWvFeigRBDBjaKye9u.AV6YzRVa','공무원','mpbs215@naver.com','010-0000-0003','서울 은평구 불광동 8-63',to_timestamp( sysdate, 'YYYY-MM-DD HH24:MI:SS'),'0');
-- 5  행에 대한 삽입 실패
 
--행 5
INSERT INTO USER_INFO_TB (USER_ID, PASSWORD, USER_NAME, EMAIL, HP, ADDRESS, REGIDATE, SELLER) VALUES ('user7','$2a$10$a2Pv8fXzaEsBjXDRzm3zbOuvgfcWvFeigRBDBjaKye9u.AV6YzRVa','공무원','mpbs215@naver.com','010-0000-0004','서울 은평구 불광동 8-63',to_timestamp( sysdate, 'YYYY-MM-DD HH24:MI:SS'),'0');
-- 6  행에 대한 삽입 실패
 
--행 6
INSERT INTO USER_INFO_TB (USER_ID, PASSWORD, USER_NAME, EMAIL, HP, ADDRESS, REGIDATE, SELLER) VALUES ('user8','$2a$10$a2Pv8fXzaEsBjXDRzm3zbOuvgfcWvFeigRBDBjaKye9u.AV6YzRVa','공무원','mpbs215@naver.com','010-0000-0005','서울 은평구 불광동 8-63',to_timestamp( sysdate, 'YYYY-MM-DD HH24:MI:SS'),'0');
-- 7  행에 대한 삽입 실패
 
--행 7
INSERT INTO USER_INFO_TB (USER_ID, PASSWORD, USER_NAME, EMAIL, HP, ADDRESS, REGIDATE, SELLER) VALUES ('user9','$2a$10$a2Pv8fXzaEsBjXDRzm3zbOuvgfcWvFeigRBDBjaKye9u.AV6YzRVa','공무원','mpbs215@naver.com','010-0000-0006','서울 은평구 불광동 8-63',to_timestamp( sysdate, 'YYYY-MM-DD HH24:MI:SS'),'0');
-- 8  행에 대한 삽입 실패
 
--행 8
INSERT INTO USER_INFO_TB (USER_ID, PASSWORD, USER_NAME, EMAIL, HP, ADDRESS, REGIDATE, SELLER) VALUES ('user10','$2a$10$a2Pv8fXzaEsBjXDRzm3zbOuvgfcWvFeigRBDBjaKye9u.AV6YzRVa','공무원','mpbs215@naver.com','010-0000-0007','서울 은평구 불광동 8-63',to_timestamp( sysdate, 'YYYY-MM-DD HH24:MI:SS'),'0');
-- 9  행에 대한 삽입 실패
 
--행 9
INSERT INTO USER_INFO_TB (USER_ID, PASSWORD, USER_NAME, EMAIL, HP, ADDRESS, REGIDATE, SELLER) VALUES ('user11','$2a$10$a2Pv8fXzaEsBjXDRzm3zbOuvgfcWvFeigRBDBjaKye9u.AV6YzRVa','공무원','mpbs215@naver.com','010-0000-0008','서울 은평구 불광동 8-63',to_timestamp( sysdate, 'YYYY-MM-DD HH24:MI:SS'),'0');
-- 10  행에 대한 삽입 실패
 
--행 10
INSERT INTO USER_INFO_TB (USER_ID, PASSWORD, USER_NAME, EMAIL, HP, ADDRESS, REGIDATE, SELLER) VALUES ('user12','$2a$10$a2Pv8fXzaEsBjXDRzm3zbOuvgfcWvFeigRBDBjaKye9u.AV6YzRVa','공무원','mpbs215@naver.com','010-0000-0009','서울 은평구 불광동 8-63',to_timestamp( sysdate, 'YYYY-MM-DD HH24:MI:SS'),'0');
-- 11  행에 대한 삽입 실패
 
--행 11
INSERT INTO USER_INFO_TB (USER_ID, PASSWORD, USER_NAME, EMAIL, HP, ADDRESS, REGIDATE, SELLER) VALUES ('user13','$2a$10$a2Pv8fXzaEsBjXDRzm3zbOuvgfcWvFeigRBDBjaKye9u.AV6YzRVa','공무원','mpbs215@naver.com','010-0000-0010','서울 은평구 불광동 8-63',to_timestamp( sysdate, 'YYYY-MM-DD HH24:MI:SS'),'0');
-- 12  행에 대한 삽입 실패
 
--행 12
INSERT INTO USER_INFO_TB (USER_ID, PASSWORD, USER_NAME, EMAIL, HP, ADDRESS, REGIDATE, SELLER) VALUES ('user14','$2a$10$a2Pv8fXzaEsBjXDRzm3zbOuvgfcWvFeigRBDBjaKye9u.AV6YzRVa','공무원','mpbs215@naver.com','010-0000-0011','서울 은평구 불광동 8-63',to_timestamp( sysdate, 'YYYY-MM-DD HH24:MI:SS'),'0');
-- 13  행에 대한 삽입 실패
 
--행 13
INSERT INTO USER_INFO_TB (USER_ID, PASSWORD, USER_NAME, EMAIL, HP, ADDRESS, REGIDATE, SELLER) VALUES ('user15','$2a$10$a2Pv8fXzaEsBjXDRzm3zbOuvgfcWvFeigRBDBjaKye9u.AV6YzRVa','공무원','mpbs215@naver.com','010-0000-0012','서울 은평구 불광동 8-63',to_timestamp( sysdate, 'YYYY-MM-DD HH24:MI:SS'),'0');
-- 14  행에 대한 삽입 실패
 
--행 14
INSERT INTO USER_INFO_TB (USER_ID, PASSWORD, USER_NAME, EMAIL, HP, ADDRESS, REGIDATE, SELLER) VALUES ('user16','$2a$10$a2Pv8fXzaEsBjXDRzm3zbOuvgfcWvFeigRBDBjaKye9u.AV6YzRVa','공무원','mpbs215@naver.com','010-0000-0013','서울 은평구 불광동 8-63',to_timestamp( sysdate, 'YYYY-MM-DD HH24:MI:SS'),'0');
-- 15  행에 대한 삽입 실패
 
--행 15
INSERT INTO USER_INFO_TB (USER_ID, PASSWORD, USER_NAME, EMAIL, HP, ADDRESS, REGIDATE, SELLER) VALUES ('user17','$2a$10$a2Pv8fXzaEsBjXDRzm3zbOuvgfcWvFeigRBDBjaKye9u.AV6YzRVa','공무원','mpbs215@naver.com','010-0000-0014','서울 은평구 불광동 8-63',to_timestamp( sysdate, 'YYYY-MM-DD HH24:MI:SS'),'0');
-- 16  행에 대한 삽입 실패
 
--행 16
INSERT INTO USER_INFO_TB (USER_ID, PASSWORD, USER_NAME, EMAIL, HP, ADDRESS, REGIDATE, SELLER) VALUES ('user18','$2a$10$a2Pv8fXzaEsBjXDRzm3zbOuvgfcWvFeigRBDBjaKye9u.AV6YzRVa','공무원','mpbs215@naver.com','010-0000-0015','서울 은평구 불광동 8-63',to_timestamp( sysdate, 'YYYY-MM-DD HH24:MI:SS'),'0');
-- 17  행에 대한 삽입 실패
 
--행 17
INSERT INTO USER_INFO_TB (USER_ID, PASSWORD, USER_NAME, EMAIL, HP, ADDRESS, REGIDATE, SELLER) VALUES ('user19','$2a$10$a2Pv8fXzaEsBjXDRzm3zbOuvgfcWvFeigRBDBjaKye9u.AV6YzRVa','공무원','mpbs215@naver.com','010-0000-0016','서울 은평구 불광동 8-63',to_timestamp( sysdate, 'YYYY-MM-DD HH24:MI:SS'),'0');
-- 18  행에 대한 삽입 실패
 
--행 18
INSERT INTO USER_INFO_TB (USER_ID, PASSWORD, USER_NAME, EMAIL, HP, ADDRESS, REGIDATE, SELLER) VALUES ('user20','$2a$10$a2Pv8fXzaEsBjXDRzm3zbOuvgfcWvFeigRBDBjaKye9u.AV6YzRVa','공무원','mpbs215@naver.com','010-0000-0017','서울 은평구 불광동 8-63',to_timestamp( sysdate, 'YYYY-MM-DD HH24:MI:SS'),'0');
-- 19  행에 대한 삽입 실패
 
--행 19
INSERT INTO USER_INFO_TB (USER_ID, PASSWORD, USER_NAME, EMAIL, HP, ADDRESS, REGIDATE, SELLER) VALUES ('user21','$2a$10$a2Pv8fXzaEsBjXDRzm3zbOuvgfcWvFeigRBDBjaKye9u.AV6YzRVa','공무원','mpbs215@naver.com','010-0000-0018','서울 은평구 불광동 8-63',to_timestamp( sysdate, 'YYYY-MM-DD HH24:MI:SS'),'0');
-- 20  행에 대한 삽입 실패
 
--행 20
INSERT INTO USER_INFO_TB (USER_ID, PASSWORD, USER_NAME, EMAIL, HP, ADDRESS, REGIDATE, SELLER) VALUES ('user22','$2a$10$a2Pv8fXzaEsBjXDRzm3zbOuvgfcWvFeigRBDBjaKye9u.AV6YzRVa','공무원','mpbs215@naver.com','010-0000-0019','서울 은평구 불광동 8-63',to_timestamp( sysdate, 'YYYY-MM-DD HH24:MI:SS'),'0');
-- 21  행에 대한 삽입 실패
 
--행 21
INSERT INTO USER_INFO_TB (USER_ID, PASSWORD, USER_NAME, EMAIL, HP, ADDRESS, REGIDATE, SELLER) VALUES ('user23','$2a$10$a2Pv8fXzaEsBjXDRzm3zbOuvgfcWvFeigRBDBjaKye9u.AV6YzRVa','공무원','mpbs215@naver.com','010-0000-0020','서울 은평구 불광동 8-63',to_timestamp( sysdate, 'YYYY-MM-DD HH24:MI:SS'),'0');
-- 22  행에 대한 삽입 실패
 
--행 22
INSERT INTO USER_INFO_TB (USER_ID, PASSWORD, USER_NAME, EMAIL, HP, ADDRESS, REGIDATE, SELLER) VALUES ('user24','$2a$10$a2Pv8fXzaEsBjXDRzm3zbOuvgfcWvFeigRBDBjaKye9u.AV6YzRVa','공무원','mpbs215@naver.com','010-0000-0021','서울 은평구 불광동 8-63',to_timestamp( sysdate, 'YYYY-MM-DD HH24:MI:SS'),'0');
-- 23  행에 대한 삽입 실패
 
--행 23
INSERT INTO USER_INFO_TB (USER_ID, PASSWORD, USER_NAME, EMAIL, HP, ADDRESS, REGIDATE, SELLER) VALUES ('user25','$2a$10$a2Pv8fXzaEsBjXDRzm3zbOuvgfcWvFeigRBDBjaKye9u.AV6YzRVa','공무원','mpbs215@naver.com','010-0000-0022','서울 은평구 불광동 8-63',to_timestamp( sysdate, 'YYYY-MM-DD HH24:MI:SS'),'0');
-- 24  행에 대한 삽입 실패
 
--행 24
INSERT INTO USER_INFO_TB (USER_ID, PASSWORD, USER_NAME, EMAIL, HP, ADDRESS, REGIDATE, SELLER) VALUES ('user26','$2a$10$a2Pv8fXzaEsBjXDRzm3zbOuvgfcWvFeigRBDBjaKye9u.AV6YzRVa','공무원','mpbs215@naver.com','010-0000-0023','서울 은평구 불광동 8-63',to_timestamp( sysdate, 'YYYY-MM-DD HH24:MI:SS'),'0');
-- 25  행에 대한 삽입 실패
 
--행 25
INSERT INTO USER_INFO_TB (USER_ID, PASSWORD, USER_NAME, EMAIL, HP, ADDRESS, REGIDATE, SELLER) VALUES ('user27','$2a$10$a2Pv8fXzaEsBjXDRzm3zbOuvgfcWvFeigRBDBjaKye9u.AV6YzRVa','공무원','mpbs215@naver.com','010-0000-0024','서울 은평구 불광동 8-63',to_timestamp( sysdate, 'YYYY-MM-DD HH24:MI:SS'),'0');
-- 26  행에 대한 삽입 실패
 
--행 26
INSERT INTO USER_INFO_TB (USER_ID, PASSWORD, USER_NAME, EMAIL, HP, ADDRESS, REGIDATE, SELLER) VALUES ('user28','$2a$10$a2Pv8fXzaEsBjXDRzm3zbOuvgfcWvFeigRBDBjaKye9u.AV6YzRVa','공무원','mpbs215@naver.com','010-0000-0025','서울 은평구 불광동 8-63',to_timestamp( sysdate, 'YYYY-MM-DD HH24:MI:SS'),'0');
-- 27  행에 대한 삽입 실패
 
--행 27
INSERT INTO USER_INFO_TB (USER_ID, PASSWORD, USER_NAME, EMAIL, HP, ADDRESS, REGIDATE, SELLER) VALUES ('user29','$2a$10$a2Pv8fXzaEsBjXDRzm3zbOuvgfcWvFeigRBDBjaKye9u.AV6YzRVa','공무원','mpbs215@naver.com','010-0000-0026','서울 은평구 불광동 8-63',to_timestamp( sysdate, 'YYYY-MM-DD HH24:MI:SS'),'0');
-- 28  행에 대한 삽입 실패
 
--행 28
INSERT INTO USER_INFO_TB (USER_ID, PASSWORD, USER_NAME, EMAIL, HP, ADDRESS, REGIDATE, SELLER) VALUES ('user30','$2a$10$a2Pv8fXzaEsBjXDRzm3zbOuvgfcWvFeigRBDBjaKye9u.AV6YzRVa','공무원','mpbs215@naver.com','010-0000-0027','서울 은평구 불광동 8-63',to_timestamp( sysdate, 'YYYY-MM-DD HH24:MI:SS'),'0');
-- 29  행에 대한 삽입 실패
 
--행 29
INSERT INTO USER_INFO_TB (USER_ID, PASSWORD, USER_NAME, EMAIL, HP, ADDRESS, REGIDATE, SELLER) VALUES ('user31','$2a$10$a2Pv8fXzaEsBjXDRzm3zbOuvgfcWvFeigRBDBjaKye9u.AV6YzRVa','공무원','mpbs215@naver.com','010-0000-0028','서울 은평구 불광동 8-63',to_timestamp( sysdate, 'YYYY-MM-DD HH24:MI:SS'),'0');
-- 30  행에 대한 삽입 실패
 
--행 30
INSERT INTO USER_INFO_TB (USER_ID, PASSWORD, USER_NAME, EMAIL, HP, ADDRESS, REGIDATE, SELLER) VALUES ('user32','$2a$10$a2Pv8fXzaEsBjXDRzm3zbOuvgfcWvFeigRBDBjaKye9u.AV6YzRVa','공무원','mpbs215@naver.com','010-0000-0029','서울 은평구 불광동 8-63',to_timestamp( sysdate, 'YYYY-MM-DD HH24:MI:SS'),'0');
-- 31  행에 대한 삽입 실패
 
--행 31
INSERT INTO USER_INFO_TB (USER_ID, PASSWORD, USER_NAME, EMAIL, HP, ADDRESS, REGIDATE, SELLER) VALUES ('user33','$2a$10$a2Pv8fXzaEsBjXDRzm3zbOuvgfcWvFeigRBDBjaKye9u.AV6YzRVa','공무원','mpbs215@naver.com','010-0000-0030','서울 은평구 불광동 8-63',to_timestamp( sysdate, 'YYYY-MM-DD HH24:MI:SS'),'0');
-- 32  행에 대한 삽입 실패
 
--행 32
INSERT INTO USER_INFO_TB (USER_ID, PASSWORD, USER_NAME, EMAIL, HP, ADDRESS, REGIDATE, SELLER) VALUES ('user34','$2a$10$a2Pv8fXzaEsBjXDRzm3zbOuvgfcWvFeigRBDBjaKye9u.AV6YzRVa','공무원','mpbs215@naver.com','010-0000-0031','서울 은평구 불광동 8-63',to_timestamp( sysdate, 'YYYY-MM-DD HH24:MI:SS'),'0');
-- 33  행에 대한 삽입 실패
 
--행 33
INSERT INTO USER_INFO_TB (USER_ID, PASSWORD, USER_NAME, EMAIL, HP, ADDRESS, REGIDATE, SELLER) VALUES ('user35','$2a$10$a2Pv8fXzaEsBjXDRzm3zbOuvgfcWvFeigRBDBjaKye9u.AV6YzRVa','공무원','mpbs215@naver.com','010-0000-0032','서울 은평구 불광동 8-63',to_timestamp( sysdate, 'YYYY-MM-DD HH24:MI:SS'),'0');
-- 34  행에 대한 삽입 실패
 
--행 34
INSERT INTO USER_INFO_TB (USER_ID, PASSWORD, USER_NAME, EMAIL, HP, ADDRESS, REGIDATE, SELLER) VALUES ('user36','$2a$10$a2Pv8fXzaEsBjXDRzm3zbOuvgfcWvFeigRBDBjaKye9u.AV6YzRVa','공무원','mpbs215@naver.com','010-0000-0033','서울 은평구 불광동 8-63',to_timestamp( sysdate, 'YYYY-MM-DD HH24:MI:SS'),'0');
-- 35  행에 대한 삽입 실패
 
--행 35
INSERT INTO USER_INFO_TB (USER_ID, PASSWORD, USER_NAME, EMAIL, HP, ADDRESS, REGIDATE, SELLER) VALUES ('user37','$2a$10$a2Pv8fXzaEsBjXDRzm3zbOuvgfcWvFeigRBDBjaKye9u.AV6YzRVa','공무원','mpbs215@naver.com','010-0000-0034','서울 은평구 불광동 8-63',to_timestamp( sysdate, 'YYYY-MM-DD HH24:MI:SS'),'0');
-- 36  행에 대한 삽입 실패
 
--행 36
INSERT INTO USER_INFO_TB (USER_ID, PASSWORD, USER_NAME, EMAIL, HP, ADDRESS, REGIDATE, SELLER) VALUES ('user38','$2a$10$a2Pv8fXzaEsBjXDRzm3zbOuvgfcWvFeigRBDBjaKye9u.AV6YzRVa','공무원','mpbs215@naver.com','010-0000-0035','서울 은평구 불광동 8-63',to_timestamp( sysdate, 'YYYY-MM-DD HH24:MI:SS'),'0');
-- 37  행에 대한 삽입 실패
 
--행 37
INSERT INTO USER_INFO_TB (USER_ID, PASSWORD, USER_NAME, EMAIL, HP, ADDRESS, REGIDATE, SELLER) VALUES ('user39','$2a$10$a2Pv8fXzaEsBjXDRzm3zbOuvgfcWvFeigRBDBjaKye9u.AV6YzRVa','공무원','mpbs215@naver.com','010-0000-0036','서울 은평구 불광동 8-63',to_timestamp( sysdate, 'YYYY-MM-DD HH24:MI:SS'),'0');
-- 38  행에 대한 삽입 실패
 
--행 38
INSERT INTO USER_INFO_TB (USER_ID, PASSWORD, USER_NAME, EMAIL, HP, ADDRESS, REGIDATE, SELLER) VALUES ('user40','$2a$10$a2Pv8fXzaEsBjXDRzm3zbOuvgfcWvFeigRBDBjaKye9u.AV6YzRVa','공무원','mpbs215@naver.com','010-0000-0037','서울 은평구 불광동 8-63',to_timestamp( sysdate, 'YYYY-MM-DD HH24:MI:SS'),'0');
-- 39  행에 대한 삽입 실패
 
--행 39
INSERT INTO USER_INFO_TB (USER_ID, PASSWORD, USER_NAME, EMAIL, HP, ADDRESS, REGIDATE, SELLER) VALUES ('user41','$2a$10$a2Pv8fXzaEsBjXDRzm3zbOuvgfcWvFeigRBDBjaKye9u.AV6YzRVa','공무원','mpbs215@naver.com','010-0000-0038','서울 은평구 불광동 8-63',to_timestamp( sysdate, 'YYYY-MM-DD HH24:MI:SS'),'0');
-- 40  행에 대한 삽입 실패
 
--행 40
INSERT INTO USER_INFO_TB (USER_ID, PASSWORD, USER_NAME, EMAIL, HP, ADDRESS, REGIDATE, SELLER) VALUES ('user42','$2a$10$a2Pv8fXzaEsBjXDRzm3zbOuvgfcWvFeigRBDBjaKye9u.AV6YzRVa','공무원','mpbs215@naver.com','010-0000-0039','서울 은평구 불광동 8-63',to_timestamp( sysdate, 'YYYY-MM-DD HH24:MI:SS'),'0');
-- 41  행에 대한 삽입 실패
 
--행 41
INSERT INTO USER_INFO_TB (USER_ID, PASSWORD, USER_NAME, EMAIL, HP, ADDRESS, REGIDATE, SELLER) VALUES ('user43','$2a$10$a2Pv8fXzaEsBjXDRzm3zbOuvgfcWvFeigRBDBjaKye9u.AV6YzRVa','공무원','mpbs215@naver.com','010-0000-0040','서울 은평구 불광동 8-63',to_timestamp( sysdate, 'YYYY-MM-DD HH24:MI:SS'),'0');
-- 42  행에 대한 삽입 실패
 
--행 42
INSERT INTO USER_INFO_TB (USER_ID, PASSWORD, USER_NAME, EMAIL, HP, ADDRESS, REGIDATE, SELLER) VALUES ('user44','$2a$10$a2Pv8fXzaEsBjXDRzm3zbOuvgfcWvFeigRBDBjaKye9u.AV6YzRVa','공무원','mpbs215@naver.com','010-0000-0041','서울 은평구 불광동 8-63',to_timestamp( sysdate, 'YYYY-MM-DD HH24:MI:SS'),'0');
-- 43  행에 대한 삽입 실패
 
--행 43
INSERT INTO USER_INFO_TB (USER_ID, PASSWORD, USER_NAME, EMAIL, HP, ADDRESS, REGIDATE, SELLER) VALUES ('user45','$2a$10$a2Pv8fXzaEsBjXDRzm3zbOuvgfcWvFeigRBDBjaKye9u.AV6YzRVa','공무원','mpbs215@naver.com','010-0000-0042','서울 은평구 불광동 8-63',to_timestamp( sysdate, 'YYYY-MM-DD HH24:MI:SS'),'0');
-- 44  행에 대한 삽입 실패
 
--행 44
INSERT INTO USER_INFO_TB (USER_ID, PASSWORD, USER_NAME, EMAIL, HP, ADDRESS, REGIDATE, SELLER) VALUES ('user46','$2a$10$a2Pv8fXzaEsBjXDRzm3zbOuvgfcWvFeigRBDBjaKye9u.AV6YzRVa','공무원','mpbs215@naver.com','010-0000-0043','서울 은평구 불광동 8-63',to_timestamp( sysdate, 'YYYY-MM-DD HH24:MI:SS'),'0');
-- 45  행에 대한 삽입 실패
 
--행 45
INSERT INTO USER_INFO_TB (USER_ID, PASSWORD, USER_NAME, EMAIL, HP, ADDRESS, REGIDATE, SELLER) VALUES ('user47','$2a$10$a2Pv8fXzaEsBjXDRzm3zbOuvgfcWvFeigRBDBjaKye9u.AV6YzRVa','공무원','mpbs215@naver.com','010-0000-0044','서울 은평구 불광동 8-63',to_timestamp( sysdate, 'YYYY-MM-DD HH24:MI:SS'),'0');
-- 46  행에 대한 삽입 실패
 
--행 46
INSERT INTO USER_INFO_TB (USER_ID, PASSWORD, USER_NAME, EMAIL, HP, ADDRESS, REGIDATE, SELLER) VALUES ('user48','$2a$10$a2Pv8fXzaEsBjXDRzm3zbOuvgfcWvFeigRBDBjaKye9u.AV6YzRVa','공무원','mpbs215@naver.com','010-0000-0045','서울 은평구 불광동 8-63',to_timestamp( sysdate, 'YYYY-MM-DD HH24:MI:SS'),'0');
-- 47  행에 대한 삽입 실패
 
--행 47
INSERT INTO USER_INFO_TB (USER_ID, PASSWORD, USER_NAME, EMAIL, HP, ADDRESS, REGIDATE, SELLER) VALUES ('user49','$2a$10$a2Pv8fXzaEsBjXDRzm3zbOuvgfcWvFeigRBDBjaKye9u.AV6YzRVa','공무원','mpbs215@naver.com','010-0000-0046','서울 은평구 불광동 8-63',to_timestamp( sysdate, 'YYYY-MM-DD HH24:MI:SS'),'0');
-- 48  행에 대한 삽입 실패
 
--행 48
INSERT INTO USER_INFO_TB (USER_ID, PASSWORD, USER_NAME, EMAIL, HP, ADDRESS, REGIDATE, SELLER) VALUES ('user50','$2a$10$a2Pv8fXzaEsBjXDRzm3zbOuvgfcWvFeigRBDBjaKye9u.AV6YzRVa','공무원','mpbs215@naver.com','010-0000-0047','서울 은평구 불광동 8-63',to_timestamp( sysdate, 'YYYY-MM-DD HH24:MI:SS'),'0');
-- 49  행에 대한 삽입 실패
 
--행 49
INSERT INTO USER_INFO_TB (USER_ID, PASSWORD, USER_NAME, EMAIL, HP, ADDRESS, REGIDATE, SELLER) VALUES ('user51','$2a$10$a2Pv8fXzaEsBjXDRzm3zbOuvgfcWvFeigRBDBjaKye9u.AV6YzRVa','공무원','mpbs215@naver.com','010-0000-0048','서울 은평구 불광동 8-63',to_timestamp( sysdate, 'YYYY-MM-DD HH24:MI:SS'),'0');
-- 50  행에 대한 삽입 실패
 
--행 50
INSERT INTO USER_INFO_TB (USER_ID, PASSWORD, USER_NAME, EMAIL, HP, ADDRESS, REGIDATE, SELLER) VALUES ('user52','$2a$10$a2Pv8fXzaEsBjXDRzm3zbOuvgfcWvFeigRBDBjaKye9u.AV6YzRVa','공무원','mpbs215@naver.com','010-0000-0049','서울 은평구 불광동 8-63',to_timestamp( sysdate, 'YYYY-MM-DD HH24:MI:SS'),'0');
-- 51  행에 대한 삽입 실패
 
--행 51
INSERT INTO USER_INFO_TB (USER_ID, PASSWORD, USER_NAME, EMAIL, HP, ADDRESS, REGIDATE, SELLER) VALUES ('user53','$2a$10$a2Pv8fXzaEsBjXDRzm3zbOuvgfcWvFeigRBDBjaKye9u.AV6YzRVa','공무원','mpbs215@naver.com','010-0000-0050','서울 은평구 불광동 8-63',to_timestamp( sysdate, 'YYYY-MM-DD HH24:MI:SS'),'0');


--행 1
INSERT INTO AUTHORITY_TB (USER_ID, ROLE, KEY, HP) VALUES ('user3','ROLE_USER','0.0','0');
--행 2
INSERT INTO AUTHORITY_TB (USER_ID, ROLE, KEY, HP) VALUES ('user4','ROLE_USER','0.0','0');
--행 3
INSERT INTO AUTHORITY_TB (USER_ID, ROLE, KEY, HP) VALUES ('user5','ROLE_USER','0.0','0');
--행 4
INSERT INTO AUTHORITY_TB (USER_ID, ROLE, KEY, HP) VALUES ('user6','ROLE_USER','0.0','0');
--행 5
INSERT INTO AUTHORITY_TB (USER_ID, ROLE, KEY, HP) VALUES ('user7','ROLE_USER','0.0','0');
--행 6
INSERT INTO AUTHORITY_TB (USER_ID, ROLE, KEY, HP) VALUES ('user8','ROLE_USER','0.0','0');
--행 7
INSERT INTO AUTHORITY_TB (USER_ID, ROLE, KEY, HP) VALUES ('user9','ROLE_USER','0.0','0');
--행 8
INSERT INTO AUTHORITY_TB (USER_ID, ROLE, KEY, HP) VALUES ('user10','ROLE_USER','0.0','0');
--행 9
INSERT INTO AUTHORITY_TB (USER_ID, ROLE, KEY, HP) VALUES ('user11','ROLE_USER','0.0','0');
--행 10
INSERT INTO AUTHORITY_TB (USER_ID, ROLE, KEY, HP) VALUES ('user12','ROLE_USER','0.0','0');
--행 11
INSERT INTO AUTHORITY_TB (USER_ID, ROLE, KEY, HP) VALUES ('user13','ROLE_USER','0.0','0');
--행 12
INSERT INTO AUTHORITY_TB (USER_ID, ROLE, KEY, HP) VALUES ('user14','ROLE_USER','0.0','0');
--행 13
INSERT INTO AUTHORITY_TB (USER_ID, ROLE, KEY, HP) VALUES ('user15','ROLE_USER','0.0','0');
--행 14
INSERT INTO AUTHORITY_TB (USER_ID, ROLE, KEY, HP) VALUES ('user16','ROLE_USER','0.0','0');
--행 15
INSERT INTO AUTHORITY_TB (USER_ID, ROLE, KEY, HP) VALUES ('user17','ROLE_USER','0.0','0');
--행 16
INSERT INTO AUTHORITY_TB (USER_ID, ROLE, KEY, HP) VALUES ('user18','ROLE_USER','0.0','0');
--행 17
INSERT INTO AUTHORITY_TB (USER_ID, ROLE, KEY, HP) VALUES ('user19','ROLE_USER','0.0','0');
--행 18
INSERT INTO AUTHORITY_TB (USER_ID, ROLE, KEY, HP) VALUES ('user20','ROLE_USER','0.0','0');
--행 19
INSERT INTO AUTHORITY_TB (USER_ID, ROLE, KEY, HP) VALUES ('user21','ROLE_USER','0.0','0');
--행 20
INSERT INTO AUTHORITY_TB (USER_ID, ROLE, KEY, HP) VALUES ('user22','ROLE_USER','0.0','0');
--행 21
INSERT INTO AUTHORITY_TB (USER_ID, ROLE, KEY, HP) VALUES ('user23','ROLE_USER','0.0','0');
--행 22
INSERT INTO AUTHORITY_TB (USER_ID, ROLE, KEY, HP) VALUES ('user24','ROLE_USER','0.0','0');
--행 23
INSERT INTO AUTHORITY_TB (USER_ID, ROLE, KEY, HP) VALUES ('user25','ROLE_USER','0.0','0');
--행 24
INSERT INTO AUTHORITY_TB (USER_ID, ROLE, KEY, HP) VALUES ('user26','ROLE_USER','0.0','0');
--행 25
INSERT INTO AUTHORITY_TB (USER_ID, ROLE, KEY, HP) VALUES ('user27','ROLE_USER','0.0','0');
--행 26
INSERT INTO AUTHORITY_TB (USER_ID, ROLE, KEY, HP) VALUES ('user28','ROLE_USER','0.0','0');
--행 27
INSERT INTO AUTHORITY_TB (USER_ID, ROLE, KEY, HP) VALUES ('user29','ROLE_USER','0.0','0');
--행 28
INSERT INTO AUTHORITY_TB (USER_ID, ROLE, KEY, HP) VALUES ('user30','ROLE_USER','0.0','0');
--행 29
INSERT INTO AUTHORITY_TB (USER_ID, ROLE, KEY, HP) VALUES ('user31','ROLE_USER','0.0','0');
--행 30
INSERT INTO AUTHORITY_TB (USER_ID, ROLE, KEY, HP) VALUES ('user32','ROLE_USER','0.0','0');
--행 31
INSERT INTO AUTHORITY_TB (USER_ID, ROLE, KEY, HP) VALUES ('user33','ROLE_USER','0.0','0');
--행 32
INSERT INTO AUTHORITY_TB (USER_ID, ROLE, KEY, HP) VALUES ('user34','ROLE_USER','0.0','0');
--행 33
INSERT INTO AUTHORITY_TB (USER_ID, ROLE, KEY, HP) VALUES ('user35','ROLE_USER','0.0','0');
--행 34
INSERT INTO AUTHORITY_TB (USER_ID, ROLE, KEY, HP) VALUES ('user36','ROLE_USER','0.0','0');
--행 35
INSERT INTO AUTHORITY_TB (USER_ID, ROLE, KEY, HP) VALUES ('user37','ROLE_USER','0.0','0');
--행 36
INSERT INTO AUTHORITY_TB (USER_ID, ROLE, KEY, HP) VALUES ('user38','ROLE_USER','0.0','0');
--행 37
INSERT INTO AUTHORITY_TB (USER_ID, ROLE, KEY, HP) VALUES ('user39','ROLE_USER','0.0','0');
--행 38
INSERT INTO AUTHORITY_TB (USER_ID, ROLE, KEY, HP) VALUES ('user40','ROLE_USER','0.0','0');
--행 39
INSERT INTO AUTHORITY_TB (USER_ID, ROLE, KEY, HP) VALUES ('user41','ROLE_USER','0.0','0');
--행 40
INSERT INTO AUTHORITY_TB (USER_ID, ROLE, KEY, HP) VALUES ('user42','ROLE_USER','0.0','0');
--행 41
INSERT INTO AUTHORITY_TB (USER_ID, ROLE, KEY, HP) VALUES ('user43','ROLE_USER','0.0','0');
--행 42
INSERT INTO AUTHORITY_TB (USER_ID, ROLE, KEY, HP) VALUES ('user44','ROLE_USER','0.0','0');
--행 43
INSERT INTO AUTHORITY_TB (USER_ID, ROLE, KEY, HP) VALUES ('user45','ROLE_USER','0.0','0');
--행 44
INSERT INTO AUTHORITY_TB (USER_ID, ROLE, KEY, HP) VALUES ('user46','ROLE_USER','0.0','0');
--행 45
INSERT INTO AUTHORITY_TB (USER_ID, ROLE, KEY, HP) VALUES ('user47','ROLE_USER','0.0','0');
--행 46
INSERT INTO AUTHORITY_TB (USER_ID, ROLE, KEY, HP) VALUES ('user48','ROLE_USER','0.0','0');
--행 47
INSERT INTO AUTHORITY_TB (USER_ID, ROLE, KEY, HP) VALUES ('user49','ROLE_USER','0.0','0');
--행 48
INSERT INTO AUTHORITY_TB (USER_ID, ROLE, KEY, HP) VALUES ('user50','ROLE_USER','0.0','0');
--행 49
INSERT INTO AUTHORITY_TB (USER_ID, ROLE, KEY, HP) VALUES ('user51','ROLE_USER','0.0','0');
--행 50
INSERT INTO AUTHORITY_TB (USER_ID, ROLE, KEY, HP) VALUES ('user52','ROLE_USER','0.0','0');
--행 51
INSERT INTO AUTHORITY_TB (USER_ID, ROLE, KEY, HP) VALUES ('user53','ROLE_USER','0.0','0');

--행 1
INSERT INTO PARK_TB (PARK_NO, USER_ID, PARK_NAME, PARK_ADDR, PARK_SIZE, PARK_CONTENT, PRICE) VALUES (park_seq.nextval,'seller','연신중학교 주차장','서울특별시 은평구 연서로33길 16-32 연신중학교',3000,'연신중학교 주차장',6000.0);
--행 2
INSERT INTO PARK_TB (PARK_NO, USER_ID, PARK_NAME, PARK_ADDR, PARK_SIZE, PARK_CONTENT, PRICE) VALUES (park_seq.nextval,'seller','메트로타워 주차장','서울특별시 은평구 불광동 311-13',3000,'메트로타워 주차장',7000.0);
--행 3
INSERT INTO PARK_TB (PARK_NO, USER_ID, PARK_NAME, PARK_ADDR, PARK_SIZE, PARK_CONTENT, PRICE) VALUES (park_seq.nextval,'seller','연광초교 주차장','서울특별시 은평구 연서로35길 37 연광초등학교',3000,'연광초교 주차장',10000.0);
--행 4
INSERT INTO PARK_TB (PARK_NO, USER_ID, PARK_NAME, PARK_ADDR, PARK_SIZE, PARK_CONTENT, PRICE) VALUES (park_seq.nextval,'seller','세종빌딩 주차장','서울특별시 은평구 불광2동 322-3',3000,'세종빌딩 주차장',1000.0);
--행 5
INSERT INTO PARK_TB (PARK_NO, USER_ID, PARK_NAME, PARK_ADDR, PARK_SIZE, PARK_CONTENT, PRICE) VALUES (park_seq.nextval,'seller','범서쇼핑 주차장','서울특별시 은평구 불광2동 308-19',3000,'범서쇼핑 주차장',8000.0);
--행 6
INSERT INTO PARK_TB (PARK_NO, USER_ID, PARK_NAME, PARK_ADDR, PARK_SIZE, PARK_CONTENT, PRICE) VALUES (park_seq.nextval,'seller','은평구립도서관주차장','서울특별시 은평구 통일로78가길 13-84 은평구립도서관',3000,'은평구립도서관주차장',5500.0);
--행 7
INSERT INTO PARK_TB (PARK_NO, USER_ID, PARK_NAME, PARK_ADDR, PARK_SIZE, PARK_CONTENT, PRICE) VALUES (park_seq.nextval,'seller','대성민영주차장','서울특별시 은평구 통일로 838-4',3000,'대성민영주차장',6000.0);
--행 8
INSERT INTO PARK_TB (PARK_NO, USER_ID, PARK_NAME, PARK_ADDR, PARK_SIZE, PARK_CONTENT, PRICE) VALUES (park_seq.nextval,'seller','유료 민영 주차장','서울특별시 은평구 불광로 90 대호프라자아파트',3000,'유료 민영 주차장',7000.0);
--행 9
INSERT INTO PARK_TB (PARK_NO, USER_ID, PARK_NAME, PARK_ADDR, PARK_SIZE, PARK_CONTENT, PRICE) VALUES (park_seq.nextval,'seller','수양민영주차장','서울특별시 은평구 불광1동 13-5',3000,'수양민영주차장',10000.0);
--행 10
INSERT INTO PARK_TB (PARK_NO, USER_ID, PARK_NAME, PARK_ADDR, PARK_SIZE, PARK_CONTENT, PRICE) VALUES (park_seq.nextval,'seller','정원빌딩 주차장','서울특별시 은평구 연서로32길 3',3000,'정원빌딩 주차장',1000.0);
--행 11
INSERT INTO PARK_TB (PARK_NO, USER_ID, PARK_NAME, PARK_ADDR, PARK_SIZE, PARK_CONTENT, PRICE) VALUES (park_seq.nextval,'seller','유진상가앞 노상 공영 주차장','서울특별시 서대문구 통일로 484 유진상가',3000,'유진상가앞 노상 공영 주차장',8000.0);
--행 12
INSERT INTO PARK_TB (PARK_NO, USER_ID, PARK_NAME, PARK_ADDR, PARK_SIZE, PARK_CONTENT, PRICE) VALUES (park_seq.nextval,'seller','홍제시장민영주차장','서울특별시 서대문구 통일로 445-1',3000,'홍제시장민영주차장',5500.0);
--행 13
INSERT INTO PARK_TB (PARK_NO, USER_ID, PARK_NAME, PARK_ADDR, PARK_SIZE, PARK_CONTENT, PRICE) VALUES (park_seq.nextval,'seller','홍제2주차장','서울특별시 서대문구 통일로 426',3000,'홍제2주차장',6000.0);
--행 14
INSERT INTO PARK_TB (PARK_NO, USER_ID, PARK_NAME, PARK_ADDR, PARK_SIZE, PARK_CONTENT, PRICE) VALUES (park_seq.nextval,'seller','홍제 화인빌딩 주차장','서울특별시 서대문구 통일로 413 연세스포츠센터',3000,'홍제 화인빌딩 주차장',7000.0);
--행 15
INSERT INTO PARK_TB (PARK_NO, USER_ID, PARK_NAME, PARK_ADDR, PARK_SIZE, PARK_CONTENT, PRICE) VALUES (park_seq.nextval,'seller','구산동마을공원 공영 주차장 ','서울특별시 은평구 구산동 340-1',3000,'구산동마을공원 공영?주차장?',10000.0);
--행 16
INSERT INTO PARK_TB (PARK_NO, USER_ID, PARK_NAME, PARK_ADDR, PARK_SIZE, PARK_CONTENT, PRICE) VALUES (park_seq.nextval,'seller','대영민영주차장','서울특별시 은평구 통일로 863-12',3000,'대영민영주차장',1000.0);
--행 17
INSERT INTO PARK_TB (PARK_NO, USER_ID, PARK_NAME, PARK_ADDR, PARK_SIZE, PARK_CONTENT, PRICE) VALUES (park_seq.nextval,'seller','갈현1동공영주차장','서울특별시 은평구 갈현로41가길 16 갈현동공동주차장',3000,'갈현1동공영주차장',8000.0);
--행 18
INSERT INTO PARK_TB (PARK_NO, USER_ID, PARK_NAME, PARK_ADDR, PARK_SIZE, PARK_CONTENT, PRICE) VALUES (park_seq.nextval,'seller','아이레네안경 민영 주차장','서울특별시 은평구 연서로 209 보성빌',3000,'아이레네안경 민영 주차장',5500.0);
--행 19
INSERT INTO PARK_TB (PARK_NO, USER_ID, PARK_NAME, PARK_ADDR, PARK_SIZE, PARK_CONTENT, PRICE) VALUES (park_seq.nextval,'seller','영진빌딩 주차장','서울특별시 은평구 연서로 137 영진빌딩',3000,'영진빌딩 주차장',6000.0);
--행 20
INSERT INTO PARK_TB (PARK_NO, USER_ID, PARK_NAME, PARK_ADDR, PARK_SIZE, PARK_CONTENT, PRICE) VALUES (park_seq.nextval,'seller','청구성심병원외래민영주차장','서울특별시 은평구 갈현동 404-9',2500,'청구성심병원외래민영주차장',7000.0);
--행 21
INSERT INTO PARK_TB (PARK_NO, USER_ID, PARK_NAME, PARK_ADDR, PARK_SIZE, PARK_CONTENT, PRICE) VALUES (park_seq.nextval,'seller','Y타운 주차장','서울특별시 은평구 통일로 855-8 연신내진원와이타운',3500,'Y타운 주차장',10000.0);
--행 22
INSERT INTO PARK_TB (PARK_NO, USER_ID, PARK_NAME, PARK_ADDR, PARK_SIZE, PARK_CONTENT, PRICE) VALUES (park_seq.nextval,'seller','응암공영주차장','서울 은평구 불광천길 436',4500,'응암공영주차장',1000.0);
--행 23
INSERT INTO PARK_TB (PARK_NO, USER_ID, PARK_NAME, PARK_ADDR, PARK_SIZE, PARK_CONTENT, PRICE) VALUES (park_seq.nextval,'seller','매바위공동주차장','서울 은평구 응암동 747-8',3000,'매바위공동주차장',8000.0);
--행 24
INSERT INTO PARK_TB (PARK_NO, USER_ID, PARK_NAME, PARK_ADDR, PARK_SIZE, PARK_CONTENT, PRICE) VALUES (park_seq.nextval,'seller','응암주차장','서울 은평구 응암동 117-24',2500,'응암주차장',5500.0);
--행 25
INSERT INTO PARK_TB (PARK_NO, USER_ID, PARK_NAME, PARK_ADDR, PARK_SIZE, PARK_CONTENT, PRICE) VALUES (park_seq.nextval,'seller','연송주차장','서울 은평구 응암로 156',3500,'연송주차장',6000.0);
--행 26
INSERT INTO PARK_TB (PARK_NO, USER_ID, PARK_NAME, PARK_ADDR, PARK_SIZE, PARK_CONTENT, PRICE) VALUES (park_seq.nextval,'seller','남영주차장','서울 은평구 가좌로 215',4500,'남영주차장',7000.0);
--행 27
INSERT INTO PARK_TB (PARK_NO, USER_ID, PARK_NAME, PARK_ADDR, PARK_SIZE, PARK_CONTENT, PRICE) VALUES (park_seq.nextval,'seller','삼일주차장','서울 은평구 응암로 217',3000,'삼일주차장',10000.0);
--행 28
INSERT INTO PARK_TB (PARK_NO, USER_ID, PARK_NAME, PARK_ADDR, PARK_SIZE, PARK_CONTENT, PRICE) VALUES (park_seq.nextval,'seller','디지털미디어시티역 주차장','서울 은평구 수색로 193',2500,'디지털미디어시티역 주차장',1000.0);
--행 29
INSERT INTO PARK_TB (PARK_NO, USER_ID, PARK_NAME, PARK_ADDR, PARK_SIZE, PARK_CONTENT, PRICE) VALUES (park_seq.nextval,'seller','지하주차장','서울 은평구 증산서길 132',3500,'지하주차장',8000.0);
--행 30
INSERT INTO PARK_TB (PARK_NO, USER_ID, PARK_NAME, PARK_ADDR, PARK_SIZE, PARK_CONTENT, PRICE) VALUES (park_seq.nextval,'seller','상암1공영주차장','서울 마포구 성암로 197',4500,'상암1공영주차장',5500.0);
--행 31
INSERT INTO PARK_TB (PARK_NO, USER_ID, PARK_NAME, PARK_ADDR, PARK_SIZE, PARK_CONTENT, PRICE) VALUES (park_seq.nextval,'seller','상암DMC 주차장','서울 마포구 상암동 1145-1',3000,'상암DMC 주차장',6000.0);
--행 32
INSERT INTO PARK_TB (PARK_NO, USER_ID, PARK_NAME, PARK_ADDR, PARK_SIZE, PARK_CONTENT, PRICE) VALUES (park_seq.nextval,'seller','서신초등학교 지하공영주차장','서울 은평구 신사2동 193-9',2500,'서신초등학교 지하공영주차장',7000.0);
--행 33
INSERT INTO PARK_TB (PARK_NO, USER_ID, PARK_NAME, PARK_ADDR, PARK_SIZE, PARK_CONTENT, PRICE) VALUES (park_seq.nextval,'seller','상암DDMC 주차장','서울 마포구 매봉산로 75',3500,'상암DDMC 주차장',10000.0);
--행 34
INSERT INTO PARK_TB (PARK_NO, USER_ID, PARK_NAME, PARK_ADDR, PARK_SIZE, PARK_CONTENT, PRICE) VALUES (park_seq.nextval,'seller','수색역 주차장','서울 은평구 수색로 229',4500,'수색역 주차장',1000.0);
--행 35
INSERT INTO PARK_TB (PARK_NO, USER_ID, PARK_NAME, PARK_ADDR, PARK_SIZE, PARK_CONTENT, PRICE) VALUES (park_seq.nextval,'seller','서부프라자 주차장','서울 서대문구 응암로 58',3000,'서부프라자 주차장',8000.0);
--행 36
INSERT INTO PARK_TB (PARK_NO, USER_ID, PARK_NAME, PARK_ADDR, PARK_SIZE, PARK_CONTENT, PRICE) VALUES (park_seq.nextval,'seller','북한산성 제1주차장','서울 은평구 대서문길 24',2500,'북한산성 제1주차장',5500.0);
--행 37
INSERT INTO PARK_TB (PARK_NO, USER_ID, PARK_NAME, PARK_ADDR, PARK_SIZE, PARK_CONTENT, PRICE) VALUES (park_seq.nextval,'seller','롯데몰 은평점 주차장','서울 은평구 통일로 1050',3500,'롯데몰 은평점 주차장',6000.0);
--행 38
INSERT INTO PARK_TB (PARK_NO, USER_ID, PARK_NAME, PARK_ADDR, PARK_SIZE, PARK_CONTENT, PRICE) VALUES (park_seq.nextval,'seller','에코테라스 주차장','서울 은평구 진관동 66-9',4500,'에코테라스 주차장',7000.0);
--행 39
INSERT INTO PARK_TB (PARK_NO, USER_ID, PARK_NAME, PARK_ADDR, PARK_SIZE, PARK_CONTENT, PRICE) VALUES (park_seq.nextval,'seller','새장골공영주차장','서울 은평구 통일로92다길 16-23',3000,'새장골공영주차장',10000.0);
--행 40
INSERT INTO PARK_TB (PARK_NO, USER_ID, PARK_NAME, PARK_ADDR, PARK_SIZE, PARK_CONTENT, PRICE) VALUES (park_seq.nextval,'seller','양지주차장','서울 은평구 연서로28길 8',2500,'양지주차장',1000.0);
--행 41
INSERT INTO PARK_TB (PARK_NO, USER_ID, PARK_NAME, PARK_ADDR, PARK_SIZE, PARK_CONTENT, PRICE) VALUES (park_seq.nextval,'seller','유료대조주차장','서울 은평구 연서로 214',3500,'유료대조주차장',8000.0);
--행 42
INSERT INTO PARK_TB (PARK_NO, USER_ID, PARK_NAME, PARK_ADDR, PARK_SIZE, PARK_CONTENT, PRICE) VALUES (park_seq.nextval,'seller','경복궁 주차장','서울 종로구 세종로 1-57',4500,'경복궁 주차장',5500.0);
--행 43
INSERT INTO PARK_TB (PARK_NO, USER_ID, PARK_NAME, PARK_ADDR, PARK_SIZE, PARK_CONTENT, PRICE) VALUES (park_seq.nextval,'seller','원서공원앞주차장','서울 종로구 와룡동 3-2',3000,'원서공원앞주차장',6000.0);
--행 44
INSERT INTO PARK_TB (PARK_NO, USER_ID, PARK_NAME, PARK_ADDR, PARK_SIZE, PARK_CONTENT, PRICE) VALUES (park_seq.nextval,'seller','AJ파크 해영회관점','서울 종로구 율곡로 53',2500,'AJ파크 해영회관점',7000.0);
--행 45
INSERT INTO PARK_TB (PARK_NO, USER_ID, PARK_NAME, PARK_ADDR, PARK_SIZE, PARK_CONTENT, PRICE) VALUES (park_seq.nextval,'seller','서울시립정독도서관 1주차장','서울 종로구 소격동 142-3',3500,'서울시립정독도서관 1주차장',10000.0);
--행 46
INSERT INTO PARK_TB (PARK_NO, USER_ID, PARK_NAME, PARK_ADDR, PARK_SIZE, PARK_CONTENT, PRICE) VALUES (park_seq.nextval,'seller','서인사마당 공영주차장','서울 종로구 인사동11길 19',4500,'서인사마당 공영주차장',1000.0);
--행 47
INSERT INTO PARK_TB (PARK_NO, USER_ID, PARK_NAME, PARK_ADDR, PARK_SIZE, PARK_CONTENT, PRICE) VALUES (park_seq.nextval,'seller','그랑서울 주차장','서울 종로구 종로 33',3000,'그랑서울 주차장',8000.0);
--행 48
INSERT INTO PARK_TB (PARK_NO, USER_ID, PARK_NAME, PARK_ADDR, PARK_SIZE, PARK_CONTENT, PRICE) VALUES (park_seq.nextval,'seller','세종로공영주차장','서울 종로구 세종대로 189',2500,'세종로공영주차장',5500.0);
--행 49
INSERT INTO PARK_TB (PARK_NO, USER_ID, PARK_NAME, PARK_ADDR, PARK_SIZE, PARK_CONTENT, PRICE) VALUES (park_seq.nextval,'seller','낙원상가옆주차장','서울 종로구 삼일대로 428',3500,'낙원상가옆주차장',6000.0);
--행 50
INSERT INTO PARK_TB (PARK_NO, USER_ID, PARK_NAME, PARK_ADDR, PARK_SIZE, PARK_CONTENT, PRICE) VALUES (park_seq.nextval,'seller','국립현대미술관 서울관 주차장','서울 종로구 삼청로 30',4500,'국립현대미술관 서울관 주차장',7000.0);
--행 51
INSERT INTO PARK_TB (PARK_NO, USER_ID, PARK_NAME, PARK_ADDR, PARK_SIZE, PARK_CONTENT, PRICE) VALUES (park_seq.nextval,'seller','종각공영주차장','서울 종로구 관철동 13-22',3000,'종각공영주차장',10000.0);
--행 52
INSERT INTO PARK_TB (PARK_NO, USER_ID, PARK_NAME, PARK_ADDR, PARK_SIZE, PARK_CONTENT, PRICE) VALUES (park_seq.nextval,'seller','건국주차장','서울 종로구 인사동4길 17',2500,'건국주차장',1000.0);


--행 1
INSERT INTO PARK_REGIST_TB (PARK_NO, REGI_START, REGI_END) VALUES (2,to_timestamp('06/24/2018', 'mm/dd/yyyy'),to_timestamp('06/29/2018', 'mm/dd/yyyy'));
--행 2
INSERT INTO PARK_REGIST_TB (PARK_NO, REGI_START, REGI_END) VALUES (3,to_timestamp('06/24/2018', 'mm/dd/yyyy'),to_timestamp('06/30/2018', 'mm/dd/yyyy'));
--행 3
INSERT INTO PARK_REGIST_TB (PARK_NO, REGI_START, REGI_END) VALUES (4,to_timestamp('06/25/2018', 'mm/dd/yyyy'),to_timestamp('06/30/2018', 'mm/dd/yyyy'));
--행 4
INSERT INTO PARK_REGIST_TB (PARK_NO, REGI_START, REGI_END) VALUES (5,to_timestamp('06/26/2018', 'mm/dd/yyyy'),to_timestamp('07/07/2018', 'mm/dd/yyyy'));
--행 5
INSERT INTO PARK_REGIST_TB (PARK_NO, REGI_START, REGI_END) VALUES (6,to_timestamp('06/27/2018', 'mm/dd/yyyy'),to_timestamp('07/07/2018', 'mm/dd/yyyy'));
--행 6
INSERT INTO PARK_REGIST_TB (PARK_NO, REGI_START, REGI_END) VALUES (7,to_timestamp('06/28/2018', 'mm/dd/yyyy'),to_timestamp('07/07/2018', 'mm/dd/yyyy'));
--행 7
INSERT INTO PARK_REGIST_TB (PARK_NO, REGI_START, REGI_END) VALUES (8,to_timestamp('06/29/2018', 'mm/dd/yyyy'),to_timestamp('07/07/2018', 'mm/dd/yyyy'));
--행 8
INSERT INTO PARK_REGIST_TB (PARK_NO, REGI_START, REGI_END) VALUES (9,to_timestamp('06/30/2018', 'mm/dd/yyyy'),to_timestamp('07/07/2018', 'mm/dd/yyyy'));
--행 9
INSERT INTO PARK_REGIST_TB (PARK_NO, REGI_START, REGI_END) VALUES (10,to_timestamp('07/01/2018', 'mm/dd/yyyy'),to_timestamp('07/07/2018', 'mm/dd/yyyy'));
--행 10
INSERT INTO PARK_REGIST_TB (PARK_NO, REGI_START, REGI_END) VALUES (11,to_timestamp('07/02/2018', 'mm/dd/yyyy'),to_timestamp('07/07/2018', 'mm/dd/yyyy'));
--행 11
INSERT INTO PARK_REGIST_TB (PARK_NO, REGI_START, REGI_END) VALUES (12,to_timestamp('07/03/2018', 'mm/dd/yyyy'),to_timestamp('07/07/2018', 'mm/dd/yyyy'));
--행 12
INSERT INTO PARK_REGIST_TB (PARK_NO, REGI_START, REGI_END) VALUES (13,to_timestamp('07/04/2018', 'mm/dd/yyyy'),to_timestamp('07/09/2018', 'mm/dd/yyyy'));
--행 13
INSERT INTO PARK_REGIST_TB (PARK_NO, REGI_START, REGI_END) VALUES (14,to_timestamp('07/05/2018', 'mm/dd/yyyy'),to_timestamp('07/10/2018', 'mm/dd/yyyy'));
--행 14
INSERT INTO PARK_REGIST_TB (PARK_NO, REGI_START, REGI_END) VALUES (15,to_timestamp('07/06/2018', 'mm/dd/yyyy'),to_timestamp('07/09/2018', 'mm/dd/yyyy'));
--행 15
INSERT INTO PARK_REGIST_TB (PARK_NO, REGI_START, REGI_END) VALUES (16,to_timestamp('07/07/2018', 'mm/dd/yyyy'),to_timestamp('07/12/2018', 'mm/dd/yyyy'));
--행 16
INSERT INTO PARK_REGIST_TB (PARK_NO, REGI_START, REGI_END) VALUES (17,to_timestamp('07/08/2018', 'mm/dd/yyyy'),to_timestamp('07/09/2018', 'mm/dd/yyyy'));
--행 17
INSERT INTO PARK_REGIST_TB (PARK_NO, REGI_START, REGI_END) VALUES (18,to_timestamp('07/09/2018', 'mm/dd/yyyy'),to_timestamp('07/14/2018', 'mm/dd/yyyy'));
--행 18
INSERT INTO PARK_REGIST_TB (PARK_NO, REGI_START, REGI_END) VALUES (19,to_timestamp('07/10/2018', 'mm/dd/yyyy'),to_timestamp('07/15/2018', 'mm/dd/yyyy'));
--행 19
INSERT INTO PARK_REGIST_TB (PARK_NO, REGI_START, REGI_END) VALUES (20,to_timestamp('07/11/2018', 'mm/dd/yyyy'),to_timestamp('07/16/2018', 'mm/dd/yyyy'));
--행 20
INSERT INTO PARK_REGIST_TB (PARK_NO, REGI_START, REGI_END) VALUES (21,to_timestamp('07/12/2018', 'mm/dd/yyyy'),to_timestamp('07/17/2018', 'mm/dd/yyyy'));
--행 21
INSERT INTO PARK_REGIST_TB (PARK_NO, REGI_START, REGI_END) VALUES (22,to_timestamp('07/13/2018', 'mm/dd/yyyy'),to_timestamp('07/18/2018', 'mm/dd/yyyy'));
--행 22
INSERT INTO PARK_REGIST_TB (PARK_NO, REGI_START, REGI_END) VALUES (23 ,to_timestamp('07/14/2018', 'mm/dd/yyyy'),to_timestamp('07/19/2018', 'mm/dd/yyyy'));
--행 23
INSERT INTO PARK_REGIST_TB (PARK_NO, REGI_START, REGI_END) VALUES (24 ,to_timestamp('07/15/2018', 'mm/dd/yyyy'),to_timestamp('07/20/2018', 'mm/dd/yyyy'));
--행 24
INSERT INTO PARK_REGIST_TB (PARK_NO, REGI_START, REGI_END) VALUES (25 ,to_timestamp('07/16/2018', 'mm/dd/yyyy'),to_timestamp('07/21/2018', 'mm/dd/yyyy'));
--행 25
INSERT INTO PARK_REGIST_TB (PARK_NO, REGI_START, REGI_END) VALUES (26 ,to_timestamp('07/17/2018', 'mm/dd/yyyy'),to_timestamp('07/22/2018', 'mm/dd/yyyy'));
--행 26
INSERT INTO PARK_REGIST_TB (PARK_NO, REGI_START, REGI_END) VALUES (27 ,to_timestamp('07/18/2018', 'mm/dd/yyyy'),to_timestamp('07/23/2018', 'mm/dd/yyyy'));
--행 27
INSERT INTO PARK_REGIST_TB (PARK_NO, REGI_START, REGI_END) VALUES (28 ,to_timestamp('07/19/2018', 'mm/dd/yyyy'),to_timestamp('07/24/2018', 'mm/dd/yyyy'));
--행 28
INSERT INTO PARK_REGIST_TB (PARK_NO, REGI_START, REGI_END) VALUES (29 ,to_timestamp('07/20/2018', 'mm/dd/yyyy'),to_timestamp('07/25/2018', 'mm/dd/yyyy'));
--행 29
INSERT INTO PARK_REGIST_TB (PARK_NO, REGI_START, REGI_END) VALUES (30 ,to_timestamp('07/21/2018', 'mm/dd/yyyy'),to_timestamp('07/26/2018', 'mm/dd/yyyy'));
--행 30
INSERT INTO PARK_REGIST_TB (PARK_NO, REGI_START, REGI_END) VALUES (31 ,to_timestamp('07/22/2018', 'mm/dd/yyyy'),to_timestamp('07/27/2018', 'mm/dd/yyyy'));
--행 31
INSERT INTO PARK_REGIST_TB (PARK_NO, REGI_START, REGI_END) VALUES (32 ,to_timestamp('07/23/2018', 'mm/dd/yyyy'),to_timestamp('07/28/2018', 'mm/dd/yyyy'));
--행 32
INSERT INTO PARK_REGIST_TB (PARK_NO, REGI_START, REGI_END) VALUES (33 ,to_timestamp('07/24/2018', 'mm/dd/yyyy'),to_timestamp('07/29/2018', 'mm/dd/yyyy'));
--행 33
INSERT INTO PARK_REGIST_TB (PARK_NO, REGI_START, REGI_END) VALUES (34 ,to_timestamp('07/25/2018', 'mm/dd/yyyy'),to_timestamp('07/30/2018', 'mm/dd/yyyy'));
--행 34
INSERT INTO PARK_REGIST_TB (PARK_NO, REGI_START, REGI_END) VALUES (35 ,to_timestamp('07/26/2018', 'mm/dd/yyyy'),to_timestamp('07/31/2018', 'mm/dd/yyyy'));
--행 35
INSERT INTO PARK_REGIST_TB (PARK_NO, REGI_START, REGI_END) VALUES (36 ,to_timestamp('07/27/2018', 'mm/dd/yyyy'),to_timestamp('08/01/2018', 'mm/dd/yyyy'));
--행 36
INSERT INTO PARK_REGIST_TB (PARK_NO, REGI_START, REGI_END) VALUES (37 ,to_timestamp('07/28/2018', 'mm/dd/yyyy'),to_timestamp('08/02/2018', 'mm/dd/yyyy'));
--행 37
INSERT INTO PARK_REGIST_TB (PARK_NO, REGI_START, REGI_END) VALUES (38 ,to_timestamp('07/29/2018', 'mm/dd/yyyy'),to_timestamp('08/03/2018', 'mm/dd/yyyy'));
--행 38
INSERT INTO PARK_REGIST_TB (PARK_NO, REGI_START, REGI_END) VALUES (39 ,to_timestamp('07/30/2018', 'mm/dd/yyyy'),to_timestamp('08/17/2018', 'mm/dd/yyyy'));
--행 39
INSERT INTO PARK_REGIST_TB (PARK_NO, REGI_START, REGI_END) VALUES (40 ,to_timestamp('07/31/2018', 'mm/dd/yyyy'),to_timestamp('08/05/2018', 'mm/dd/yyyy'));
--행 40
INSERT INTO PARK_REGIST_TB (PARK_NO, REGI_START, REGI_END) VALUES (41 ,to_timestamp('08/01/2018', 'mm/dd/yyyy'),to_timestamp('08/06/2018', 'mm/dd/yyyy'));
--행 41
INSERT INTO PARK_REGIST_TB (PARK_NO, REGI_START, REGI_END) VALUES (42 ,to_timestamp('08/02/2018', 'mm/dd/yyyy'),to_timestamp('08/17/2018', 'mm/dd/yyyy'));
--행 42
INSERT INTO PARK_REGIST_TB (PARK_NO, REGI_START, REGI_END) VALUES (43 ,to_timestamp('08/03/2018', 'mm/dd/yyyy'),to_timestamp('08/08/2018', 'mm/dd/yyyy'));
--행 43
INSERT INTO PARK_REGIST_TB (PARK_NO, REGI_START, REGI_END) VALUES (44 ,to_timestamp('08/04/2018', 'mm/dd/yyyy'),to_timestamp('08/09/2018', 'mm/dd/yyyy'));
--행 44
INSERT INTO PARK_REGIST_TB (PARK_NO, REGI_START, REGI_END) VALUES (45 ,to_timestamp('08/05/2018', 'mm/dd/yyyy'),to_timestamp('08/10/2018', 'mm/dd/yyyy'));
--행 45
INSERT INTO PARK_REGIST_TB (PARK_NO, REGI_START, REGI_END) VALUES (46 ,to_timestamp('08/06/2018', 'mm/dd/yyyy'),to_timestamp('08/11/2018', 'mm/dd/yyyy'));
--행 46
INSERT INTO PARK_REGIST_TB (PARK_NO, REGI_START, REGI_END) VALUES (47 ,to_timestamp('08/07/2018', 'mm/dd/yyyy'),to_timestamp('08/12/2018', 'mm/dd/yyyy'));
--행 47
INSERT INTO PARK_REGIST_TB (PARK_NO, REGI_START, REGI_END) VALUES (48 ,to_timestamp('08/08/2018', 'mm/dd/yyyy'),to_timestamp('08/13/2018', 'mm/dd/yyyy'));
--행 48
INSERT INTO PARK_REGIST_TB (PARK_NO, REGI_START, REGI_END) VALUES (49 ,to_timestamp('08/09/2018', 'mm/dd/yyyy'),to_timestamp('08/14/2018', 'mm/dd/yyyy'));
--행 49
INSERT INTO PARK_REGIST_TB (PARK_NO, REGI_START, REGI_END) VALUES (50 ,to_timestamp('08/10/2018', 'mm/dd/yyyy'),to_timestamp('08/15/2018', 'mm/dd/yyyy'));
--행 50
INSERT INTO PARK_REGIST_TB (PARK_NO, REGI_START, REGI_END) VALUES (51 ,to_timestamp('08/11/2018', 'mm/dd/yyyy'),to_timestamp('08/16/2018', 'mm/dd/yyyy'));


--행 1
INSERT INTO CAR_TYPE_TB (PARK_NO, CAR_TYPE, MAX_CAR) VALUES (2 ,'소형',5 );
--행 2
INSERT INTO CAR_TYPE_TB (PARK_NO, CAR_TYPE, MAX_CAR) VALUES (2 ,'중형',2 );
--행 3
INSERT INTO CAR_TYPE_TB (PARK_NO, CAR_TYPE, MAX_CAR) VALUES (2 ,'대형',3 );
--행 4
INSERT INTO CAR_TYPE_TB (PARK_NO, CAR_TYPE, MAX_CAR) VALUES (3 ,'중형',4 );
--행 5
INSERT INTO CAR_TYPE_TB (PARK_NO, CAR_TYPE, MAX_CAR) VALUES (3 ,'대형',5 );
--행 6
INSERT INTO CAR_TYPE_TB (PARK_NO, CAR_TYPE, MAX_CAR) VALUES (4 ,'소형',2 );
--행 7
INSERT INTO CAR_TYPE_TB (PARK_NO, CAR_TYPE, MAX_CAR) VALUES (4 ,'중형',1 );
--행 8
INSERT INTO CAR_TYPE_TB (PARK_NO, CAR_TYPE, MAX_CAR) VALUES (4 ,'대형',3 );
--행 9
INSERT INTO CAR_TYPE_TB (PARK_NO, CAR_TYPE, MAX_CAR) VALUES (5 ,'중형',4 );
--행 10
INSERT INTO CAR_TYPE_TB (PARK_NO, CAR_TYPE, MAX_CAR) VALUES (6 ,'대형',3 );
--행 11
INSERT INTO CAR_TYPE_TB (PARK_NO, CAR_TYPE, MAX_CAR) VALUES (7 ,'소형',3 );
--행 12
INSERT INTO CAR_TYPE_TB (PARK_NO, CAR_TYPE, MAX_CAR) VALUES (7 ,'중형',3 );
--행 13
INSERT INTO CAR_TYPE_TB (PARK_NO, CAR_TYPE, MAX_CAR) VALUES (8 ,'대형',2 );
--행 14
INSERT INTO CAR_TYPE_TB (PARK_NO, CAR_TYPE, MAX_CAR) VALUES (9 ,'중형',1 );
--행 15
INSERT INTO CAR_TYPE_TB (PARK_NO, CAR_TYPE, MAX_CAR) VALUES (10 ,'대형',2 );
--행 16
INSERT INTO CAR_TYPE_TB (PARK_NO, CAR_TYPE, MAX_CAR) VALUES (11 ,'소형',6 );
--행 17
INSERT INTO CAR_TYPE_TB (PARK_NO, CAR_TYPE, MAX_CAR) VALUES (11 ,'중형',4 );
--행 18
INSERT INTO CAR_TYPE_TB (PARK_NO, CAR_TYPE, MAX_CAR) VALUES (12 ,'대형',3 );
--행 19
INSERT INTO CAR_TYPE_TB (PARK_NO, CAR_TYPE, MAX_CAR) VALUES (12 ,'중형',2 );
--행 20
INSERT INTO CAR_TYPE_TB (PARK_NO, CAR_TYPE, MAX_CAR) VALUES (13 ,'대형',3 );
--행 21
INSERT INTO CAR_TYPE_TB (PARK_NO, CAR_TYPE, MAX_CAR) VALUES (14 ,'소형',6 );
--행 22
INSERT INTO CAR_TYPE_TB (PARK_NO, CAR_TYPE, MAX_CAR) VALUES (14 ,'중형',4 );
--행 23
INSERT INTO CAR_TYPE_TB (PARK_NO, CAR_TYPE, MAX_CAR) VALUES (15 ,'대형',7 );
--행 24
INSERT INTO CAR_TYPE_TB (PARK_NO, CAR_TYPE, MAX_CAR) VALUES (16 ,'중형',1 );
--행 25
INSERT INTO CAR_TYPE_TB (PARK_NO, CAR_TYPE, MAX_CAR) VALUES (16 ,'대형',1 );
--행 26
INSERT INTO CAR_TYPE_TB (PARK_NO, CAR_TYPE, MAX_CAR) VALUES (17 ,'소형',2 );
--행 27
INSERT INTO CAR_TYPE_TB (PARK_NO, CAR_TYPE, MAX_CAR) VALUES (17 ,'중형',3 );
--행 28
INSERT INTO CAR_TYPE_TB (PARK_NO, CAR_TYPE, MAX_CAR) VALUES (18 ,'대형',4 );
--행 29
INSERT INTO CAR_TYPE_TB (PARK_NO, CAR_TYPE, MAX_CAR) VALUES (18 ,'소형',5 );
--행 30
INSERT INTO CAR_TYPE_TB (PARK_NO, CAR_TYPE, MAX_CAR) VALUES (18 ,'중형',4 );
--행 31
INSERT INTO CAR_TYPE_TB (PARK_NO, CAR_TYPE, MAX_CAR) VALUES (19 ,'대형',3 );
--행 32
INSERT INTO CAR_TYPE_TB (PARK_NO, CAR_TYPE, MAX_CAR) VALUES (20 ,'소형',1 );
--행 33
INSERT INTO CAR_TYPE_TB (PARK_NO, CAR_TYPE, MAX_CAR) VALUES (20 ,'중형',2 );
--행 34
INSERT INTO CAR_TYPE_TB (PARK_NO, CAR_TYPE, MAX_CAR) VALUES (21 ,'대형',4 );
--행 35
INSERT INTO CAR_TYPE_TB (PARK_NO, CAR_TYPE, MAX_CAR) VALUES (21 ,'소형',3 );
--행 36
INSERT INTO CAR_TYPE_TB (PARK_NO, CAR_TYPE, MAX_CAR) VALUES (22 ,'중형',7 );
--행 37
INSERT INTO CAR_TYPE_TB (PARK_NO, CAR_TYPE, MAX_CAR) VALUES (22 ,'대형',2 );
--행 38
INSERT INTO CAR_TYPE_TB (PARK_NO, CAR_TYPE, MAX_CAR) VALUES (23 ,'소형',3 );
--행 39
INSERT INTO CAR_TYPE_TB (PARK_NO, CAR_TYPE, MAX_CAR) VALUES (23 ,'중형',3 );
--행 40
INSERT INTO CAR_TYPE_TB (PARK_NO, CAR_TYPE, MAX_CAR) VALUES (24 ,'대형',2 );
--행 41
INSERT INTO CAR_TYPE_TB (PARK_NO, CAR_TYPE, MAX_CAR) VALUES (24 ,'소형',2 );
--행 42
INSERT INTO CAR_TYPE_TB (PARK_NO, CAR_TYPE, MAX_CAR) VALUES (25 ,'중형',1 );
--행 43
INSERT INTO CAR_TYPE_TB (PARK_NO, CAR_TYPE, MAX_CAR) VALUES (25 ,'대형',3 );
--행 44
INSERT INTO CAR_TYPE_TB (PARK_NO, CAR_TYPE, MAX_CAR) VALUES (26 ,'소형',4 );
--행 45
INSERT INTO CAR_TYPE_TB (PARK_NO, CAR_TYPE, MAX_CAR) VALUES (27 ,'중형',5 );
--행 46
INSERT INTO CAR_TYPE_TB (PARK_NO, CAR_TYPE, MAX_CAR) VALUES (27 ,'대형',4 );
--행 47
INSERT INTO CAR_TYPE_TB (PARK_NO, CAR_TYPE, MAX_CAR) VALUES (28 ,'소형',1 );
--행 48
INSERT INTO CAR_TYPE_TB (PARK_NO, CAR_TYPE, MAX_CAR) VALUES (28 ,'중형',3 );
--행 49
INSERT INTO CAR_TYPE_TB (PARK_NO, CAR_TYPE, MAX_CAR) VALUES (29 ,'대형',7 );
--행 50
INSERT INTO CAR_TYPE_TB (PARK_NO, CAR_TYPE, MAX_CAR) VALUES (29 ,'소형',1 );

--행 51
INSERT INTO CAR_TYPE_TB (PARK_NO, CAR_TYPE, MAX_CAR) VALUES (30 ,'중형',2 );
--행 52
INSERT INTO CAR_TYPE_TB (PARK_NO, CAR_TYPE, MAX_CAR) VALUES (31 ,'소형',1 );
--행 53
INSERT INTO CAR_TYPE_TB (PARK_NO, CAR_TYPE, MAX_CAR) VALUES (32 ,'중형',3 );
--행 54
INSERT INTO CAR_TYPE_TB (PARK_NO, CAR_TYPE, MAX_CAR) VALUES (33 ,'대형',7 );
--행 55
INSERT INTO CAR_TYPE_TB (PARK_NO, CAR_TYPE, MAX_CAR) VALUES (34 ,'소형',1 );
--행 56
INSERT INTO CAR_TYPE_TB (PARK_NO, CAR_TYPE, MAX_CAR) VALUES (34 ,'중형',2 );
--행 57
INSERT INTO CAR_TYPE_TB (PARK_NO, CAR_TYPE, MAX_CAR) VALUES (35 ,'소형',1 );
--행 58
INSERT INTO CAR_TYPE_TB (PARK_NO, CAR_TYPE, MAX_CAR) VALUES (35 ,'중형',3 );
--행 59
INSERT INTO CAR_TYPE_TB (PARK_NO, CAR_TYPE, MAX_CAR) VALUES (35 ,'대형',7 );
--행 60
INSERT INTO CAR_TYPE_TB (PARK_NO, CAR_TYPE, MAX_CAR) VALUES (36 ,'소형',1 );
--행 61
INSERT INTO CAR_TYPE_TB (PARK_NO, CAR_TYPE, MAX_CAR) VALUES (37 ,'중형',2 );
--행 62
INSERT INTO CAR_TYPE_TB (PARK_NO, CAR_TYPE, MAX_CAR) VALUES (38 ,'소형',1 );
--행 63
INSERT INTO CAR_TYPE_TB (PARK_NO, CAR_TYPE, MAX_CAR) VALUES (38 ,'중형',3 );
--행 64
INSERT INTO CAR_TYPE_TB (PARK_NO, CAR_TYPE, MAX_CAR) VALUES (39 ,'대형',7 );
--행 65
INSERT INTO CAR_TYPE_TB (PARK_NO, CAR_TYPE, MAX_CAR) VALUES (39 ,'소형',1 );
--행 66
INSERT INTO CAR_TYPE_TB (PARK_NO, CAR_TYPE, MAX_CAR) VALUES (40 ,'중형',2 );
--행 67
INSERT INTO CAR_TYPE_TB (PARK_NO, CAR_TYPE, MAX_CAR) VALUES (41 ,'소형',1 );
--행 68
INSERT INTO CAR_TYPE_TB (PARK_NO, CAR_TYPE, MAX_CAR) VALUES (42 ,'중형',3 );
--행 69
INSERT INTO CAR_TYPE_TB (PARK_NO, CAR_TYPE, MAX_CAR) VALUES (42 ,'대형',7 );
--행 70
INSERT INTO CAR_TYPE_TB (PARK_NO, CAR_TYPE, MAX_CAR) VALUES (43 ,'소형',1 );
--행 71
INSERT INTO CAR_TYPE_TB (PARK_NO, CAR_TYPE, MAX_CAR) VALUES (43 ,'중형',2 );
--행 72
INSERT INTO CAR_TYPE_TB (PARK_NO, CAR_TYPE, MAX_CAR) VALUES (44 ,'소형',1 );
--행 73
INSERT INTO CAR_TYPE_TB (PARK_NO, CAR_TYPE, MAX_CAR) VALUES (45 ,'중형',3 );
--행 74
INSERT INTO CAR_TYPE_TB (PARK_NO, CAR_TYPE, MAX_CAR) VALUES (45 ,'대형',7 );
--행 75
INSERT INTO CAR_TYPE_TB (PARK_NO, CAR_TYPE, MAX_CAR) VALUES (46 ,'소형',1 );
--행 76
INSERT INTO CAR_TYPE_TB (PARK_NO, CAR_TYPE, MAX_CAR) VALUES (47 ,'중형',2 );
--행 77
INSERT INTO CAR_TYPE_TB (PARK_NO, CAR_TYPE, MAX_CAR) VALUES (48 ,'소형',1 );
--행 78
INSERT INTO CAR_TYPE_TB (PARK_NO, CAR_TYPE, MAX_CAR) VALUES (48 ,'중형',3 );
--행 79
INSERT INTO CAR_TYPE_TB (PARK_NO, CAR_TYPE, MAX_CAR) VALUES (48 ,'대형',7 );
--행 80
INSERT INTO CAR_TYPE_TB (PARK_NO, CAR_TYPE, MAX_CAR) VALUES (49 ,'소형',1 );
--행 81
INSERT INTO CAR_TYPE_TB (PARK_NO, CAR_TYPE, MAX_CAR) VALUES (50 ,'중형',2 );
--행 82
INSERT INTO CAR_TYPE_TB (PARK_NO, CAR_TYPE, MAX_CAR) VALUES (51 ,'대형',7 );
--행 1
INSERT INTO PARK_IMAGE_TB (IMG_NO, PARK_NO, IMG_PATH) VALUES (img_seq.nextval,2 ,'http://image.chosun.com/sitedata/image/201706/29/2017062901812_0.jpg');
--행 2
INSERT INTO PARK_IMAGE_TB (IMG_NO, PARK_NO, IMG_PATH) VALUES (img_seq.nextval,3 ,'http://image.chosun.com/sitedata/image/201706/29/2017062901812_0.jpg');
--행 3
INSERT INTO PARK_IMAGE_TB (IMG_NO, PARK_NO, IMG_PATH) VALUES (img_seq.nextval,4 ,'http://image.chosun.com/sitedata/image/201706/29/2017062901812_0.jpg');
--행 4
INSERT INTO PARK_IMAGE_TB (IMG_NO, PARK_NO, IMG_PATH) VALUES (img_seq.nextval,5 ,'http://image.chosun.com/sitedata/image/201706/29/2017062901812_0.jpg');
--행 5
INSERT INTO PARK_IMAGE_TB (IMG_NO, PARK_NO, IMG_PATH) VALUES (img_seq.nextval,6 ,'http://image.chosun.com/sitedata/image/201706/29/2017062901812_0.jpg');
--행 6
INSERT INTO PARK_IMAGE_TB (IMG_NO, PARK_NO, IMG_PATH) VALUES (img_seq.nextval,7 ,'http://image.chosun.com/sitedata/image/201706/29/2017062901812_0.jpg');
--행 7
INSERT INTO PARK_IMAGE_TB (IMG_NO, PARK_NO, IMG_PATH) VALUES (img_seq.nextval,8 ,'http://image.chosun.com/sitedata/image/201706/29/2017062901812_0.jpg');
--행 8
INSERT INTO PARK_IMAGE_TB (IMG_NO, PARK_NO, IMG_PATH) VALUES (img_seq.nextval,9 ,'http://image.chosun.com/sitedata/image/201706/29/2017062901812_0.jpg');
--행 9
INSERT INTO PARK_IMAGE_TB (IMG_NO, PARK_NO, IMG_PATH) VALUES (img_seq.nextval,10 ,'http://image.chosun.com/sitedata/image/201706/29/2017062901812_0.jpg');
--행 10
INSERT INTO PARK_IMAGE_TB (IMG_NO, PARK_NO, IMG_PATH) VALUES (img_seq.nextval,11 ,'http://image.chosun.com/sitedata/image/201706/29/2017062901812_0.jpg');
--행 11
INSERT INTO PARK_IMAGE_TB (IMG_NO, PARK_NO, IMG_PATH) VALUES (img_seq.nextval,12 ,'http://image.chosun.com/sitedata/image/201706/29/2017062901812_0.jpg');
--행 12
INSERT INTO PARK_IMAGE_TB (IMG_NO, PARK_NO, IMG_PATH) VALUES (img_seq.nextval,13 ,'http://image.chosun.com/sitedata/image/201706/29/2017062901812_0.jpg');
--행 13
INSERT INTO PARK_IMAGE_TB (IMG_NO, PARK_NO, IMG_PATH) VALUES (img_seq.nextval,14 ,'http://image.chosun.com/sitedata/image/201706/29/2017062901812_0.jpg');
--행 14
INSERT INTO PARK_IMAGE_TB (IMG_NO, PARK_NO, IMG_PATH) VALUES (img_seq.nextval,15 ,'http://image.chosun.com/sitedata/image/201706/29/2017062901812_0.jpg');
--행 15
INSERT INTO PARK_IMAGE_TB (IMG_NO, PARK_NO, IMG_PATH) VALUES (img_seq.nextval,16 ,'http://image.chosun.com/sitedata/image/201706/29/2017062901812_0.jpg');
--행 16
INSERT INTO PARK_IMAGE_TB (IMG_NO, PARK_NO, IMG_PATH) VALUES (img_seq.nextval,17 ,'http://image.chosun.com/sitedata/image/201706/29/2017062901812_0.jpg');
--행 17
INSERT INTO PARK_IMAGE_TB (IMG_NO, PARK_NO, IMG_PATH) VALUES (img_seq.nextval,18 ,'http://image.chosun.com/sitedata/image/201706/29/2017062901812_0.jpg');
--행 18
INSERT INTO PARK_IMAGE_TB (IMG_NO, PARK_NO, IMG_PATH) VALUES (img_seq.nextval,19 ,'http://image.chosun.com/sitedata/image/201706/29/2017062901812_0.jpg');
--행 19
INSERT INTO PARK_IMAGE_TB (IMG_NO, PARK_NO, IMG_PATH) VALUES (img_seq.nextval,20 ,'http://image.chosun.com/sitedata/image/201706/29/2017062901812_0.jpg');
--행 20
INSERT INTO PARK_IMAGE_TB (IMG_NO, PARK_NO, IMG_PATH) VALUES (img_seq.nextval,21 ,'http://image.chosun.com/sitedata/image/201706/29/2017062901812_0.jpg');
--행 21
INSERT INTO PARK_IMAGE_TB (IMG_NO, PARK_NO, IMG_PATH) VALUES (img_seq.nextval,22 ,'http://image.chosun.com/sitedata/image/201706/29/2017062901812_0.jpg');
--행 22
INSERT INTO PARK_IMAGE_TB (IMG_NO, PARK_NO, IMG_PATH) VALUES (img_seq.nextval,23 ,'http://image.chosun.com/sitedata/image/201706/29/2017062901812_0.jpg');
--행 23
INSERT INTO PARK_IMAGE_TB (IMG_NO, PARK_NO, IMG_PATH) VALUES (img_seq.nextval,24 ,'http://image.chosun.com/sitedata/image/201706/29/2017062901812_0.jpg');
--행 24
INSERT INTO PARK_IMAGE_TB (IMG_NO, PARK_NO, IMG_PATH) VALUES (img_seq.nextval,25 ,'http://image.chosun.com/sitedata/image/201706/29/2017062901812_0.jpg');
--행 25
INSERT INTO PARK_IMAGE_TB (IMG_NO, PARK_NO, IMG_PATH) VALUES (img_seq.nextval,26 ,'http://image.chosun.com/sitedata/image/201706/29/2017062901812_0.jpg');
--행 26
INSERT INTO PARK_IMAGE_TB (IMG_NO, PARK_NO, IMG_PATH) VALUES (img_seq.nextval,27 ,'http://image.chosun.com/sitedata/image/201706/29/2017062901812_0.jpg');
--행 27
INSERT INTO PARK_IMAGE_TB (IMG_NO, PARK_NO, IMG_PATH) VALUES (img_seq.nextval,28 ,'http://image.chosun.com/sitedata/image/201706/29/2017062901812_0.jpg');
--행 28
INSERT INTO PARK_IMAGE_TB (IMG_NO, PARK_NO, IMG_PATH) VALUES (img_seq.nextval,29 ,'http://image.chosun.com/sitedata/image/201706/29/2017062901812_0.jpg');
--행 29
INSERT INTO PARK_IMAGE_TB (IMG_NO, PARK_NO, IMG_PATH) VALUES (img_seq.nextval,30 ,'http://image.chosun.com/sitedata/image/201706/29/2017062901812_0.jpg');
--행 30
INSERT INTO PARK_IMAGE_TB (IMG_NO, PARK_NO, IMG_PATH) VALUES (img_seq.nextval,31 ,'http://image.chosun.com/sitedata/image/201706/29/2017062901812_0.jpg');
--행 31
INSERT INTO PARK_IMAGE_TB (IMG_NO, PARK_NO, IMG_PATH) VALUES (img_seq.nextval,32 ,'http://image.chosun.com/sitedata/image/201706/29/2017062901812_0.jpg');
--행 32
INSERT INTO PARK_IMAGE_TB (IMG_NO, PARK_NO, IMG_PATH) VALUES (img_seq.nextval,33 ,'http://image.chosun.com/sitedata/image/201706/29/2017062901812_0.jpg');
--행 33
INSERT INTO PARK_IMAGE_TB (IMG_NO, PARK_NO, IMG_PATH) VALUES (img_seq.nextval,34 ,'http://image.chosun.com/sitedata/image/201706/29/2017062901812_0.jpg');
--행 34
INSERT INTO PARK_IMAGE_TB (IMG_NO, PARK_NO, IMG_PATH) VALUES (img_seq.nextval,35 ,'http://image.chosun.com/sitedata/image/201706/29/2017062901812_0.jpg');
--행 35
INSERT INTO PARK_IMAGE_TB (IMG_NO, PARK_NO, IMG_PATH) VALUES (img_seq.nextval,36 ,'http://image.chosun.com/sitedata/image/201706/29/2017062901812_0.jpg');
--행 36
INSERT INTO PARK_IMAGE_TB (IMG_NO, PARK_NO, IMG_PATH) VALUES (img_seq.nextval,37 ,'http://image.chosun.com/sitedata/image/201706/29/2017062901812_0.jpg');
--행 37
INSERT INTO PARK_IMAGE_TB (IMG_NO, PARK_NO, IMG_PATH) VALUES (img_seq.nextval,38 ,'http://image.chosun.com/sitedata/image/201706/29/2017062901812_0.jpg');
--행 38
INSERT INTO PARK_IMAGE_TB (IMG_NO, PARK_NO, IMG_PATH) VALUES (img_seq.nextval,39 ,'http://image.chosun.com/sitedata/image/201706/29/2017062901812_0.jpg');
--행 39
INSERT INTO PARK_IMAGE_TB (IMG_NO, PARK_NO, IMG_PATH) VALUES (img_seq.nextval,40 ,'http://image.chosun.com/sitedata/image/201706/29/2017062901812_0.jpg');
--행 40
INSERT INTO PARK_IMAGE_TB (IMG_NO, PARK_NO, IMG_PATH) VALUES (img_seq.nextval,41 ,'http://image.chosun.com/sitedata/image/201706/29/2017062901812_0.jpg');
--행 41
INSERT INTO PARK_IMAGE_TB (IMG_NO, PARK_NO, IMG_PATH) VALUES (img_seq.nextval,42 ,'http://image.chosun.com/sitedata/image/201706/29/2017062901812_0.jpg');
--행 42
INSERT INTO PARK_IMAGE_TB (IMG_NO, PARK_NO, IMG_PATH) VALUES (img_seq.nextval,43 ,'http://image.chosun.com/sitedata/image/201706/29/2017062901812_0.jpg');
--행 43
INSERT INTO PARK_IMAGE_TB (IMG_NO, PARK_NO, IMG_PATH) VALUES (img_seq.nextval,44 ,'http://image.chosun.com/sitedata/image/201706/29/2017062901812_0.jpg');
--행 44
INSERT INTO PARK_IMAGE_TB (IMG_NO, PARK_NO, IMG_PATH) VALUES (img_seq.nextval,45 ,'http://image.chosun.com/sitedata/image/201706/29/2017062901812_0.jpg');
--행 45
INSERT INTO PARK_IMAGE_TB (IMG_NO, PARK_NO, IMG_PATH) VALUES (img_seq.nextval,46 ,'http://image.chosun.com/sitedata/image/201706/29/2017062901812_0.jpg');
--행 46
INSERT INTO PARK_IMAGE_TB (IMG_NO, PARK_NO, IMG_PATH) VALUES (img_seq.nextval,47 ,'http://image.chosun.com/sitedata/image/201706/29/2017062901812_0.jpg');
--행 47
INSERT INTO PARK_IMAGE_TB (IMG_NO, PARK_NO, IMG_PATH) VALUES (img_seq.nextval,48 ,'http://image.chosun.com/sitedata/image/201706/29/2017062901812_0.jpg');
--행 48
INSERT INTO PARK_IMAGE_TB (IMG_NO, PARK_NO, IMG_PATH) VALUES (img_seq.nextval,49 ,'http://image.chosun.com/sitedata/image/201706/29/2017062901812_0.jpg');
--행 49
INSERT INTO PARK_IMAGE_TB (IMG_NO, PARK_NO, IMG_PATH) VALUES (img_seq.nextval,50 ,'http://image.chosun.com/sitedata/image/201706/29/2017062901812_0.jpg');
--행 50
INSERT INTO PARK_IMAGE_TB (IMG_NO, PARK_NO, IMG_PATH) VALUES (img_seq.nextval,51 ,'http://image.chosun.com/sitedata/image/201706/29/2017062901812_0.jpg');

commit