INSERT INTO USER_INFO_TB (USER_ID, PASSWORD, USER_NAME, EMAIL, HP, ADDRESS, REGIDATE, SELLER) VALUES ('seller','$2a$10$a2Pv8fXzaEsBjXDRzm3zbOuvgfcWvFeigRBDBjaKye9u.AV6YzRVa','공무원','mpbs215@naver.com','01093249482','서울 은평구 불광동 8-63',to_timestamp(sysdate, 'YYYY-MM-DD HH24:MI:SS'),'0');

-- 1   행 삽입
--행 1
INSERT INTO USER_INFO_TB (USER_ID, PASSWORD, USER_NAME, EMAIL, HP, ADDRESS, REGIDATE, SELLER) VALUES ('user3','$2a$10$a2Pv8fXzaEsBjXDRzm3zbOuvgfcWvFeigRBDBjaKye9u.AV6YzRVa','공무원','mpbs215@naver.com','01000000000','서울 은평구 불광동 8-63',to_timestamp( sysdate, 'YYYY-MM-DD HH24:MI:SS'),'0');
-- 2  행에 대한 삽입 실패
 
--행 2
INSERT INTO USER_INFO_TB (USER_ID, PASSWORD, USER_NAME, EMAIL, HP, ADDRESS, REGIDATE, SELLER) VALUES ('user4','$2a$10$a2Pv8fXzaEsBjXDRzm3zbOuvgfcWvFeigRBDBjaKye9u.AV6YzRVa','공무원','mpbs215@naver.com','01000000001','서울 은평구 불광동 8-63',to_timestamp( sysdate, 'YYYY-MM-DD HH24:MI:SS'),'0');
-- 3  행에 대한 삽입 실패
 
--행 3
INSERT INTO USER_INFO_TB (USER_ID, PASSWORD, USER_NAME, EMAIL, HP, ADDRESS, REGIDATE, SELLER) VALUES ('user5','$2a$10$a2Pv8fXzaEsBjXDRzm3zbOuvgfcWvFeigRBDBjaKye9u.AV6YzRVa','공무원','mpbs215@naver.com','01000000002','서울 은평구 불광동 8-63',to_timestamp( sysdate, 'YYYY-MM-DD HH24:MI:SS'),'0');
-- 4  행에 대한 삽입 실패
 
--행 4
INSERT INTO USER_INFO_TB (USER_ID, PASSWORD, USER_NAME, EMAIL, HP, ADDRESS, REGIDATE, SELLER) VALUES ('user6','$2a$10$a2Pv8fXzaEsBjXDRzm3zbOuvgfcWvFeigRBDBjaKye9u.AV6YzRVa','공무원','mpbs215@naver.com','01000000003','서울 은평구 불광동 8-63',to_timestamp( sysdate, 'YYYY-MM-DD HH24:MI:SS'),'0');
-- 5  행에 대한 삽입 실패
 
--행 5
INSERT INTO USER_INFO_TB (USER_ID, PASSWORD, USER_NAME, EMAIL, HP, ADDRESS, REGIDATE, SELLER) VALUES ('user7','$2a$10$a2Pv8fXzaEsBjXDRzm3zbOuvgfcWvFeigRBDBjaKye9u.AV6YzRVa','공무원','mpbs215@naver.com','01000000004','서울 은평구 불광동 8-63',to_timestamp( sysdate, 'YYYY-MM-DD HH24:MI:SS'),'0');
-- 6  행에 대한 삽입 실패
 
--행 6
INSERT INTO USER_INFO_TB (USER_ID, PASSWORD, USER_NAME, EMAIL, HP, ADDRESS, REGIDATE, SELLER) VALUES ('user8','$2a$10$a2Pv8fXzaEsBjXDRzm3zbOuvgfcWvFeigRBDBjaKye9u.AV6YzRVa','공무원','mpbs215@naver.com','01000000005','서울 은평구 불광동 8-63',to_timestamp( sysdate, 'YYYY-MM-DD HH24:MI:SS'),'0');
-- 7  행에 대한 삽입 실패
 
--행 7
INSERT INTO USER_INFO_TB (USER_ID, PASSWORD, USER_NAME, EMAIL, HP, ADDRESS, REGIDATE, SELLER) VALUES ('user9','$2a$10$a2Pv8fXzaEsBjXDRzm3zbOuvgfcWvFeigRBDBjaKye9u.AV6YzRVa','공무원','mpbs215@naver.com','01000000006','서울 은평구 불광동 8-63',to_timestamp( sysdate, 'YYYY-MM-DD HH24:MI:SS'),'0');
-- 8  행에 대한 삽입 실패
 
--행 8
INSERT INTO USER_INFO_TB (USER_ID, PASSWORD, USER_NAME, EMAIL, HP, ADDRESS, REGIDATE, SELLER) VALUES ('user10','$2a$10$a2Pv8fXzaEsBjXDRzm3zbOuvgfcWvFeigRBDBjaKye9u.AV6YzRVa','공무원','mpbs215@naver.com','01000000007','서울 은평구 불광동 8-63',to_timestamp( sysdate, 'YYYY-MM-DD HH24:MI:SS'),'0');
-- 9  행에 대한 삽입 실패
 
--행 9
INSERT INTO USER_INFO_TB (USER_ID, PASSWORD, USER_NAME, EMAIL, HP, ADDRESS, REGIDATE, SELLER) VALUES ('user11','$2a$10$a2Pv8fXzaEsBjXDRzm3zbOuvgfcWvFeigRBDBjaKye9u.AV6YzRVa','공무원','mpbs215@naver.com','01000000008','서울 은평구 불광동 8-63',to_timestamp( sysdate, 'YYYY-MM-DD HH24:MI:SS'),'0');
-- 10  행에 대한 삽입 실패
 
--행 10
INSERT INTO USER_INFO_TB (USER_ID, PASSWORD, USER_NAME, EMAIL, HP, ADDRESS, REGIDATE, SELLER) VALUES ('user12','$2a$10$a2Pv8fXzaEsBjXDRzm3zbOuvgfcWvFeigRBDBjaKye9u.AV6YzRVa','공무원','mpbs215@naver.com','01000000009','서울 은평구 불광동 8-63',to_timestamp( sysdate, 'YYYY-MM-DD HH24:MI:SS'),'0');
-- 11  행에 대한 삽입 실패
 
--행 11
INSERT INTO USER_INFO_TB (USER_ID, PASSWORD, USER_NAME, EMAIL, HP, ADDRESS, REGIDATE, SELLER) VALUES ('user13','$2a$10$a2Pv8fXzaEsBjXDRzm3zbOuvgfcWvFeigRBDBjaKye9u.AV6YzRVa','공무원','mpbs215@naver.com','01000000010','서울 은평구 불광동 8-63',to_timestamp( sysdate, 'YYYY-MM-DD HH24:MI:SS'),'0');
-- 12  행에 대한 삽입 실패
 
--행 12
INSERT INTO USER_INFO_TB (USER_ID, PASSWORD, USER_NAME, EMAIL, HP, ADDRESS, REGIDATE, SELLER) VALUES ('user14','$2a$10$a2Pv8fXzaEsBjXDRzm3zbOuvgfcWvFeigRBDBjaKye9u.AV6YzRVa','공무원','mpbs215@naver.com','01000000011','서울 은평구 불광동 8-63',to_timestamp( sysdate, 'YYYY-MM-DD HH24:MI:SS'),'0');
-- 13  행에 대한 삽입 실패
 
--행 13
INSERT INTO USER_INFO_TB (USER_ID, PASSWORD, USER_NAME, EMAIL, HP, ADDRESS, REGIDATE, SELLER) VALUES ('user15','$2a$10$a2Pv8fXzaEsBjXDRzm3zbOuvgfcWvFeigRBDBjaKye9u.AV6YzRVa','공무원','mpbs215@naver.com','01000000012','서울 은평구 불광동 8-63',to_timestamp( sysdate, 'YYYY-MM-DD HH24:MI:SS'),'0');
-- 14  행에 대한 삽입 실패
 
--행 14
INSERT INTO USER_INFO_TB (USER_ID, PASSWORD, USER_NAME, EMAIL, HP, ADDRESS, REGIDATE, SELLER) VALUES ('user16','$2a$10$a2Pv8fXzaEsBjXDRzm3zbOuvgfcWvFeigRBDBjaKye9u.AV6YzRVa','공무원','mpbs215@naver.com','01000000013','서울 은평구 불광동 8-63',to_timestamp( sysdate, 'YYYY-MM-DD HH24:MI:SS'),'0');
-- 15  행에 대한 삽입 실패
 
--행 15
INSERT INTO USER_INFO_TB (USER_ID, PASSWORD, USER_NAME, EMAIL, HP, ADDRESS, REGIDATE, SELLER) VALUES ('user17','$2a$10$a2Pv8fXzaEsBjXDRzm3zbOuvgfcWvFeigRBDBjaKye9u.AV6YzRVa','공무원','mpbs215@naver.com','01000000014','서울 은평구 불광동 8-63',to_timestamp( sysdate, 'YYYY-MM-DD HH24:MI:SS'),'0');
-- 16  행에 대한 삽입 실패
 
--행 16
INSERT INTO USER_INFO_TB (USER_ID, PASSWORD, USER_NAME, EMAIL, HP, ADDRESS, REGIDATE, SELLER) VALUES ('user18','$2a$10$a2Pv8fXzaEsBjXDRzm3zbOuvgfcWvFeigRBDBjaKye9u.AV6YzRVa','공무원','mpbs215@naver.com','01000000015','서울 은평구 불광동 8-63',to_timestamp( sysdate, 'YYYY-MM-DD HH24:MI:SS'),'0');
-- 17  행에 대한 삽입 실패
 
--행 17
INSERT INTO USER_INFO_TB (USER_ID, PASSWORD, USER_NAME, EMAIL, HP, ADDRESS, REGIDATE, SELLER) VALUES ('user19','$2a$10$a2Pv8fXzaEsBjXDRzm3zbOuvgfcWvFeigRBDBjaKye9u.AV6YzRVa','공무원','mpbs215@naver.com','01000000016','서울 은평구 불광동 8-63',to_timestamp( sysdate, 'YYYY-MM-DD HH24:MI:SS'),'0');
-- 18  행에 대한 삽입 실패
 
--행 18
INSERT INTO USER_INFO_TB (USER_ID, PASSWORD, USER_NAME, EMAIL, HP, ADDRESS, REGIDATE, SELLER) VALUES ('user20','$2a$10$a2Pv8fXzaEsBjXDRzm3zbOuvgfcWvFeigRBDBjaKye9u.AV6YzRVa','공무원','mpbs215@naver.com','01000000017','서울 은평구 불광동 8-63',to_timestamp( sysdate, 'YYYY-MM-DD HH24:MI:SS'),'0');
-- 19  행에 대한 삽입 실패
 
--행 19
INSERT INTO USER_INFO_TB (USER_ID, PASSWORD, USER_NAME, EMAIL, HP, ADDRESS, REGIDATE, SELLER) VALUES ('user21','$2a$10$a2Pv8fXzaEsBjXDRzm3zbOuvgfcWvFeigRBDBjaKye9u.AV6YzRVa','공무원','mpbs215@naver.com','01000000018','서울 은평구 불광동 8-63',to_timestamp( sysdate, 'YYYY-MM-DD HH24:MI:SS'),'0');
-- 20  행에 대한 삽입 실패
 
--행 20
INSERT INTO USER_INFO_TB (USER_ID, PASSWORD, USER_NAME, EMAIL, HP, ADDRESS, REGIDATE, SELLER) VALUES ('user22','$2a$10$a2Pv8fXzaEsBjXDRzm3zbOuvgfcWvFeigRBDBjaKye9u.AV6YzRVa','공무원','mpbs215@naver.com','01000000019','서울 은평구 불광동 8-63',to_timestamp( sysdate, 'YYYY-MM-DD HH24:MI:SS'),'0');
-- 21  행에 대한 삽입 실패
 
--행 21
INSERT INTO USER_INFO_TB (USER_ID, PASSWORD, USER_NAME, EMAIL, HP, ADDRESS, REGIDATE, SELLER) VALUES ('user23','$2a$10$a2Pv8fXzaEsBjXDRzm3zbOuvgfcWvFeigRBDBjaKye9u.AV6YzRVa','공무원','mpbs215@naver.com','01000000020','서울 은평구 불광동 8-63',to_timestamp( sysdate, 'YYYY-MM-DD HH24:MI:SS'),'0');
-- 22  행에 대한 삽입 실패
 
--행 22
INSERT INTO USER_INFO_TB (USER_ID, PASSWORD, USER_NAME, EMAIL, HP, ADDRESS, REGIDATE, SELLER) VALUES ('user24','$2a$10$a2Pv8fXzaEsBjXDRzm3zbOuvgfcWvFeigRBDBjaKye9u.AV6YzRVa','공무원','mpbs215@naver.com','01000000021','서울 은평구 불광동 8-63',to_timestamp( sysdate, 'YYYY-MM-DD HH24:MI:SS'),'0');
-- 23  행에 대한 삽입 실패
 
--행 23
INSERT INTO USER_INFO_TB (USER_ID, PASSWORD, USER_NAME, EMAIL, HP, ADDRESS, REGIDATE, SELLER) VALUES ('user25','$2a$10$a2Pv8fXzaEsBjXDRzm3zbOuvgfcWvFeigRBDBjaKye9u.AV6YzRVa','공무원','mpbs215@naver.com','01000000022','서울 은평구 불광동 8-63',to_timestamp( sysdate, 'YYYY-MM-DD HH24:MI:SS'),'0');
-- 24  행에 대한 삽입 실패
 
--행 24
INSERT INTO USER_INFO_TB (USER_ID, PASSWORD, USER_NAME, EMAIL, HP, ADDRESS, REGIDATE, SELLER) VALUES ('user26','$2a$10$a2Pv8fXzaEsBjXDRzm3zbOuvgfcWvFeigRBDBjaKye9u.AV6YzRVa','공무원','mpbs215@naver.com','01000000023','서울 은평구 불광동 8-63',to_timestamp( sysdate, 'YYYY-MM-DD HH24:MI:SS'),'0');
-- 25  행에 대한 삽입 실패
 
--행 25
INSERT INTO USER_INFO_TB (USER_ID, PASSWORD, USER_NAME, EMAIL, HP, ADDRESS, REGIDATE, SELLER) VALUES ('user27','$2a$10$a2Pv8fXzaEsBjXDRzm3zbOuvgfcWvFeigRBDBjaKye9u.AV6YzRVa','공무원','mpbs215@naver.com','01000000024','서울 은평구 불광동 8-63',to_timestamp( sysdate, 'YYYY-MM-DD HH24:MI:SS'),'0');
-- 26  행에 대한 삽입 실패
 
--행 26
INSERT INTO USER_INFO_TB (USER_ID, PASSWORD, USER_NAME, EMAIL, HP, ADDRESS, REGIDATE, SELLER) VALUES ('user28','$2a$10$a2Pv8fXzaEsBjXDRzm3zbOuvgfcWvFeigRBDBjaKye9u.AV6YzRVa','공무원','mpbs215@naver.com','01000000025','서울 은평구 불광동 8-63',to_timestamp( sysdate, 'YYYY-MM-DD HH24:MI:SS'),'0');
-- 27  행에 대한 삽입 실패
 
--행 27
INSERT INTO USER_INFO_TB (USER_ID, PASSWORD, USER_NAME, EMAIL, HP, ADDRESS, REGIDATE, SELLER) VALUES ('user29','$2a$10$a2Pv8fXzaEsBjXDRzm3zbOuvgfcWvFeigRBDBjaKye9u.AV6YzRVa','공무원','mpbs215@naver.com','01000000026','서울 은평구 불광동 8-63',to_timestamp( sysdate, 'YYYY-MM-DD HH24:MI:SS'),'0');
-- 28  행에 대한 삽입 실패
 
--행 28
INSERT INTO USER_INFO_TB (USER_ID, PASSWORD, USER_NAME, EMAIL, HP, ADDRESS, REGIDATE, SELLER) VALUES ('user30','$2a$10$a2Pv8fXzaEsBjXDRzm3zbOuvgfcWvFeigRBDBjaKye9u.AV6YzRVa','공무원','mpbs215@naver.com','01000000027','서울 은평구 불광동 8-63',to_timestamp( sysdate, 'YYYY-MM-DD HH24:MI:SS'),'0');
-- 29  행에 대한 삽입 실패
 
--행 29
INSERT INTO USER_INFO_TB (USER_ID, PASSWORD, USER_NAME, EMAIL, HP, ADDRESS, REGIDATE, SELLER) VALUES ('user31','$2a$10$a2Pv8fXzaEsBjXDRzm3zbOuvgfcWvFeigRBDBjaKye9u.AV6YzRVa','공무원','mpbs215@naver.com','01000000028','서울 은평구 불광동 8-63',to_timestamp( sysdate, 'YYYY-MM-DD HH24:MI:SS'),'0');
-- 30  행에 대한 삽입 실패
 
--행 30
INSERT INTO USER_INFO_TB (USER_ID, PASSWORD, USER_NAME, EMAIL, HP, ADDRESS, REGIDATE, SELLER) VALUES ('user32','$2a$10$a2Pv8fXzaEsBjXDRzm3zbOuvgfcWvFeigRBDBjaKye9u.AV6YzRVa','공무원','mpbs215@naver.com','01000000029','서울 은평구 불광동 8-63',to_timestamp( sysdate, 'YYYY-MM-DD HH24:MI:SS'),'0');
-- 31  행에 대한 삽입 실패
 
--행 31
INSERT INTO USER_INFO_TB (USER_ID, PASSWORD, USER_NAME, EMAIL, HP, ADDRESS, REGIDATE, SELLER) VALUES ('user33','$2a$10$a2Pv8fXzaEsBjXDRzm3zbOuvgfcWvFeigRBDBjaKye9u.AV6YzRVa','공무원','mpbs215@naver.com','01000000030','서울 은평구 불광동 8-63',to_timestamp( sysdate, 'YYYY-MM-DD HH24:MI:SS'),'0');
-- 32  행에 대한 삽입 실패
 
--행 32
INSERT INTO USER_INFO_TB (USER_ID, PASSWORD, USER_NAME, EMAIL, HP, ADDRESS, REGIDATE, SELLER) VALUES ('user34','$2a$10$a2Pv8fXzaEsBjXDRzm3zbOuvgfcWvFeigRBDBjaKye9u.AV6YzRVa','공무원','mpbs215@naver.com','01000000031','서울 은평구 불광동 8-63',to_timestamp( sysdate, 'YYYY-MM-DD HH24:MI:SS'),'0');
-- 33  행에 대한 삽입 실패
 
--행 33
INSERT INTO USER_INFO_TB (USER_ID, PASSWORD, USER_NAME, EMAIL, HP, ADDRESS, REGIDATE, SELLER) VALUES ('user35','$2a$10$a2Pv8fXzaEsBjXDRzm3zbOuvgfcWvFeigRBDBjaKye9u.AV6YzRVa','공무원','mpbs215@naver.com','01000000032','서울 은평구 불광동 8-63',to_timestamp( sysdate, 'YYYY-MM-DD HH24:MI:SS'),'0');
-- 34  행에 대한 삽입 실패
 
--행 34
INSERT INTO USER_INFO_TB (USER_ID, PASSWORD, USER_NAME, EMAIL, HP, ADDRESS, REGIDATE, SELLER) VALUES ('user36','$2a$10$a2Pv8fXzaEsBjXDRzm3zbOuvgfcWvFeigRBDBjaKye9u.AV6YzRVa','공무원','mpbs215@naver.com','01000000033','서울 은평구 불광동 8-63',to_timestamp( sysdate, 'YYYY-MM-DD HH24:MI:SS'),'0');
-- 35  행에 대한 삽입 실패
 
--행 35
INSERT INTO USER_INFO_TB (USER_ID, PASSWORD, USER_NAME, EMAIL, HP, ADDRESS, REGIDATE, SELLER) VALUES ('user37','$2a$10$a2Pv8fXzaEsBjXDRzm3zbOuvgfcWvFeigRBDBjaKye9u.AV6YzRVa','공무원','mpbs215@naver.com','01000000034','서울 은평구 불광동 8-63',to_timestamp( sysdate, 'YYYY-MM-DD HH24:MI:SS'),'0');
-- 36  행에 대한 삽입 실패
 
--행 36
INSERT INTO USER_INFO_TB (USER_ID, PASSWORD, USER_NAME, EMAIL, HP, ADDRESS, REGIDATE, SELLER) VALUES ('user38','$2a$10$a2Pv8fXzaEsBjXDRzm3zbOuvgfcWvFeigRBDBjaKye9u.AV6YzRVa','공무원','mpbs215@naver.com','01000000035','서울 은평구 불광동 8-63',to_timestamp( sysdate, 'YYYY-MM-DD HH24:MI:SS'),'0');
-- 37  행에 대한 삽입 실패
 
--행 37
INSERT INTO USER_INFO_TB (USER_ID, PASSWORD, USER_NAME, EMAIL, HP, ADDRESS, REGIDATE, SELLER) VALUES ('user39','$2a$10$a2Pv8fXzaEsBjXDRzm3zbOuvgfcWvFeigRBDBjaKye9u.AV6YzRVa','공무원','mpbs215@naver.com','01000000036','서울 은평구 불광동 8-63',to_timestamp( sysdate, 'YYYY-MM-DD HH24:MI:SS'),'0');
-- 38  행에 대한 삽입 실패
 
--행 38
INSERT INTO USER_INFO_TB (USER_ID, PASSWORD, USER_NAME, EMAIL, HP, ADDRESS, REGIDATE, SELLER) VALUES ('user40','$2a$10$a2Pv8fXzaEsBjXDRzm3zbOuvgfcWvFeigRBDBjaKye9u.AV6YzRVa','공무원','mpbs215@naver.com','01000000037','서울 은평구 불광동 8-63',to_timestamp( sysdate, 'YYYY-MM-DD HH24:MI:SS'),'0');
-- 39  행에 대한 삽입 실패
 
--행 39
INSERT INTO USER_INFO_TB (USER_ID, PASSWORD, USER_NAME, EMAIL, HP, ADDRESS, REGIDATE, SELLER) VALUES ('user41','$2a$10$a2Pv8fXzaEsBjXDRzm3zbOuvgfcWvFeigRBDBjaKye9u.AV6YzRVa','공무원','mpbs215@naver.com','01000000038','서울 은평구 불광동 8-63',to_timestamp( sysdate, 'YYYY-MM-DD HH24:MI:SS'),'0');
-- 40  행에 대한 삽입 실패
 
--행 40
INSERT INTO USER_INFO_TB (USER_ID, PASSWORD, USER_NAME, EMAIL, HP, ADDRESS, REGIDATE, SELLER) VALUES ('user42','$2a$10$a2Pv8fXzaEsBjXDRzm3zbOuvgfcWvFeigRBDBjaKye9u.AV6YzRVa','공무원','mpbs215@naver.com','01000000039','서울 은평구 불광동 8-63',to_timestamp( sysdate, 'YYYY-MM-DD HH24:MI:SS'),'0');
-- 41  행에 대한 삽입 실패
 
--행 41
INSERT INTO USER_INFO_TB (USER_ID, PASSWORD, USER_NAME, EMAIL, HP, ADDRESS, REGIDATE, SELLER) VALUES ('user43','$2a$10$a2Pv8fXzaEsBjXDRzm3zbOuvgfcWvFeigRBDBjaKye9u.AV6YzRVa','공무원','mpbs215@naver.com','01000000040','서울 은평구 불광동 8-63',to_timestamp( sysdate, 'YYYY-MM-DD HH24:MI:SS'),'0');
-- 42  행에 대한 삽입 실패
 
--행 42
INSERT INTO USER_INFO_TB (USER_ID, PASSWORD, USER_NAME, EMAIL, HP, ADDRESS, REGIDATE, SELLER) VALUES ('user44','$2a$10$a2Pv8fXzaEsBjXDRzm3zbOuvgfcWvFeigRBDBjaKye9u.AV6YzRVa','공무원','mpbs215@naver.com','01000000041','서울 은평구 불광동 8-63',to_timestamp( sysdate, 'YYYY-MM-DD HH24:MI:SS'),'0');
-- 43  행에 대한 삽입 실패
 
--행 43
INSERT INTO USER_INFO_TB (USER_ID, PASSWORD, USER_NAME, EMAIL, HP, ADDRESS, REGIDATE, SELLER) VALUES ('user45','$2a$10$a2Pv8fXzaEsBjXDRzm3zbOuvgfcWvFeigRBDBjaKye9u.AV6YzRVa','공무원','mpbs215@naver.com','01000000042','서울 은평구 불광동 8-63',to_timestamp( sysdate, 'YYYY-MM-DD HH24:MI:SS'),'0');
-- 44  행에 대한 삽입 실패
 
--행 44
INSERT INTO USER_INFO_TB (USER_ID, PASSWORD, USER_NAME, EMAIL, HP, ADDRESS, REGIDATE, SELLER) VALUES ('user46','$2a$10$a2Pv8fXzaEsBjXDRzm3zbOuvgfcWvFeigRBDBjaKye9u.AV6YzRVa','공무원','mpbs215@naver.com','01000000043','서울 은평구 불광동 8-63',to_timestamp( sysdate, 'YYYY-MM-DD HH24:MI:SS'),'0');
-- 45  행에 대한 삽입 실패
 
--행 45
INSERT INTO USER_INFO_TB (USER_ID, PASSWORD, USER_NAME, EMAIL, HP, ADDRESS, REGIDATE, SELLER) VALUES ('user47','$2a$10$a2Pv8fXzaEsBjXDRzm3zbOuvgfcWvFeigRBDBjaKye9u.AV6YzRVa','공무원','mpbs215@naver.com','01000000044','서울 은평구 불광동 8-63',to_timestamp( sysdate, 'YYYY-MM-DD HH24:MI:SS'),'0');
-- 46  행에 대한 삽입 실패
 
--행 46
INSERT INTO USER_INFO_TB (USER_ID, PASSWORD, USER_NAME, EMAIL, HP, ADDRESS, REGIDATE, SELLER) VALUES ('user48','$2a$10$a2Pv8fXzaEsBjXDRzm3zbOuvgfcWvFeigRBDBjaKye9u.AV6YzRVa','공무원','mpbs215@naver.com','01000000045','서울 은평구 불광동 8-63',to_timestamp( sysdate, 'YYYY-MM-DD HH24:MI:SS'),'0');
-- 47  행에 대한 삽입 실패
 
--행 47
INSERT INTO USER_INFO_TB (USER_ID, PASSWORD, USER_NAME, EMAIL, HP, ADDRESS, REGIDATE, SELLER) VALUES ('user49','$2a$10$a2Pv8fXzaEsBjXDRzm3zbOuvgfcWvFeigRBDBjaKye9u.AV6YzRVa','공무원','mpbs215@naver.com','01000000046','서울 은평구 불광동 8-63',to_timestamp( sysdate, 'YYYY-MM-DD HH24:MI:SS'),'0');
-- 48  행에 대한 삽입 실패
 
--행 48
INSERT INTO USER_INFO_TB (USER_ID, PASSWORD, USER_NAME, EMAIL, HP, ADDRESS, REGIDATE, SELLER) VALUES ('user50','$2a$10$a2Pv8fXzaEsBjXDRzm3zbOuvgfcWvFeigRBDBjaKye9u.AV6YzRVa','공무원','mpbs215@naver.com','01000000047','서울 은평구 불광동 8-63',to_timestamp( sysdate, 'YYYY-MM-DD HH24:MI:SS'),'0');
-- 49  행에 대한 삽입 실패
 
--행 49
INSERT INTO USER_INFO_TB (USER_ID, PASSWORD, USER_NAME, EMAIL, HP, ADDRESS, REGIDATE, SELLER) VALUES ('user51','$2a$10$a2Pv8fXzaEsBjXDRzm3zbOuvgfcWvFeigRBDBjaKye9u.AV6YzRVa','공무원','mpbs215@naver.com','01000000048','서울 은평구 불광동 8-63',to_timestamp( sysdate, 'YYYY-MM-DD HH24:MI:SS'),'0');
-- 50  행에 대한 삽입 실패
 
--행 50
INSERT INTO USER_INFO_TB (USER_ID, PASSWORD, USER_NAME, EMAIL, HP, ADDRESS, REGIDATE, SELLER) VALUES ('user52','$2a$10$a2Pv8fXzaEsBjXDRzm3zbOuvgfcWvFeigRBDBjaKye9u.AV6YzRVa','공무원','mpbs215@naver.com','01000000049','서울 은평구 불광동 8-63',to_timestamp( sysdate, 'YYYY-MM-DD HH24:MI:SS'),'0');
-- 51  행에 대한 삽입 실패
 
--행 51
INSERT INTO USER_INFO_TB (USER_ID, PASSWORD, USER_NAME, EMAIL, HP, ADDRESS, REGIDATE, SELLER) VALUES ('user53','$2a$10$a2Pv8fXzaEsBjXDRzm3zbOuvgfcWvFeigRBDBjaKye9u.AV6YzRVa','공무원','mpbs215@naver.com','01000000050','서울 은평구 불광동 8-63',to_timestamp( sysdate, 'YYYY-MM-DD HH24:MI:SS'),'0');

INSERT INTO AUTHORITY_TB (USER_ID, ROLE, KEY, HP) VALUES ('seller','ROLE_SELLER','0.0','0');
--행 1
INSERT INTO AUTHORITY_TB (USER_ID, ROLE, KEY, HP) VALUES ('user3','ROLE_USER','0.0','0');
--행 2
INSERT INTO AUTHORITY_TB (USER_ID, ROLE, KEY, HP) VALUES ('user4','ROLE_USER','0.0','0');
--행 3
INSERT INTO AUTHORITY_TB (USER_ID, ROLE, KEY, HP) VALUES ('user5','ROLE_USER','0.0','0');
--행 4
INSERT INTO AUTHORITY_TB (USER_ID, ROLE, KEY, HP) VALUES ('user6','ROLE_USER','0.0','0');
--행 5
INSERT INTO AUTHORITY_TB (USER_ID, ROLE, KEY, HP) VALUES ('user7','ROLE_USER','0.0','0');
--행 6
INSERT INTO AUTHORITY_TB (USER_ID, ROLE, KEY, HP) VALUES ('user8','ROLE_USER','0.0','0');
--행 7
INSERT INTO AUTHORITY_TB (USER_ID, ROLE, KEY, HP) VALUES ('user9','ROLE_USER','0.0','0');
--행 8
INSERT INTO AUTHORITY_TB (USER_ID, ROLE, KEY, HP) VALUES ('user10','ROLE_USER','0.0','0');
--행 9
INSERT INTO AUTHORITY_TB (USER_ID, ROLE, KEY, HP) VALUES ('user11','ROLE_USER','0.0','0');
--행 10
INSERT INTO AUTHORITY_TB (USER_ID, ROLE, KEY, HP) VALUES ('user12','ROLE_USER','0.0','0');
--행 11
INSERT INTO AUTHORITY_TB (USER_ID, ROLE, KEY, HP) VALUES ('user13','ROLE_USER','0.0','0');
--행 12
INSERT INTO AUTHORITY_TB (USER_ID, ROLE, KEY, HP) VALUES ('user14','ROLE_USER','0.0','0');
--행 13
INSERT INTO AUTHORITY_TB (USER_ID, ROLE, KEY, HP) VALUES ('user15','ROLE_USER','0.0','0');
--행 14
INSERT INTO AUTHORITY_TB (USER_ID, ROLE, KEY, HP) VALUES ('user16','ROLE_USER','0.0','0');
--행 15
INSERT INTO AUTHORITY_TB (USER_ID, ROLE, KEY, HP) VALUES ('user17','ROLE_USER','0.0','0');
--행 16
INSERT INTO AUTHORITY_TB (USER_ID, ROLE, KEY, HP) VALUES ('user18','ROLE_USER','0.0','0');
--행 17
INSERT INTO AUTHORITY_TB (USER_ID, ROLE, KEY, HP) VALUES ('user19','ROLE_USER','0.0','0');
--행 18
INSERT INTO AUTHORITY_TB (USER_ID, ROLE, KEY, HP) VALUES ('user20','ROLE_USER','0.0','0');
--행 19
INSERT INTO AUTHORITY_TB (USER_ID, ROLE, KEY, HP) VALUES ('user21','ROLE_USER','0.0','0');
--행 20
INSERT INTO AUTHORITY_TB (USER_ID, ROLE, KEY, HP) VALUES ('user22','ROLE_USER','0.0','0');
--행 21
INSERT INTO AUTHORITY_TB (USER_ID, ROLE, KEY, HP) VALUES ('user23','ROLE_USER','0.0','0');
--행 22
INSERT INTO AUTHORITY_TB (USER_ID, ROLE, KEY, HP) VALUES ('user24','ROLE_USER','0.0','0');
--행 23
INSERT INTO AUTHORITY_TB (USER_ID, ROLE, KEY, HP) VALUES ('user25','ROLE_USER','0.0','0');
--행 24
INSERT INTO AUTHORITY_TB (USER_ID, ROLE, KEY, HP) VALUES ('user26','ROLE_USER','0.0','0');
--행 25
INSERT INTO AUTHORITY_TB (USER_ID, ROLE, KEY, HP) VALUES ('user27','ROLE_USER','0.0','0');
--행 26
INSERT INTO AUTHORITY_TB (USER_ID, ROLE, KEY, HP) VALUES ('user28','ROLE_USER','0.0','0');
--행 27
INSERT INTO AUTHORITY_TB (USER_ID, ROLE, KEY, HP) VALUES ('user29','ROLE_USER','0.0','0');
--행 28
INSERT INTO AUTHORITY_TB (USER_ID, ROLE, KEY, HP) VALUES ('user30','ROLE_USER','0.0','0');
--행 29
INSERT INTO AUTHORITY_TB (USER_ID, ROLE, KEY, HP) VALUES ('user31','ROLE_USER','0.0','0');
--행 30
INSERT INTO AUTHORITY_TB (USER_ID, ROLE, KEY, HP) VALUES ('user32','ROLE_USER','0.0','0');
--행 31
INSERT INTO AUTHORITY_TB (USER_ID, ROLE, KEY, HP) VALUES ('user33','ROLE_USER','0.0','0');
--행 32
INSERT INTO AUTHORITY_TB (USER_ID, ROLE, KEY, HP) VALUES ('user34','ROLE_USER','0.0','0');
--행 33
INSERT INTO AUTHORITY_TB (USER_ID, ROLE, KEY, HP) VALUES ('user35','ROLE_USER','0.0','0');
--행 34
INSERT INTO AUTHORITY_TB (USER_ID, ROLE, KEY, HP) VALUES ('user36','ROLE_USER','0.0','0');
--행 35
INSERT INTO AUTHORITY_TB (USER_ID, ROLE, KEY, HP) VALUES ('user37','ROLE_USER','0.0','0');
--행 36
INSERT INTO AUTHORITY_TB (USER_ID, ROLE, KEY, HP) VALUES ('user38','ROLE_USER','0.0','0');
--행 37
INSERT INTO AUTHORITY_TB (USER_ID, ROLE, KEY, HP) VALUES ('user39','ROLE_USER','0.0','0');
--행 38
INSERT INTO AUTHORITY_TB (USER_ID, ROLE, KEY, HP) VALUES ('user40','ROLE_USER','0.0','0');
--행 39
INSERT INTO AUTHORITY_TB (USER_ID, ROLE, KEY, HP) VALUES ('user41','ROLE_USER','0.0','0');
--행 40
INSERT INTO AUTHORITY_TB (USER_ID, ROLE, KEY, HP) VALUES ('user42','ROLE_USER','0.0','0');
--행 41
INSERT INTO AUTHORITY_TB (USER_ID, ROLE, KEY, HP) VALUES ('user43','ROLE_USER','0.0','0');
--행 42
INSERT INTO AUTHORITY_TB (USER_ID, ROLE, KEY, HP) VALUES ('user44','ROLE_USER','0.0','0');
--행 43
INSERT INTO AUTHORITY_TB (USER_ID, ROLE, KEY, HP) VALUES ('user45','ROLE_USER','0.0','0');
--행 44
INSERT INTO AUTHORITY_TB (USER_ID, ROLE, KEY, HP) VALUES ('user46','ROLE_USER','0.0','0');
--행 45
INSERT INTO AUTHORITY_TB (USER_ID, ROLE, KEY, HP) VALUES ('user47','ROLE_USER','0.0','0');
--행 46
INSERT INTO AUTHORITY_TB (USER_ID, ROLE, KEY, HP) VALUES ('user48','ROLE_USER','0.0','0');
--행 47
INSERT INTO AUTHORITY_TB (USER_ID, ROLE, KEY, HP) VALUES ('user49','ROLE_USER','0.0','0');
--행 48
INSERT INTO AUTHORITY_TB (USER_ID, ROLE, KEY, HP) VALUES ('user50','ROLE_USER','0.0','0');
--행 49
INSERT INTO AUTHORITY_TB (USER_ID, ROLE, KEY, HP) VALUES ('user51','ROLE_USER','0.0','0');
--행 50
INSERT INTO AUTHORITY_TB (USER_ID, ROLE, KEY, HP) VALUES ('user52','ROLE_USER','0.0','0');
--행 51
INSERT INTO AUTHORITY_TB (USER_ID, ROLE, KEY, HP) VALUES ('user53','ROLE_USER','0.0','0');

--행 1
INSERT INTO PARK_TB (PARK_NO, USER_ID, PARK_NAME, PARK_ADDR, PARK_SIZE, PARK_CONTENT, PRICE) VALUES (park_seq.nextval,'seller','연신중학교 주차장','서울특별시 은평구 연서로33길 16-32 연신중학교',3000,'연신중학교 주차장','6000.0');
--행 2
INSERT INTO PARK_TB (PARK_NO, USER_ID, PARK_NAME, PARK_ADDR, PARK_SIZE, PARK_CONTENT, PRICE) VALUES (park_seq.nextval,'seller','메트로타워 주차장','서울특별시 은평구 불광동 311-13',3000,'메트로타워 주차장','7000.0');
--행 3
INSERT INTO PARK_TB (PARK_NO, USER_ID, PARK_NAME, PARK_ADDR, PARK_SIZE, PARK_CONTENT, PRICE) VALUES (park_seq.nextval,'seller','연광초교 주차장','서울특별시 은평구 연서로35길 37 연광초등학교',3000,'연광초교 주차장','10000.0');
--행 4
INSERT INTO PARK_TB (PARK_NO, USER_ID, PARK_NAME, PARK_ADDR, PARK_SIZE, PARK_CONTENT, PRICE) VALUES (park_seq.nextval,'seller','세종빌딩 주차장','서울특별시 은평구 불광2동 322-3',3000,'세종빌딩 주차장','1000.0');
--행 5
INSERT INTO PARK_TB (PARK_NO, USER_ID, PARK_NAME, PARK_ADDR, PARK_SIZE, PARK_CONTENT, PRICE) VALUES (park_seq.nextval,'seller','범서쇼핑 주차장','서울특별시 은평구 불광2동 308-19',3000,'범서쇼핑 주차장','8000.0');
--행 6
INSERT INTO PARK_TB (PARK_NO, USER_ID, PARK_NAME, PARK_ADDR, PARK_SIZE, PARK_CONTENT, PRICE) VALUES (park_seq.nextval,'seller','은평구립도서관주차장','서울특별시 은평구 통일로78가길 13-84 은평구립도서관',3000,'은평구립도서관주차장','5500.0');
--행 7
INSERT INTO PARK_TB (PARK_NO, USER_ID, PARK_NAME, PARK_ADDR, PARK_SIZE, PARK_CONTENT, PRICE) VALUES (park_seq.nextval,'seller','대성민영주차장','서울특별시 은평구 통일로 838-4',3000,'대성민영주차장','6000.0');
--행 8
INSERT INTO PARK_TB (PARK_NO, USER_ID, PARK_NAME, PARK_ADDR, PARK_SIZE, PARK_CONTENT, PRICE) VALUES (park_seq.nextval,'seller','유료 민영 주차장','서울특별시 은평구 불광로 90 대호프라자아파트',3000,'유료 민영 주차장','7000.0');
--행 9
INSERT INTO PARK_TB (PARK_NO, USER_ID, PARK_NAME, PARK_ADDR, PARK_SIZE, PARK_CONTENT, PRICE) VALUES (park_seq.nextval,'seller','수양민영주차장','서울특별시 은평구 불광1동 13-5',3000,'수양민영주차장','10000.0');
--행 10
INSERT INTO PARK_TB (PARK_NO, USER_ID, PARK_NAME, PARK_ADDR, PARK_SIZE, PARK_CONTENT, PRICE) VALUES (park_seq.nextval,'seller','정원빌딩 주차장','서울특별시 은평구 연서로32길 3',3000,'정원빌딩 주차장','1000.0');
--행 11
INSERT INTO PARK_TB (PARK_NO, USER_ID, PARK_NAME, PARK_ADDR, PARK_SIZE, PARK_CONTENT, PRICE) VALUES (park_seq.nextval,'seller','유진상가앞 노상 공영 주차장','서울특별시 서대문구 통일로 484 유진상가',3000,'유진상가앞 노상 공영 주차장','8000.0');
--행 12
INSERT INTO PARK_TB (PARK_NO, USER_ID, PARK_NAME, PARK_ADDR, PARK_SIZE, PARK_CONTENT, PRICE) VALUES (park_seq.nextval,'seller','홍제시장민영주차장','서울특별시 서대문구 통일로 445-1',3000,'홍제시장민영주차장','5500.0');
--행 13
INSERT INTO PARK_TB (PARK_NO, USER_ID, PARK_NAME, PARK_ADDR, PARK_SIZE, PARK_CONTENT, PRICE) VALUES (park_seq.nextval,'seller','홍제2주차장','서울특별시 서대문구 통일로 426',3000,'홍제2주차장','6000.0');
--행 14
INSERT INTO PARK_TB (PARK_NO, USER_ID, PARK_NAME, PARK_ADDR, PARK_SIZE, PARK_CONTENT, PRICE) VALUES (park_seq.nextval,'seller','홍제 화인빌딩 주차장','서울특별시 서대문구 통일로 413 연세스포츠센터',3000,'홍제 화인빌딩 주차장','7000.0');
--행 15
INSERT INTO PARK_TB (PARK_NO, USER_ID, PARK_NAME, PARK_ADDR, PARK_SIZE, PARK_CONTENT, PRICE) VALUES (park_seq.nextval,'seller','구산동마을공원 공영 주차장 ','서울특별시 은평구 구산동 340-1',3000,'구산동마을공원 공영?주차장?','10000.0');
--행 16
INSERT INTO PARK_TB (PARK_NO, USER_ID, PARK_NAME, PARK_ADDR, PARK_SIZE, PARK_CONTENT, PRICE) VALUES (park_seq.nextval,'seller','대영민영주차장','서울특별시 은평구 통일로 863-12',3000,'대영민영주차장','1000.0');
--행 17
INSERT INTO PARK_TB (PARK_NO, USER_ID, PARK_NAME, PARK_ADDR, PARK_SIZE, PARK_CONTENT, PRICE) VALUES (park_seq.nextval,'seller','갈현1동공영주차장','서울특별시 은평구 갈현로41가길 16 갈현동공동주차장',3000,'갈현1동공영주차장','8000.0');
--행 18
INSERT INTO PARK_TB (PARK_NO, USER_ID, PARK_NAME, PARK_ADDR, PARK_SIZE, PARK_CONTENT, PRICE) VALUES (park_seq.nextval,'seller','아이레네안경 민영 주차장','서울특별시 은평구 연서로 209 보성빌',3000,'아이레네안경 민영 주차장','5500.0');
--행 19
INSERT INTO PARK_TB (PARK_NO, USER_ID, PARK_NAME, PARK_ADDR, PARK_SIZE, PARK_CONTENT, PRICE) VALUES (park_seq.nextval,'seller','영진빌딩 주차장','서울특별시 은평구 연서로 137 영진빌딩',3000,'영진빌딩 주차장','6000.0');
--행 20
INSERT INTO PARK_TB (PARK_NO, USER_ID, PARK_NAME, PARK_ADDR, PARK_SIZE, PARK_CONTENT, PRICE) VALUES (park_seq.nextval,'seller','청구성심병원외래민영주차장','서울특별시 은평구 갈현동 404-9',2500,'청구성심병원외래민영주차장','7000.0');
--행 21
INSERT INTO PARK_TB (PARK_NO, USER_ID, PARK_NAME, PARK_ADDR, PARK_SIZE, PARK_CONTENT, PRICE) VALUES (park_seq.nextval,'seller','Y타운 주차장','서울특별시 은평구 통일로 855-8 연신내진원와이타운',3500,'Y타운 주차장','10000.0');
--행 22
INSERT INTO PARK_TB (PARK_NO, USER_ID, PARK_NAME, PARK_ADDR, PARK_SIZE, PARK_CONTENT, PRICE) VALUES (park_seq.nextval,'seller','응암공영주차장','서울 은평구 불광천길 436',4500,'응암공영주차장','1000.0');
--행 23
INSERT INTO PARK_TB (PARK_NO, USER_ID, PARK_NAME, PARK_ADDR, PARK_SIZE, PARK_CONTENT, PRICE) VALUES (park_seq.nextval,'seller','매바위공동주차장','서울 은평구 응암동 747-8',3000,'매바위공동주차장','8000.0');
--행 24
INSERT INTO PARK_TB (PARK_NO, USER_ID, PARK_NAME, PARK_ADDR, PARK_SIZE, PARK_CONTENT, PRICE) VALUES (park_seq.nextval,'seller','응암주차장','서울 은평구 응암동 117-24',2500,'응암주차장','5500.0');
--행 25
INSERT INTO PARK_TB (PARK_NO, USER_ID, PARK_NAME, PARK_ADDR, PARK_SIZE, PARK_CONTENT, PRICE) VALUES (park_seq.nextval,'seller','연송주차장','서울 은평구 응암로 156',3500,'연송주차장','6000.0');
--행 26
INSERT INTO PARK_TB (PARK_NO, USER_ID, PARK_NAME, PARK_ADDR, PARK_SIZE, PARK_CONTENT, PRICE) VALUES (park_seq.nextval,'seller','남영주차장','서울 은평구 가좌로 215',4500,'남영주차장','7000.0');
--행 27
INSERT INTO PARK_TB (PARK_NO, USER_ID, PARK_NAME, PARK_ADDR, PARK_SIZE, PARK_CONTENT, PRICE) VALUES (park_seq.nextval,'seller','삼일주차장','서울 은평구 응암로 217',3000,'삼일주차장','10000.0');
--행 28
INSERT INTO PARK_TB (PARK_NO, USER_ID, PARK_NAME, PARK_ADDR, PARK_SIZE, PARK_CONTENT, PRICE) VALUES (park_seq.nextval,'seller','디지털미디어시티역 주차장','서울 은평구 수색로 193',2500,'디지털미디어시티역 주차장','1000.0');
--행 29
INSERT INTO PARK_TB (PARK_NO, USER_ID, PARK_NAME, PARK_ADDR, PARK_SIZE, PARK_CONTENT, PRICE) VALUES (park_seq.nextval,'seller','지하주차장','서울 은평구 증산서길 132',3500,'지하주차장','8000.0');
--행 30
INSERT INTO PARK_TB (PARK_NO, USER_ID, PARK_NAME, PARK_ADDR, PARK_SIZE, PARK_CONTENT, PRICE) VALUES (park_seq.nextval,'seller','상암1공영주차장','서울 마포구 성암로 197',4500,'상암1공영주차장','5500.0');
--행 31
INSERT INTO PARK_TB (PARK_NO, USER_ID, PARK_NAME, PARK_ADDR, PARK_SIZE, PARK_CONTENT, PRICE) VALUES (park_seq.nextval,'seller','상암DMC 주차장','서울 마포구 상암동 1145-1',3000,'상암DMC 주차장','6000.0');
--행 32
INSERT INTO PARK_TB (PARK_NO, USER_ID, PARK_NAME, PARK_ADDR, PARK_SIZE, PARK_CONTENT, PRICE) VALUES (park_seq.nextval,'seller','서신초등학교 지하공영주차장','서울 은평구 신사2동 193-9',2500,'서신초등학교 지하공영주차장','7000.0');
--행 33
INSERT INTO PARK_TB (PARK_NO, USER_ID, PARK_NAME, PARK_ADDR, PARK_SIZE, PARK_CONTENT, PRICE) VALUES (park_seq.nextval,'seller','상암DDMC 주차장','서울 마포구 매봉산로 75',3500,'상암DDMC 주차장','10000.0');
--행 34
INSERT INTO PARK_TB (PARK_NO, USER_ID, PARK_NAME, PARK_ADDR, PARK_SIZE, PARK_CONTENT, PRICE) VALUES (park_seq.nextval,'seller','수색역 주차장','서울 은평구 수색로 229',4500,'수색역 주차장','1000.0');
--행 35
INSERT INTO PARK_TB (PARK_NO, USER_ID, PARK_NAME, PARK_ADDR, PARK_SIZE, PARK_CONTENT, PRICE) VALUES (park_seq.nextval,'seller','서부프라자 주차장','서울 서대문구 응암로 58',3000,'서부프라자 주차장','8000.0');
--행 36
INSERT INTO PARK_TB (PARK_NO, USER_ID, PARK_NAME, PARK_ADDR, PARK_SIZE, PARK_CONTENT, PRICE) VALUES (park_seq.nextval,'seller','북한산성 제1주차장','서울 은평구 대서문길 24',2500,'북한산성 제1주차장','5500.0');
--행 37
INSERT INTO PARK_TB (PARK_NO, USER_ID, PARK_NAME, PARK_ADDR, PARK_SIZE, PARK_CONTENT, PRICE) VALUES (park_seq.nextval,'seller','롯데몰 은평점 주차장','서울 은평구 통일로 1050',3500,'롯데몰 은평점 주차장','6000.0');
--행 38
INSERT INTO PARK_TB (PARK_NO, USER_ID, PARK_NAME, PARK_ADDR, PARK_SIZE, PARK_CONTENT, PRICE) VALUES (park_seq.nextval,'seller','에코테라스 주차장','서울 은평구 진관동 66-9',4500,'에코테라스 주차장','7000.0');
--행 39
INSERT INTO PARK_TB (PARK_NO, USER_ID, PARK_NAME, PARK_ADDR, PARK_SIZE, PARK_CONTENT, PRICE) VALUES (park_seq.nextval,'seller','새장골공영주차장','서울 은평구 통일로92다길 16-23',3000,'새장골공영주차장','10000.0');
--행 40
INSERT INTO PARK_TB (PARK_NO, USER_ID, PARK_NAME, PARK_ADDR, PARK_SIZE, PARK_CONTENT, PRICE) VALUES (park_seq.nextval,'seller','양지주차장','서울 은평구 연서로28길 8',2500,'양지주차장','1000.0');
--행 41
INSERT INTO PARK_TB (PARK_NO, USER_ID, PARK_NAME, PARK_ADDR, PARK_SIZE, PARK_CONTENT, PRICE) VALUES (park_seq.nextval,'seller','유료대조주차장','서울 은평구 연서로 214',3500,'유료대조주차장','8000.0');
--행 42
INSERT INTO PARK_TB (PARK_NO, USER_ID, PARK_NAME, PARK_ADDR, PARK_SIZE, PARK_CONTENT, PRICE) VALUES (park_seq.nextval,'seller','경복궁 주차장','서울 종로구 세종로 1-57',4500,'경복궁 주차장','5500.0');
--행 43
INSERT INTO PARK_TB (PARK_NO, USER_ID, PARK_NAME, PARK_ADDR, PARK_SIZE, PARK_CONTENT, PRICE) VALUES (park_seq.nextval,'seller','원서공원앞주차장','서울 종로구 와룡동 3-2',3000,'원서공원앞주차장','6000.0');
--행 44
INSERT INTO PARK_TB (PARK_NO, USER_ID, PARK_NAME, PARK_ADDR, PARK_SIZE, PARK_CONTENT, PRICE) VALUES (park_seq.nextval,'seller','AJ파크 해영회관점','서울 종로구 율곡로 53',2500,'AJ파크 해영회관점','7000.0');
--행 45
INSERT INTO PARK_TB (PARK_NO, USER_ID, PARK_NAME, PARK_ADDR, PARK_SIZE, PARK_CONTENT, PRICE) VALUES (park_seq.nextval,'seller','서울시립정독도서관 1주차장','서울 종로구 소격동 142-3',3500,'서울시립정독도서관 1주차장','10000.0');
--행 46
INSERT INTO PARK_TB (PARK_NO, USER_ID, PARK_NAME, PARK_ADDR, PARK_SIZE, PARK_CONTENT, PRICE) VALUES (park_seq.nextval,'seller','서인사마당 공영주차장','서울 종로구 인사동11길 19',4500,'서인사마당 공영주차장','1000.0');
--행 47
INSERT INTO PARK_TB (PARK_NO, USER_ID, PARK_NAME, PARK_ADDR, PARK_SIZE, PARK_CONTENT, PRICE) VALUES (park_seq.nextval,'seller','그랑서울 주차장','서울 종로구 종로 33',3000,'그랑서울 주차장','8000.0');
--행 48
INSERT INTO PARK_TB (PARK_NO, USER_ID, PARK_NAME, PARK_ADDR, PARK_SIZE, PARK_CONTENT, PRICE) VALUES (park_seq.nextval,'seller','세종로공영주차장','서울 종로구 세종대로 189',2500,'세종로공영주차장','5500.0');
--행 49
INSERT INTO PARK_TB (PARK_NO, USER_ID, PARK_NAME, PARK_ADDR, PARK_SIZE, PARK_CONTENT, PRICE) VALUES (park_seq.nextval,'seller','낙원상가옆주차장','서울 종로구 삼일대로 428',3500,'낙원상가옆주차장','6000.0');
--행 50
INSERT INTO PARK_TB (PARK_NO, USER_ID, PARK_NAME, PARK_ADDR, PARK_SIZE, PARK_CONTENT, PRICE) VALUES (park_seq.nextval,'seller','국립현대미술관 서울관 주차장','서울 종로구 삼청로 30',4500,'국립현대미술관 서울관 주차장','7000.0');
--행 51
INSERT INTO PARK_TB (PARK_NO, USER_ID, PARK_NAME, PARK_ADDR, PARK_SIZE, PARK_CONTENT, PRICE) VALUES (park_seq.nextval,'seller','종각공영주차장','서울 종로구 관철동 13-22',3000,'종각공영주차장','10000.0');
--행 52
INSERT INTO PARK_TB (PARK_NO, USER_ID, PARK_NAME, PARK_ADDR, PARK_SIZE, PARK_CONTENT, PRICE) VALUES (park_seq.nextval,'seller','건국주차장','서울 종로구 인사동4길 17',2500,'건국주차장','1000.0');


--행 1
INSERT INTO PARK_REGIST_TB (PARK_NO, REGI_START, REGI_END) VALUES (2,to_timestamp('06/24/2018', 'mm/dd/yyyy'),to_timestamp('06/29/2018', 'mm/dd/yyyy'));
--행 2
INSERT INTO PARK_REGIST_TB (PARK_NO, REGI_START, REGI_END) VALUES (3,to_timestamp('06/24/2018', 'mm/dd/yyyy'),to_timestamp('06/30/2018', 'mm/dd/yyyy'));
--행 3
INSERT INTO PARK_REGIST_TB (PARK_NO, REGI_START, REGI_END) VALUES (4,to_timestamp('06/25/2018', 'mm/dd/yyyy'),to_timestamp('06/30/2018', 'mm/dd/yyyy'));
--행 4
INSERT INTO PARK_REGIST_TB (PARK_NO, REGI_START, REGI_END) VALUES (5,to_timestamp('06/26/2018', 'mm/dd/yyyy'),to_timestamp('07/07/2018', 'mm/dd/yyyy'));
--행 5
INSERT INTO PARK_REGIST_TB (PARK_NO, REGI_START, REGI_END) VALUES (6,to_timestamp('06/27/2018', 'mm/dd/yyyy'),to_timestamp('07/07/2018', 'mm/dd/yyyy'));
--행 6
INSERT INTO PARK_REGIST_TB (PARK_NO, REGI_START, REGI_END) VALUES (7,to_timestamp('06/28/2018', 'mm/dd/yyyy'),to_timestamp('07/07/2018', 'mm/dd/yyyy'));
--행 7
INSERT INTO PARK_REGIST_TB (PARK_NO, REGI_START, REGI_END) VALUES (8,to_timestamp('06/29/2018', 'mm/dd/yyyy'),to_timestamp('07/07/2018', 'mm/dd/yyyy'));
--행 8
INSERT INTO PARK_REGIST_TB (PARK_NO, REGI_START, REGI_END) VALUES (9,to_timestamp('06/30/2018', 'mm/dd/yyyy'),to_timestamp('07/07/2018', 'mm/dd/yyyy'));
--행 9
INSERT INTO PARK_REGIST_TB (PARK_NO, REGI_START, REGI_END) VALUES (10,to_timestamp('07/01/2018', 'mm/dd/yyyy'),to_timestamp('07/07/2018', 'mm/dd/yyyy'));
--행 10
INSERT INTO PARK_REGIST_TB (PARK_NO, REGI_START, REGI_END) VALUES (11,to_timestamp('07/02/2018', 'mm/dd/yyyy'),to_timestamp('07/07/2018', 'mm/dd/yyyy'));
--행 11
INSERT INTO PARK_REGIST_TB (PARK_NO, REGI_START, REGI_END) VALUES (12,to_timestamp('07/03/2018', 'mm/dd/yyyy'),to_timestamp('07/07/2018', 'mm/dd/yyyy'));
--행 12
INSERT INTO PARK_REGIST_TB (PARK_NO, REGI_START, REGI_END) VALUES (13,to_timestamp('07/04/2018', 'mm/dd/yyyy'),to_timestamp('07/09/2018', 'mm/dd/yyyy'));
--행 13
INSERT INTO PARK_REGIST_TB (PARK_NO, REGI_START, REGI_END) VALUES (14,to_timestamp('07/05/2018', 'mm/dd/yyyy'),to_timestamp('07/10/2018', 'mm/dd/yyyy'));
--행 14
INSERT INTO PARK_REGIST_TB (PARK_NO, REGI_START, REGI_END) VALUES (15,to_timestamp('07/06/2018', 'mm/dd/yyyy'),to_timestamp('07/09/2018', 'mm/dd/yyyy'));
--행 15
INSERT INTO PARK_REGIST_TB (PARK_NO, REGI_START, REGI_END) VALUES (16,to_timestamp('07/07/2018', 'mm/dd/yyyy'),to_timestamp('07/12/2018', 'mm/dd/yyyy'));
--행 16
INSERT INTO PARK_REGIST_TB (PARK_NO, REGI_START, REGI_END) VALUES (17,to_timestamp('07/08/2018', 'mm/dd/yyyy'),to_timestamp('07/09/2018', 'mm/dd/yyyy'));
--행 17
INSERT INTO PARK_REGIST_TB (PARK_NO, REGI_START, REGI_END) VALUES (18,to_timestamp('07/09/2018', 'mm/dd/yyyy'),to_timestamp('07/14/2018', 'mm/dd/yyyy'));
--행 18
INSERT INTO PARK_REGIST_TB (PARK_NO, REGI_START, REGI_END) VALUES (19,to_timestamp('07/10/2018', 'mm/dd/yyyy'),to_timestamp('07/15/2018', 'mm/dd/yyyy'));
--행 19
INSERT INTO PARK_REGIST_TB (PARK_NO, REGI_START, REGI_END) VALUES (20,to_timestamp('07/11/2018', 'mm/dd/yyyy'),to_timestamp('07/16/2018', 'mm/dd/yyyy'));
--행 20
INSERT INTO PARK_REGIST_TB (PARK_NO, REGI_START, REGI_END) VALUES (21,to_timestamp('07/12/2018', 'mm/dd/yyyy'),to_timestamp('07/17/2018', 'mm/dd/yyyy'));
--행 21
INSERT INTO PARK_REGIST_TB (PARK_NO, REGI_START, REGI_END) VALUES (22,to_timestamp('07/13/2018', 'mm/dd/yyyy'),to_timestamp('07/18/2018', 'mm/dd/yyyy'));
--행 22
INSERT INTO PARK_REGIST_TB (PARK_NO, REGI_START, REGI_END) VALUES (23 ,to_timestamp('07/14/2018', 'mm/dd/yyyy'),to_timestamp('07/19/2018', 'mm/dd/yyyy'));
--행 23
INSERT INTO PARK_REGIST_TB (PARK_NO, REGI_START, REGI_END) VALUES (24 ,to_timestamp('07/15/2018', 'mm/dd/yyyy'),to_timestamp('07/20/2018', 'mm/dd/yyyy'));
--행 24
INSERT INTO PARK_REGIST_TB (PARK_NO, REGI_START, REGI_END) VALUES (25 ,to_timestamp('07/16/2018', 'mm/dd/yyyy'),to_timestamp('07/21/2018', 'mm/dd/yyyy'));
--행 25
INSERT INTO PARK_REGIST_TB (PARK_NO, REGI_START, REGI_END) VALUES (26 ,to_timestamp('07/17/2018', 'mm/dd/yyyy'),to_timestamp('07/22/2018', 'mm/dd/yyyy'));
--행 26
INSERT INTO PARK_REGIST_TB (PARK_NO, REGI_START, REGI_END) VALUES (27 ,to_timestamp('07/18/2018', 'mm/dd/yyyy'),to_timestamp('07/23/2018', 'mm/dd/yyyy'));
--행 27
INSERT INTO PARK_REGIST_TB (PARK_NO, REGI_START, REGI_END) VALUES (28 ,to_timestamp('07/19/2018', 'mm/dd/yyyy'),to_timestamp('07/24/2018', 'mm/dd/yyyy'));
--행 28
INSERT INTO PARK_REGIST_TB (PARK_NO, REGI_START, REGI_END) VALUES (29 ,to_timestamp('07/20/2018', 'mm/dd/yyyy'),to_timestamp('07/25/2018', 'mm/dd/yyyy'));
--행 29
INSERT INTO PARK_REGIST_TB (PARK_NO, REGI_START, REGI_END) VALUES (30 ,to_timestamp('07/21/2018', 'mm/dd/yyyy'),to_timestamp('07/26/2018', 'mm/dd/yyyy'));
--행 30
INSERT INTO PARK_REGIST_TB (PARK_NO, REGI_START, REGI_END) VALUES (31 ,to_timestamp('07/22/2018', 'mm/dd/yyyy'),to_timestamp('07/27/2018', 'mm/dd/yyyy'));
--행 31
INSERT INTO PARK_REGIST_TB (PARK_NO, REGI_START, REGI_END) VALUES (32 ,to_timestamp('07/23/2018', 'mm/dd/yyyy'),to_timestamp('07/28/2018', 'mm/dd/yyyy'));
--행 32
INSERT INTO PARK_REGIST_TB (PARK_NO, REGI_START, REGI_END) VALUES (33 ,to_timestamp('07/24/2018', 'mm/dd/yyyy'),to_timestamp('07/29/2018', 'mm/dd/yyyy'));
--행 33
INSERT INTO PARK_REGIST_TB (PARK_NO, REGI_START, REGI_END) VALUES (34 ,to_timestamp('07/25/2018', 'mm/dd/yyyy'),to_timestamp('07/30/2018', 'mm/dd/yyyy'));
--행 34
INSERT INTO PARK_REGIST_TB (PARK_NO, REGI_START, REGI_END) VALUES (35 ,to_timestamp('07/26/2018', 'mm/dd/yyyy'),to_timestamp('07/31/2018', 'mm/dd/yyyy'));
--행 35
INSERT INTO PARK_REGIST_TB (PARK_NO, REGI_START, REGI_END) VALUES (36 ,to_timestamp('07/27/2018', 'mm/dd/yyyy'),to_timestamp('08/01/2018', 'mm/dd/yyyy'));
--행 36
INSERT INTO PARK_REGIST_TB (PARK_NO, REGI_START, REGI_END) VALUES (37 ,to_timestamp('07/28/2018', 'mm/dd/yyyy'),to_timestamp('08/02/2018', 'mm/dd/yyyy'));
--행 37
INSERT INTO PARK_REGIST_TB (PARK_NO, REGI_START, REGI_END) VALUES (38 ,to_timestamp('07/29/2018', 'mm/dd/yyyy'),to_timestamp('08/03/2018', 'mm/dd/yyyy'));
--행 38
INSERT INTO PARK_REGIST_TB (PARK_NO, REGI_START, REGI_END) VALUES (39 ,to_timestamp('07/30/2018', 'mm/dd/yyyy'),to_timestamp('08/17/2018', 'mm/dd/yyyy'));
--행 39
INSERT INTO PARK_REGIST_TB (PARK_NO, REGI_START, REGI_END) VALUES (40 ,to_timestamp('07/31/2018', 'mm/dd/yyyy'),to_timestamp('08/05/2018', 'mm/dd/yyyy'));
--행 40
INSERT INTO PARK_REGIST_TB (PARK_NO, REGI_START, REGI_END) VALUES (41 ,to_timestamp('08/01/2018', 'mm/dd/yyyy'),to_timestamp('08/06/2018', 'mm/dd/yyyy'));
--행 41
INSERT INTO PARK_REGIST_TB (PARK_NO, REGI_START, REGI_END) VALUES (42 ,to_timestamp('08/02/2018', 'mm/dd/yyyy'),to_timestamp('08/17/2018', 'mm/dd/yyyy'));
--행 42
INSERT INTO PARK_REGIST_TB (PARK_NO, REGI_START, REGI_END) VALUES (43 ,to_timestamp('08/03/2018', 'mm/dd/yyyy'),to_timestamp('08/08/2018', 'mm/dd/yyyy'));
--행 43
INSERT INTO PARK_REGIST_TB (PARK_NO, REGI_START, REGI_END) VALUES (44 ,to_timestamp('08/04/2018', 'mm/dd/yyyy'),to_timestamp('08/09/2018', 'mm/dd/yyyy'));
--행 44
INSERT INTO PARK_REGIST_TB (PARK_NO, REGI_START, REGI_END) VALUES (45 ,to_timestamp('08/05/2018', 'mm/dd/yyyy'),to_timestamp('08/10/2018', 'mm/dd/yyyy'));
--행 45
INSERT INTO PARK_REGIST_TB (PARK_NO, REGI_START, REGI_END) VALUES (46 ,to_timestamp('08/06/2018', 'mm/dd/yyyy'),to_timestamp('08/11/2018', 'mm/dd/yyyy'));
--행 46
INSERT INTO PARK_REGIST_TB (PARK_NO, REGI_START, REGI_END) VALUES (47 ,to_timestamp('08/07/2018', 'mm/dd/yyyy'),to_timestamp('08/12/2018', 'mm/dd/yyyy'));
--행 47
INSERT INTO PARK_REGIST_TB (PARK_NO, REGI_START, REGI_END) VALUES (48 ,to_timestamp('08/08/2018', 'mm/dd/yyyy'),to_timestamp('08/13/2018', 'mm/dd/yyyy'));
--행 48
INSERT INTO PARK_REGIST_TB (PARK_NO, REGI_START, REGI_END) VALUES (49 ,to_timestamp('08/09/2018', 'mm/dd/yyyy'),to_timestamp('08/14/2018', 'mm/dd/yyyy'));
--행 49
INSERT INTO PARK_REGIST_TB (PARK_NO, REGI_START, REGI_END) VALUES (50 ,to_timestamp('08/10/2018', 'mm/dd/yyyy'),to_timestamp('08/15/2018', 'mm/dd/yyyy'));
--행 50
INSERT INTO PARK_REGIST_TB (PARK_NO, REGI_START, REGI_END) VALUES (51 ,to_timestamp('08/11/2018', 'mm/dd/yyyy'),to_timestamp('08/16/2018', 'mm/dd/yyyy'));


--행 1
INSERT INTO CAR_TYPE_TB (PARK_NO, CAR_TYPE, MAX_CAR) VALUES (2 ,'소형',5 );
--행 2
INSERT INTO CAR_TYPE_TB (PARK_NO, CAR_TYPE, MAX_CAR) VALUES (2 ,'중형',2 );
--행 3
INSERT INTO CAR_TYPE_TB (PARK_NO, CAR_TYPE, MAX_CAR) VALUES (2 ,'대형',3 );
--행 4
INSERT INTO CAR_TYPE_TB (PARK_NO, CAR_TYPE, MAX_CAR) VALUES (3 ,'중형',4 );
--행 5
INSERT INTO CAR_TYPE_TB (PARK_NO, CAR_TYPE, MAX_CAR) VALUES (3 ,'대형',5 );
--행 6
INSERT INTO CAR_TYPE_TB (PARK_NO, CAR_TYPE, MAX_CAR) VALUES (4 ,'소형',2 );
--행 7
INSERT INTO CAR_TYPE_TB (PARK_NO, CAR_TYPE, MAX_CAR) VALUES (4 ,'중형',1 );
--행 8
INSERT INTO CAR_TYPE_TB (PARK_NO, CAR_TYPE, MAX_CAR) VALUES (4 ,'대형',3 );
--행 9
INSERT INTO CAR_TYPE_TB (PARK_NO, CAR_TYPE, MAX_CAR) VALUES (5 ,'중형',4 );
--행 10
INSERT INTO CAR_TYPE_TB (PARK_NO, CAR_TYPE, MAX_CAR) VALUES (6 ,'대형',3 );
--행 11
INSERT INTO CAR_TYPE_TB (PARK_NO, CAR_TYPE, MAX_CAR) VALUES (7 ,'소형',3 );
--행 12
INSERT INTO CAR_TYPE_TB (PARK_NO, CAR_TYPE, MAX_CAR) VALUES (7 ,'중형',3 );
--행 13
INSERT INTO CAR_TYPE_TB (PARK_NO, CAR_TYPE, MAX_CAR) VALUES (8 ,'대형',2 );
--행 14
INSERT INTO CAR_TYPE_TB (PARK_NO, CAR_TYPE, MAX_CAR) VALUES (9 ,'중형',1 );
--행 15
INSERT INTO CAR_TYPE_TB (PARK_NO, CAR_TYPE, MAX_CAR) VALUES (10 ,'대형',2 );
--행 16
INSERT INTO CAR_TYPE_TB (PARK_NO, CAR_TYPE, MAX_CAR) VALUES (11 ,'소형',6 );
--행 17
INSERT INTO CAR_TYPE_TB (PARK_NO, CAR_TYPE, MAX_CAR) VALUES (11 ,'중형',4 );
--행 18
INSERT INTO CAR_TYPE_TB (PARK_NO, CAR_TYPE, MAX_CAR) VALUES (12 ,'대형',3 );
--행 19
INSERT INTO CAR_TYPE_TB (PARK_NO, CAR_TYPE, MAX_CAR) VALUES (12 ,'중형',2 );
--행 20
INSERT INTO CAR_TYPE_TB (PARK_NO, CAR_TYPE, MAX_CAR) VALUES (13 ,'대형',3 );
--행 21
INSERT INTO CAR_TYPE_TB (PARK_NO, CAR_TYPE, MAX_CAR) VALUES (14 ,'소형',6 );
--행 22
INSERT INTO CAR_TYPE_TB (PARK_NO, CAR_TYPE, MAX_CAR) VALUES (14 ,'중형',4 );
--행 23
INSERT INTO CAR_TYPE_TB (PARK_NO, CAR_TYPE, MAX_CAR) VALUES (15 ,'대형',7 );
--행 24
INSERT INTO CAR_TYPE_TB (PARK_NO, CAR_TYPE, MAX_CAR) VALUES (16 ,'중형',1 );
--행 25
INSERT INTO CAR_TYPE_TB (PARK_NO, CAR_TYPE, MAX_CAR) VALUES (16 ,'대형',1 );
--행 26
INSERT INTO CAR_TYPE_TB (PARK_NO, CAR_TYPE, MAX_CAR) VALUES (17 ,'소형',2 );
--행 27
INSERT INTO CAR_TYPE_TB (PARK_NO, CAR_TYPE, MAX_CAR) VALUES (17 ,'중형',3 );
--행 28
INSERT INTO CAR_TYPE_TB (PARK_NO, CAR_TYPE, MAX_CAR) VALUES (18 ,'대형',4 );
--행 29
INSERT INTO CAR_TYPE_TB (PARK_NO, CAR_TYPE, MAX_CAR) VALUES (18 ,'소형',5 );
--행 30
INSERT INTO CAR_TYPE_TB (PARK_NO, CAR_TYPE, MAX_CAR) VALUES (18 ,'중형',4 );
--행 31
INSERT INTO CAR_TYPE_TB (PARK_NO, CAR_TYPE, MAX_CAR) VALUES (19 ,'대형',3 );
--행 32
INSERT INTO CAR_TYPE_TB (PARK_NO, CAR_TYPE, MAX_CAR) VALUES (20 ,'소형',1 );
--행 33
INSERT INTO CAR_TYPE_TB (PARK_NO, CAR_TYPE, MAX_CAR) VALUES (20 ,'중형',2 );
--행 34
INSERT INTO CAR_TYPE_TB (PARK_NO, CAR_TYPE, MAX_CAR) VALUES (21 ,'대형',4 );
--행 35
INSERT INTO CAR_TYPE_TB (PARK_NO, CAR_TYPE, MAX_CAR) VALUES (21 ,'소형',3 );
--행 36
INSERT INTO CAR_TYPE_TB (PARK_NO, CAR_TYPE, MAX_CAR) VALUES (22 ,'중형',7 );
--행 37
INSERT INTO CAR_TYPE_TB (PARK_NO, CAR_TYPE, MAX_CAR) VALUES (22 ,'대형',2 );
--행 38
INSERT INTO CAR_TYPE_TB (PARK_NO, CAR_TYPE, MAX_CAR) VALUES (23 ,'소형',3 );
--행 39
INSERT INTO CAR_TYPE_TB (PARK_NO, CAR_TYPE, MAX_CAR) VALUES (23 ,'중형',3 );
--행 40
INSERT INTO CAR_TYPE_TB (PARK_NO, CAR_TYPE, MAX_CAR) VALUES (24 ,'대형',2 );
--행 41
INSERT INTO CAR_TYPE_TB (PARK_NO, CAR_TYPE, MAX_CAR) VALUES (24 ,'소형',2 );
--행 42
INSERT INTO CAR_TYPE_TB (PARK_NO, CAR_TYPE, MAX_CAR) VALUES (25 ,'중형',1 );
--행 43
INSERT INTO CAR_TYPE_TB (PARK_NO, CAR_TYPE, MAX_CAR) VALUES (25 ,'대형',3 );
--행 44
INSERT INTO CAR_TYPE_TB (PARK_NO, CAR_TYPE, MAX_CAR) VALUES (26 ,'소형',4 );
--행 45
INSERT INTO CAR_TYPE_TB (PARK_NO, CAR_TYPE, MAX_CAR) VALUES (27 ,'중형',5 );
--행 46
INSERT INTO CAR_TYPE_TB (PARK_NO, CAR_TYPE, MAX_CAR) VALUES (27 ,'대형',4 );
--행 47
INSERT INTO CAR_TYPE_TB (PARK_NO, CAR_TYPE, MAX_CAR) VALUES (28 ,'소형',1 );
--행 48
INSERT INTO CAR_TYPE_TB (PARK_NO, CAR_TYPE, MAX_CAR) VALUES (28 ,'중형',3 );
--행 49
INSERT INTO CAR_TYPE_TB (PARK_NO, CAR_TYPE, MAX_CAR) VALUES (29 ,'대형',7 );
--행 50
INSERT INTO CAR_TYPE_TB (PARK_NO, CAR_TYPE, MAX_CAR) VALUES (29 ,'소형',1 );

--행 51
INSERT INTO CAR_TYPE_TB (PARK_NO, CAR_TYPE, MAX_CAR) VALUES (30 ,'중형',2 );
--행 52
INSERT INTO CAR_TYPE_TB (PARK_NO, CAR_TYPE, MAX_CAR) VALUES (31 ,'소형',1 );
--행 53
INSERT INTO CAR_TYPE_TB (PARK_NO, CAR_TYPE, MAX_CAR) VALUES (32 ,'중형',3 );
--행 54
INSERT INTO CAR_TYPE_TB (PARK_NO, CAR_TYPE, MAX_CAR) VALUES (33 ,'대형',7 );
--행 55
INSERT INTO CAR_TYPE_TB (PARK_NO, CAR_TYPE, MAX_CAR) VALUES (34 ,'소형',1 );
--행 56
INSERT INTO CAR_TYPE_TB (PARK_NO, CAR_TYPE, MAX_CAR) VALUES (34 ,'중형',2 );
--행 57
INSERT INTO CAR_TYPE_TB (PARK_NO, CAR_TYPE, MAX_CAR) VALUES (35 ,'소형',1 );
--행 58
INSERT INTO CAR_TYPE_TB (PARK_NO, CAR_TYPE, MAX_CAR) VALUES (35 ,'중형',3 );
--행 59
INSERT INTO CAR_TYPE_TB (PARK_NO, CAR_TYPE, MAX_CAR) VALUES (35 ,'대형',7 );
--행 60
INSERT INTO CAR_TYPE_TB (PARK_NO, CAR_TYPE, MAX_CAR) VALUES (36 ,'소형',1 );
--행 61
INSERT INTO CAR_TYPE_TB (PARK_NO, CAR_TYPE, MAX_CAR) VALUES (37 ,'중형',2 );
--행 62
INSERT INTO CAR_TYPE_TB (PARK_NO, CAR_TYPE, MAX_CAR) VALUES (38 ,'소형',1 );
--행 63
INSERT INTO CAR_TYPE_TB (PARK_NO, CAR_TYPE, MAX_CAR) VALUES (38 ,'중형',3 );
--행 64
INSERT INTO CAR_TYPE_TB (PARK_NO, CAR_TYPE, MAX_CAR) VALUES (39 ,'대형',7 );
--행 65
INSERT INTO CAR_TYPE_TB (PARK_NO, CAR_TYPE, MAX_CAR) VALUES (39 ,'소형',1 );
--행 66
INSERT INTO CAR_TYPE_TB (PARK_NO, CAR_TYPE, MAX_CAR) VALUES (40 ,'중형',2 );
--행 67
INSERT INTO CAR_TYPE_TB (PARK_NO, CAR_TYPE, MAX_CAR) VALUES (41 ,'소형',1 );
--행 68
INSERT INTO CAR_TYPE_TB (PARK_NO, CAR_TYPE, MAX_CAR) VALUES (42 ,'중형',3 );
--행 69
INSERT INTO CAR_TYPE_TB (PARK_NO, CAR_TYPE, MAX_CAR) VALUES (42 ,'대형',7 );
--행 70
INSERT INTO CAR_TYPE_TB (PARK_NO, CAR_TYPE, MAX_CAR) VALUES (43 ,'소형',1 );
--행 71
INSERT INTO CAR_TYPE_TB (PARK_NO, CAR_TYPE, MAX_CAR) VALUES (43 ,'중형',2 );
--행 72
INSERT INTO CAR_TYPE_TB (PARK_NO, CAR_TYPE, MAX_CAR) VALUES (44 ,'소형',1 );
--행 73
INSERT INTO CAR_TYPE_TB (PARK_NO, CAR_TYPE, MAX_CAR) VALUES (45 ,'중형',3 );
--행 74
INSERT INTO CAR_TYPE_TB (PARK_NO, CAR_TYPE, MAX_CAR) VALUES (45 ,'대형',7 );
--행 75
INSERT INTO CAR_TYPE_TB (PARK_NO, CAR_TYPE, MAX_CAR) VALUES (46 ,'소형',1 );
--행 76
INSERT INTO CAR_TYPE_TB (PARK_NO, CAR_TYPE, MAX_CAR) VALUES (47 ,'중형',2 );
--행 77
INSERT INTO CAR_TYPE_TB (PARK_NO, CAR_TYPE, MAX_CAR) VALUES (48 ,'소형',1 );
--행 78
INSERT INTO CAR_TYPE_TB (PARK_NO, CAR_TYPE, MAX_CAR) VALUES (48 ,'중형',3 );
--행 79
INSERT INTO CAR_TYPE_TB (PARK_NO, CAR_TYPE, MAX_CAR) VALUES (48 ,'대형',7 );
--행 80
INSERT INTO CAR_TYPE_TB (PARK_NO, CAR_TYPE, MAX_CAR) VALUES (49 ,'소형',1 );
--행 81
INSERT INTO CAR_TYPE_TB (PARK_NO, CAR_TYPE, MAX_CAR) VALUES (50 ,'중형',2 );
--행 82
INSERT INTO CAR_TYPE_TB (PARK_NO, CAR_TYPE, MAX_CAR) VALUES (51 ,'대형',7 );
--행 1
INSERT INTO PARK_IMAGE_TB (IMG_NO, PARK_NO, IMG_PATH) VALUES (img_seq.nextval,2 ,'http://image.chosun.com/sitedata/image/201706/29/2017062901812_0.jpg');
--행 2
INSERT INTO PARK_IMAGE_TB (IMG_NO, PARK_NO, IMG_PATH) VALUES (img_seq.nextval,3 ,'http://image.chosun.com/sitedata/image/201706/29/2017062901812_0.jpg');
--행 3
INSERT INTO PARK_IMAGE_TB (IMG_NO, PARK_NO, IMG_PATH) VALUES (img_seq.nextval,4 ,'http://image.chosun.com/sitedata/image/201706/29/2017062901812_0.jpg');
--행 4
INSERT INTO PARK_IMAGE_TB (IMG_NO, PARK_NO, IMG_PATH) VALUES (img_seq.nextval,5 ,'http://image.chosun.com/sitedata/image/201706/29/2017062901812_0.jpg');
--행 5
INSERT INTO PARK_IMAGE_TB (IMG_NO, PARK_NO, IMG_PATH) VALUES (img_seq.nextval,6 ,'http://image.chosun.com/sitedata/image/201706/29/2017062901812_0.jpg');
--행 6
INSERT INTO PARK_IMAGE_TB (IMG_NO, PARK_NO, IMG_PATH) VALUES (img_seq.nextval,7 ,'http://image.chosun.com/sitedata/image/201706/29/2017062901812_0.jpg');
--행 7
INSERT INTO PARK_IMAGE_TB (IMG_NO, PARK_NO, IMG_PATH) VALUES (img_seq.nextval,8 ,'http://image.chosun.com/sitedata/image/201706/29/2017062901812_0.jpg');
--행 8
INSERT INTO PARK_IMAGE_TB (IMG_NO, PARK_NO, IMG_PATH) VALUES (img_seq.nextval,9 ,'http://image.chosun.com/sitedata/image/201706/29/2017062901812_0.jpg');
--행 9
INSERT INTO PARK_IMAGE_TB (IMG_NO, PARK_NO, IMG_PATH) VALUES (img_seq.nextval,10 ,'http://image.chosun.com/sitedata/image/201706/29/2017062901812_0.jpg');
--행 10
INSERT INTO PARK_IMAGE_TB (IMG_NO, PARK_NO, IMG_PATH) VALUES (img_seq.nextval,11 ,'http://image.chosun.com/sitedata/image/201706/29/2017062901812_0.jpg');
--행 11
INSERT INTO PARK_IMAGE_TB (IMG_NO, PARK_NO, IMG_PATH) VALUES (img_seq.nextval,12 ,'http://image.chosun.com/sitedata/image/201706/29/2017062901812_0.jpg');
--행 12
INSERT INTO PARK_IMAGE_TB (IMG_NO, PARK_NO, IMG_PATH) VALUES (img_seq.nextval,13 ,'http://image.chosun.com/sitedata/image/201706/29/2017062901812_0.jpg');
--행 13
INSERT INTO PARK_IMAGE_TB (IMG_NO, PARK_NO, IMG_PATH) VALUES (img_seq.nextval,14 ,'http://image.chosun.com/sitedata/image/201706/29/2017062901812_0.jpg');
--행 14
INSERT INTO PARK_IMAGE_TB (IMG_NO, PARK_NO, IMG_PATH) VALUES (img_seq.nextval,15 ,'http://image.chosun.com/sitedata/image/201706/29/2017062901812_0.jpg');
--행 15
INSERT INTO PARK_IMAGE_TB (IMG_NO, PARK_NO, IMG_PATH) VALUES (img_seq.nextval,16 ,'http://image.chosun.com/sitedata/image/201706/29/2017062901812_0.jpg');
--행 16
INSERT INTO PARK_IMAGE_TB (IMG_NO, PARK_NO, IMG_PATH) VALUES (img_seq.nextval,17 ,'http://image.chosun.com/sitedata/image/201706/29/2017062901812_0.jpg');
--행 17
INSERT INTO PARK_IMAGE_TB (IMG_NO, PARK_NO, IMG_PATH) VALUES (img_seq.nextval,18 ,'http://image.chosun.com/sitedata/image/201706/29/2017062901812_0.jpg');
--행 18
INSERT INTO PARK_IMAGE_TB (IMG_NO, PARK_NO, IMG_PATH) VALUES (img_seq.nextval,19 ,'http://image.chosun.com/sitedata/image/201706/29/2017062901812_0.jpg');
--행 19
INSERT INTO PARK_IMAGE_TB (IMG_NO, PARK_NO, IMG_PATH) VALUES (img_seq.nextval,20 ,'http://image.chosun.com/sitedata/image/201706/29/2017062901812_0.jpg');
--행 20
INSERT INTO PARK_IMAGE_TB (IMG_NO, PARK_NO, IMG_PATH) VALUES (img_seq.nextval,21 ,'http://image.chosun.com/sitedata/image/201706/29/2017062901812_0.jpg');
--행 21
INSERT INTO PARK_IMAGE_TB (IMG_NO, PARK_NO, IMG_PATH) VALUES (img_seq.nextval,22 ,'http://image.chosun.com/sitedata/image/201706/29/2017062901812_0.jpg');
--행 22
INSERT INTO PARK_IMAGE_TB (IMG_NO, PARK_NO, IMG_PATH) VALUES (img_seq.nextval,23 ,'http://image.chosun.com/sitedata/image/201706/29/2017062901812_0.jpg');
--행 23
INSERT INTO PARK_IMAGE_TB (IMG_NO, PARK_NO, IMG_PATH) VALUES (img_seq.nextval,24 ,'http://image.chosun.com/sitedata/image/201706/29/2017062901812_0.jpg');
--행 24
INSERT INTO PARK_IMAGE_TB (IMG_NO, PARK_NO, IMG_PATH) VALUES (img_seq.nextval,25 ,'http://image.chosun.com/sitedata/image/201706/29/2017062901812_0.jpg');
--행 25
INSERT INTO PARK_IMAGE_TB (IMG_NO, PARK_NO, IMG_PATH) VALUES (img_seq.nextval,26 ,'http://image.chosun.com/sitedata/image/201706/29/2017062901812_0.jpg');
--행 26
INSERT INTO PARK_IMAGE_TB (IMG_NO, PARK_NO, IMG_PATH) VALUES (img_seq.nextval,27 ,'http://image.chosun.com/sitedata/image/201706/29/2017062901812_0.jpg');
--행 27
INSERT INTO PARK_IMAGE_TB (IMG_NO, PARK_NO, IMG_PATH) VALUES (img_seq.nextval,28 ,'http://image.chosun.com/sitedata/image/201706/29/2017062901812_0.jpg');
--행 28
INSERT INTO PARK_IMAGE_TB (IMG_NO, PARK_NO, IMG_PATH) VALUES (img_seq.nextval,29 ,'http://image.chosun.com/sitedata/image/201706/29/2017062901812_0.jpg');
--행 29
INSERT INTO PARK_IMAGE_TB (IMG_NO, PARK_NO, IMG_PATH) VALUES (img_seq.nextval,30 ,'http://image.chosun.com/sitedata/image/201706/29/2017062901812_0.jpg');
--행 30
INSERT INTO PARK_IMAGE_TB (IMG_NO, PARK_NO, IMG_PATH) VALUES (img_seq.nextval,31 ,'http://image.chosun.com/sitedata/image/201706/29/2017062901812_0.jpg');
--행 31
INSERT INTO PARK_IMAGE_TB (IMG_NO, PARK_NO, IMG_PATH) VALUES (img_seq.nextval,32 ,'http://image.chosun.com/sitedata/image/201706/29/2017062901812_0.jpg');
--행 32
INSERT INTO PARK_IMAGE_TB (IMG_NO, PARK_NO, IMG_PATH) VALUES (img_seq.nextval,33 ,'http://image.chosun.com/sitedata/image/201706/29/2017062901812_0.jpg');
--행 33
INSERT INTO PARK_IMAGE_TB (IMG_NO, PARK_NO, IMG_PATH) VALUES (img_seq.nextval,34 ,'http://image.chosun.com/sitedata/image/201706/29/2017062901812_0.jpg');
--행 34
INSERT INTO PARK_IMAGE_TB (IMG_NO, PARK_NO, IMG_PATH) VALUES (img_seq.nextval,35 ,'http://image.chosun.com/sitedata/image/201706/29/2017062901812_0.jpg');
--행 35
INSERT INTO PARK_IMAGE_TB (IMG_NO, PARK_NO, IMG_PATH) VALUES (img_seq.nextval,36 ,'http://image.chosun.com/sitedata/image/201706/29/2017062901812_0.jpg');
--행 36
INSERT INTO PARK_IMAGE_TB (IMG_NO, PARK_NO, IMG_PATH) VALUES (img_seq.nextval,37 ,'http://image.chosun.com/sitedata/image/201706/29/2017062901812_0.jpg');
--행 37
INSERT INTO PARK_IMAGE_TB (IMG_NO, PARK_NO, IMG_PATH) VALUES (img_seq.nextval,38 ,'http://image.chosun.com/sitedata/image/201706/29/2017062901812_0.jpg');
--행 38
INSERT INTO PARK_IMAGE_TB (IMG_NO, PARK_NO, IMG_PATH) VALUES (img_seq.nextval,39 ,'http://image.chosun.com/sitedata/image/201706/29/2017062901812_0.jpg');
--행 39
INSERT INTO PARK_IMAGE_TB (IMG_NO, PARK_NO, IMG_PATH) VALUES (img_seq.nextval,40 ,'http://image.chosun.com/sitedata/image/201706/29/2017062901812_0.jpg');
--행 40
INSERT INTO PARK_IMAGE_TB (IMG_NO, PARK_NO, IMG_PATH) VALUES (img_seq.nextval,41 ,'http://image.chosun.com/sitedata/image/201706/29/2017062901812_0.jpg');
--행 41
INSERT INTO PARK_IMAGE_TB (IMG_NO, PARK_NO, IMG_PATH) VALUES (img_seq.nextval,42 ,'http://image.chosun.com/sitedata/image/201706/29/2017062901812_0.jpg');
--행 42
INSERT INTO PARK_IMAGE_TB (IMG_NO, PARK_NO, IMG_PATH) VALUES (img_seq.nextval,43 ,'http://image.chosun.com/sitedata/image/201706/29/2017062901812_0.jpg');
--행 43
INSERT INTO PARK_IMAGE_TB (IMG_NO, PARK_NO, IMG_PATH) VALUES (img_seq.nextval,44 ,'http://image.chosun.com/sitedata/image/201706/29/2017062901812_0.jpg');
--행 44
INSERT INTO PARK_IMAGE_TB (IMG_NO, PARK_NO, IMG_PATH) VALUES (img_seq.nextval,45 ,'http://image.chosun.com/sitedata/image/201706/29/2017062901812_0.jpg');
--행 45
INSERT INTO PARK_IMAGE_TB (IMG_NO, PARK_NO, IMG_PATH) VALUES (img_seq.nextval,46 ,'http://image.chosun.com/sitedata/image/201706/29/2017062901812_0.jpg');
--행 46
INSERT INTO PARK_IMAGE_TB (IMG_NO, PARK_NO, IMG_PATH) VALUES (img_seq.nextval,47 ,'http://image.chosun.com/sitedata/image/201706/29/2017062901812_0.jpg');
--행 47
INSERT INTO PARK_IMAGE_TB (IMG_NO, PARK_NO, IMG_PATH) VALUES (img_seq.nextval,48 ,'http://image.chosun.com/sitedata/image/201706/29/2017062901812_0.jpg');
--행 48
INSERT INTO PARK_IMAGE_TB (IMG_NO, PARK_NO, IMG_PATH) VALUES (img_seq.nextval,49 ,'http://image.chosun.com/sitedata/image/201706/29/2017062901812_0.jpg');
--행 49
INSERT INTO PARK_IMAGE_TB (IMG_NO, PARK_NO, IMG_PATH) VALUES (img_seq.nextval,50 ,'http://image.chosun.com/sitedata/image/201706/29/2017062901812_0.jpg');
--행 50
INSERT INTO PARK_IMAGE_TB (IMG_NO, PARK_NO, IMG_PATH) VALUES (img_seq.nextval,51 ,'http://image.chosun.com/sitedata/image/201706/29/2017062901812_0.jpg');


<<<<<<< HEAD
insert into terms_tb values(TERMS_SEQ.NEXTVAL,'제 1 장 총칙 제 1조(목적)','
본 약관은 P.P.L이 운영하는 웹 사이트 (http://xxx.xxx.xxx)의 제반 서비스의 이용조건 및 절차에 관한 사항 및 기타 필요한 사항을 규정함을 목적으로 한다.
');

insert into terms_tb values(TERMS_SEQ.NEXTVAL,'제 2 조 (용어의 정의)','본 약관에서 사용하는 용어는 다음과 같이 정의한다.
①회원 : 기본 회원 정보를 입력하였고, 회사와 서비스 이용계약을 체결하여 아이디를 부여받은 개인
②아이디(ID) : 회원식별과 회원의 서비스 이용을 위해 회원이 선정하고 회사가 승인하는 문자와 숫자의 조합
③비밀번호(Password) : 회원이 통신상의 자신의 비밀을 보호하기 위해 선정한 문자와 숫자의 조합
④해지 : 회사 또는 회원에 의한 이용계약의 종료
');
insert into terms_tb values(TERMS_SEQ.NEXTVAL,'제 3 조 (약관의 공시 및 효력과 변경)','
①본 약관은 회원가입 화면에 게시하여 공시하며 회사는 사정변경 및 영업상 중요한 사유가 있을 경우 약관을 변경할 수 있으며 변경된 약관은 공지사항을 통해 공시한다
②본 약관 및 차후 회사사정에 따라 변경된 약관은 이용자에게 공시함으로써 효력을 발생한다.
');
insert into terms_tb values(TERMS_SEQ.NEXTVAL,'제 4 조 (약관 외 준칙)','
본 약관에 명시되지 않은 사항이 전기통신기본법, 전기통신사업법, 정보통신촉진법, ‘전자상거래등에서의 소비자 보호에 관한 법률’, ‘약관의 규제에관한법률’, ‘전자거래기본법’, ‘전자서명법’, ‘정보통신망 이용촉진등에 관한 법률’, ‘소비자보호법’ 등 기타 관계 법령에 규정되어 있을 경우에는 그 규정을 따르도록 한다.
');

insert into terms_tb values(TERMS_SEQ.NEXTVAL,'
제 5 조 (이용신청)','
①이용신청자가 회원가입 안내에서 본 약관과 개인정보보호정책에 동의하고 등록절차(회사의 소정 양식의 가입 신청서 작성)를 거쳐 '확인' 버튼을 누르면 이용신청을 할 수 있다.
②이용신청자는 반드시 실명과 실제 정보를 사용해야 하며 1개의 생년월일에 대하여 1건의 이용신청을 할 수 있다.
③실명이나 실제 정보를 입력하지 않은 이용자는 법적인 보호를 받을 수 없으며, 서비스 이용에 제한을 받을 수 있다.
');
insert into terms_tb values(TERMS_SEQ.NEXTVAL,'
제 6 조 (이용신청의 승낙)','
①회사는 제5조에 따른 이용신청자에 대하여 제2항 및 제3항의 경우를 예외로 하여 서비스 이용을 승낙한다.
②회사는 아래 사항에 해당하는 경우에 그 제한사유가 해소될 때까지 승낙을 유보할 수 있다.
  가. 서비스 관련 설비에 여유가 없는 경우
  나. 기술상 지장이 있는 경우
  다. 기타 회사 사정상 필요하다고 인정되는 경우
③회사는 아래 사항에 해당하는 경우에 승낙을 하지 않을 수 있다.
  가. 다른 사람의 명의를 사용하여 신청한 경우
  나. 이용자 정보를 허위로 기재하여 신청한 경우
  다. 사회의 안녕질서 또는 미풍양속을 저해할 목적으로 신청한 경우
  라. 기타 회사가 정한 이용신청 요건이 미비한 경우
');
insert into terms_tb values(TERMS_SEQ.NEXTVAL,'제 7 조 (회사의 의무)','
①회사는 사이트를 안정적이고 지속적으로 운영할 의무가 있다.
②회사는 이용자로부터 제기되는 의견이나 불만이 정당하다고 인정될 경우에는 즉시 처리해야 한다. 단, 즉시 처리가 곤란한 경우에는 이용자에게 그 사유와 처리일정을 공지사항 또는 전자우편을 통해 통보해야 한다.
③제1항의 경우 수사상의 목적으로 관계기관 및 정보통신윤리위원회의 요청이 있거나 영장 제시가 있는 경우, 기타 관계 법령에 의한 경우는 예외로 한다.
');
insert into terms_tb values(TERMS_SEQ.NEXTVAL,'제 8 조 (이용자의 의무)','
①이용자는 본 약관 및 회사의 공지사항, 사이트 이용안내 등을 숙지하고 준수해야 하며 기타 회사의 업무에 방해되는 행위를 해서는 안된다.
②이용자는 회사의 사전 승인 없이 본 사이트를 이용해 어떠한 영리행위도 할 수 없다.
③이용자는 본 사이트를 통해 얻는 정보를 회사의 사전 승낙 없이 복사, 복제, 변경, 번역, 출판, 방송 및 기타의 방법으로 사용하거나 이를 타인에게 제공할 수 없다.
');
insert into terms_tb values(TERMS_SEQ.NEXTVAL,'제 9 조 (서비스 이용)','
①이용자는 본 약관의 규정된 사항을 준수해 사이트를 이용한다.
②본 약관에 명시되지 않은 서비스 이용에 관한 사항은 회사가 정해 '공지사항'에 게시하거나 또는 별도로 공지하는 내용에 따른다.
');
insert into terms_tb values(TERMS_SEQ.NEXTVAL,'제 10 조 (정보의 제공)','
회사는 회원이 서비스 이용 중 필요하다고 인정되는 다양한 정보에 대하여 전자메일이나 서신우편 등의 방법으로 회원에게 정보를 제공할 수 있다.
');
insert into terms_tb values(TERMS_SEQ.NEXTVAL,'제 11 조 (광고게재)','
①회사는 서비스의 운용과 관련하여 서비스 화면, 홈페이지, 전자우편 등에 광고 등을 게재할 수 있다.
②회사는 사이트에 게재되어 있는 광고주의 판촉활동에 회원이 참여하거나 교신 또는 거래의 결과로서 발생하는 모든 손실 또는 손해에 대해 책임을 지지 않는다.
');
insert into terms_tb values(TERMS_SEQ.NEXTVAL,'제 12 조 (서비스 이용의 제한)','
본 사이트 이용 및 행위가 다음 각 항에 해당하는 경우 회사는 해당 이용자의 이용을 제한할 수 있다.
①공공질서 및 미풍양속, 기타 사회질서를 해하는 경우
②범죄행위를 목적으로 하거나 기타 범죄행위와 관련된다고 객관적으로 인정되는 경우
③타인의 명예를 손상시키거나 타인의 서비스 이용을 현저히 저해하는 경우
④타인의 의사에 반하는 내용이나 광고성 정보 등을 지속적으로 전송하는 경우
⑤해킹 및 컴퓨터 바이러스 유포 등으로 서비스의 건전한 운영을 저해하는 경우
⑥다른 이용자 또는 제3자의 지적재산권을 침해하거나 지적재산권자가 지적 재산권의 침해를 주장할 수 있다고 판단되는 경우
⑦타인의 아이디 및 비밀번호를 도용한 경우
⑧기타 관계 법령에 위배되는 경우 및 회사가 이용자로서 부적당하다고 판단한 경우
');
insert into terms_tb values(TERMS_SEQ.NEXTVAL,'제 13 조 (서비스 제공의 중지)','
회사는 다음 각 호에 해당하는 경우 서비스의 전부 또는 일부의 제공을 중지할 수 있다.
①전기통신사업법 상에 규정된 기간통신 사업자 또는 인터넷 망 사업자가 서비스를 중지했을 경우
②정전으로 서비스 제공이 불가능할 경우
③설비의 이전, 보수 또는 공사로 인해 부득이한 경우
④서비스 설비의 장애 또는 서비스 이용의 폭주 등으로 정상적인 서비스 제공이 어려운 경우
⑤전시, 사변, 천재지변 또는 이에 준하는 국가비상사태가 발생하거나 발생할 우려가 있는 경우
');
insert into terms_tb values(TERMS_SEQ.NEXTVAL,'제 14 조 (게시물 관리)','
회사는 건전한 통신문화 정착과 효율적인 사이트 운영을 위하여 이용자가 게시하거나 제공하는 자료가 제12조에 해당한다고 판단되는 경우에 임의로 삭제, 자료이동, 등록거부를 할 수 있다.
');

insert into terms_tb values(TERMS_SEQ.NEXTVAL,'
제 15 조 (서비스 이용 책임)','
이용자는 회사에서 권한 있는 사원이 서명한 명시적인 서면에 구체적으로 허용한 경우를 제외하고는 서비스를 이용하여 불법상품을 판매하는 영업활동을 할 수 없으며 특히 해킹, 돈벌기 광고, 음란 사이트를 통한 상업행위, 상용 S/W 불법제공 등을 할 수 없다. 이를 어기고 발생한 영업활동의 결과 및 손실, 관계기관에 의한 구속 등 법적 조치 등에 관해서는 회사가 책임을 지지 않는다.
');

insert into terms_tb values(TERMS_SEQ.NEXTVAL,'
제16조 (결제방법)','‘회원’은 ‘회사’에서 판매하는 재화에 대하여 ‘선불카드, 직불카드, 신용카드 등의 각종 카드 결제 수단’을 이용하여 결제할 수 있다. 이때 ‘회사’는 이용자의 지급방법에 대하여 재화외 어떠한 명목의 수수료를 추가 징수하지 않는다.

① ‘회사’는 이용자의 구매신청이 있는 경우 이용자에게 수신확인통지를 한다. 주문확인에 대한 내용은 해당게시판에서 확인 할 수 있다.
② 수신확인통지를 받은 이용자는 의사표시의 불일치 등이 있는 경우에는 수신확인통지를 받은 후 즉시 구매신청 변경 및 취소를 요청할 수 있고 ‘회사’는 배송전에 이용자의 요청이 있는 경우에는 지체 없이 그 요청에 따라 처리한다. 다만 이미 대금을 지불한 경우에는 제18조의 ‘반품규정’을 따른다.
');
insert into terms_tb values(TERMS_SEQ.NEXTVAL,'제17조 (배송정책)','① ‘회사’는 이용자와 재화의 공급시기에 관하여 별도의 약정이 없는 이상, 이용자가 결재를 실시한 날부터 7일 이내에 재화 등을 배송할 수 있도록 주문제작, 포장 등 기타의 필요한 조치를 취한다. 
②‘회사’는 이용자가 구매한 재화에 대해 배송수단, 수단별 배송비용 부담자, 수단별 배송기간 등을 제품을 구매하는 웹 페이지 하단에 명시한다. 만약 ‘회사’가 약정 배송기간을 초과한 경우에는 그로 인한 이용자의 손해를 배상한다. 하지만 ‘회사’의 고의과실이 없음을 입증한 경우에는 그러하지 아니한다.
');
insert into terms_tb values(TERMS_SEQ.NEXTVAL,'18조 (취소 및 반품 환불 규정)','
‘회사’는 이용자가 구매 신청한 재화 등이 품절 등의 사유로 인도 또는 제공을 할 수 없을 때에는 지체 없이 그 사유를 이용자에게 통지하고 사전에 재화 등의 대금을 받은 경우에는 대금을 받은 날부터 3영업일 이내에 환급하거나 환급에 필요한 조치를 한다.
① 재화가 발송 되기전 이용자가 결제를 취소할 경우 ‘회사’는 해당 주문건을 취소 처리하고 카드결제 승인을 취소한다.
② 재화가 발송 된 이후 결제 취소는 불가하다. 단, ‘회사’의 부주의 ‘배송’상의 문제로 인한 재화의 파손, 변질의 경우 ‘회사’는 이용자에게 구매 금액의 반품 및 환불 조취 및 교환 조취를 취한다.
');
insert into terms_tb values(TERMS_SEQ.NEXTVAL,'제 19 조 (면책 및 손해배상)','
①천재지변 또는 이에 준하는 불가항력으로 인하여 서비스를 제공할 수 없는 경우에는 회사의 서비스 제공 책임이 면제된다.
②회사는 이용자간 또는 이용자와 제3자간의 상호거래 관계에서 발생되는 결과에 대하여 어떠한 책임도 부담하지 않는다.
③회사는 이용자가 게시판에 게재한 정보, 자료, 내용 등에 관하여 사실의 정확성, 신뢰도 등에 어떠한 책임도 부담하지 않으며 이용자는 본인의 책임 아래 본 사이트를 이용해야 한다.
④이용자가 게시 또는 전송한 자료 등에 관하여 손해가 발생하거나 자료의 취사선택, 기타 무료로 제공되는 서비스 이용과 관련해 어떠한 불이익이 발생하더라도 이에 대한 모든 책임은 이용자에게 있다.
⑤아이디와 비밀번호의 관리 및 이용자의 부주의로 인하여 발생되는 손해 또는 제3자에 의한 부정사용 등에 대한 책임은 이용자에게 있다.
⑥이용자가 본 약관의 규정을 위반함으로써 회사에 손해가 발생하는 경우 이 약관을 위반한 이용자는 회사에 발생한 모든 손해를 배상해야 하며 동 손해로부터 회사를 면책시켜야 한다.
');
insert into terms_tb values(TERMS_SEQ.NEXTVAL,'제 20 조 (개인신용정보 제공 및 활용에 대한 동의서)','회사가 회원 가입과 관련해 취득한 개인 신용 정보는 신용정보의 이용 및 보호에 관한 법률 제23조의 규정에 따라 타인에게 제공 및 활용 시 이용자의 동의를 얻어야 한다. 이용자의 동의는 회사가 회원으로 가입한 이용자의  신용정보를 신용정보기관, 신용정보업자 및 기타 이용자 등에게 제공해 이용자의 신용을 판단하기 위한 자료로서 활용하거나 공공기관에서 정책자료로 활용하는데 동의하는 것으로 간주한다.
');
insert into terms_tb values(TERMS_SEQ.NEXTVAL,'제 21 조 (분쟁의 해결)','
①회사와 이용자는 본 사이트 이용과 관련해 발생한 분쟁을 원만하게 해결하기 위하여 필요한 모든 노력을 해야 한다.
②제1항의 규정에도 불구하고 동 분쟁으로 인하여 소송이 제기될 경우 동 소송은 회사의 본사 소재지를 관할하는 법원의 관할로 본다.
');

insert into terms_tb values(TERMS_SEQ.NEXTVAL,'<부칙>','본 약관은 2018년 06월 31일부터 적용한다.');

--행 1
INSERT INTO NOTICE_TB (NOTICE_NO, NOTICE_SUB, NOTICE_DT, NOTICE_CONTENT, NOTICE_HIT, NOTICE_IMAGE) VALUES (notice_seq.nextval,'PPL 위치기반서비스 이용약관 변경 안내new',sysdate,'안녕하세요. PPL 입니다.',0.0,'null');
--행 2
INSERT INTO NOTICE_TB (NOTICE_NO, NOTICE_SUB, NOTICE_DT, NOTICE_CONTENT, NOTICE_HIT, NOTICE_IMAGE) VALUES (notice_seq.nextval,'PPL 서비스 운영정책 변경 안내',sysdate,'안녕하세요. PPL입니다.',0.0,'null');
--행 3
INSERT INTO NOTICE_TB (NOTICE_NO, NOTICE_SUB, NOTICE_DT, NOTICE_CONTENT, NOTICE_HIT, NOTICE_IMAGE) VALUES (notice_seq.nextval,'개인정보 처리방침 개정안내',sysdate,'안녕하세요. PPL(이하 ‘회사’)입니다.',0.0,'null');
--행 4
INSERT INTO NOTICE_TB (NOTICE_NO, NOTICE_SUB, NOTICE_DT, NOTICE_CONTENT, NOTICE_HIT, NOTICE_IMAGE) VALUES (notice_seq.nextval,'PPL 위치기반서비스 이용약관 변경 안내',sysdate,'안녕하세요. PPL 입니다.',0.0,'null');
--행 5
INSERT INTO NOTICE_TB (NOTICE_NO, NOTICE_SUB, NOTICE_DT, NOTICE_CONTENT, NOTICE_HIT, NOTICE_IMAGE) VALUES (notice_seq.nextval,'PPL 통합 약관 및 서비스 약관 변경 안내',sysdate,'PPL의 위치기반서비스 이용약관 변경에 대한 안내 말씀 드립니다.',0.0,'null');
--행 6
INSERT INTO NOTICE_TB (NOTICE_NO, NOTICE_SUB, NOTICE_DT, NOTICE_CONTENT, NOTICE_HIT, NOTICE_IMAGE) VALUES (notice_seq.nextval,'PPL 서비스 약관 변경 안내',sysdate,'안녕하세요.?PPL입니다.',0.0,'null');

insert into faq_tb values(faq_seq.nextval, '주차장 등록은 어떻게 하나요?', '휴대폰번호인증을 받으신 후 이용할 수 있습니다.');
insert into faq_tb values(faq_seq.nextval, '예약취소는 어떻게 하나요?', '마이페이지 - 예약한 주차장에서 예약취소 할 수 있습니다.');
insert into faq_tb values(faq_seq.nextval, '아이디/비밀번호 찾기 했을 때 이메일이 오지 않아요.', '회원가입 시 이메일이 입력을 잘못 하신 경우입니다. 관리자에게 문의하세요.');

INSERT INTO QNA_TB (QNA_NO, USER_ID, QNA_SUB, QNA_CONTENT, QNA_DT, QNA_REVIEW, QNA_REVIEW_DT, QNA_HIT, QNA_PWD, QNA_IMAGE) VALUES (qna_seq.nextval,'qwer','도배도배1','도배도배1',sysdate,null,sysdate,0.0,1234.0,'');
INSERT INTO QNA_TB (QNA_NO, USER_ID, QNA_SUB, QNA_CONTENT, QNA_DT, QNA_REVIEW, QNA_REVIEW_DT, QNA_HIT, QNA_PWD, QNA_IMAGE) VALUES (qna_seq.nextval,'qwer','도배도배2','도배도배2',sysdate,null,sysdate,0.0,1234.0,'');
INSERT INTO QNA_TB (QNA_NO, USER_ID, QNA_SUB, QNA_CONTENT, QNA_DT, QNA_REVIEW, QNA_REVIEW_DT, QNA_HIT, QNA_PWD, QNA_IMAGE) VALUES (qna_seq.nextval,'qwer','도배도배3','도배도배3',sysdate,null,sysdate,0.0,1234.0,'');
INSERT INTO QNA_TB (QNA_NO, USER_ID, QNA_SUB, QNA_CONTENT, QNA_DT, QNA_REVIEW, QNA_REVIEW_DT, QNA_HIT, QNA_PWD, QNA_IMAGE) VALUES (qna_seq.nextval,'qwer','도배도배4','도배도배4',sysdate,null,sysdate,0.0,1234.0,'');
INSERT INTO QNA_TB (QNA_NO, USER_ID, QNA_SUB, QNA_CONTENT, QNA_DT, QNA_REVIEW, QNA_REVIEW_DT, QNA_HIT, QNA_PWD, QNA_IMAGE) VALUES (qna_seq.nextval,'qwer','도배도배5','도배도배5',sysdate,null,sysdate,0.0,1234.0,'');
INSERT INTO QNA_TB (QNA_NO, USER_ID, QNA_SUB, QNA_CONTENT, QNA_DT, QNA_REVIEW, QNA_REVIEW_DT, QNA_HIT, QNA_PWD, QNA_IMAGE) VALUES (qna_seq.nextval,'qwer','도배도배6','도배도배6',sysdate,null,sysdate,0.0,1234.0,'');
INSERT INTO QNA_TB (QNA_NO, USER_ID, QNA_SUB, QNA_CONTENT, QNA_DT, QNA_REVIEW, QNA_REVIEW_DT, QNA_HIT, QNA_PWD, QNA_IMAGE) VALUES (qna_seq.nextval,'qwer','도배도배7','도배도배7',sysdate,null,sysdate,0.0,1234.0,'');
INSERT INTO QNA_TB (QNA_NO, USER_ID, QNA_SUB, QNA_CONTENT, QNA_DT, QNA_REVIEW, QNA_REVIEW_DT, QNA_HIT, QNA_PWD, QNA_IMAGE) VALUES (qna_seq.nextval,'qwer','도배도배8','도배도배8',sysdate,null,sysdate,0.0,1234.0,'');
INSERT INTO QNA_TB (QNA_NO, USER_ID, QNA_SUB, QNA_CONTENT, QNA_DT, QNA_REVIEW, QNA_REVIEW_DT, QNA_HIT, QNA_PWD, QNA_IMAGE) VALUES (qna_seq.nextval,'qwer','도배도배9','도배도배9',sysdate,null,sysdate,0.0,1234.0,'');
INSERT INTO QNA_TB (QNA_NO, USER_ID, QNA_SUB, QNA_CONTENT, QNA_DT, QNA_REVIEW, QNA_REVIEW_DT, QNA_HIT, QNA_PWD, QNA_IMAGE) VALUES (qna_seq.nextval,'qwer','도배도배10','도배도배10',sysdate,null,sysdate,0.0,1234.0,'');
INSERT INTO QNA_TB (QNA_NO, USER_ID, QNA_SUB, QNA_CONTENT, QNA_DT, QNA_REVIEW, QNA_REVIEW_DT, QNA_HIT, QNA_PWD, QNA_IMAGE) VALUES (qna_seq.nextval,'qwer','도배도배11','도배도배11',sysdate,null,sysdate,0.0,1234.0,'');
INSERT INTO QNA_TB (QNA_NO, USER_ID, QNA_SUB, QNA_CONTENT, QNA_DT, QNA_REVIEW, QNA_REVIEW_DT, QNA_HIT, QNA_PWD, QNA_IMAGE) VALUES (qna_seq.nextval,'qwer','도배도배12','도배도배12',sysdate,null,sysdate,0.0,1234.0,'');
INSERT INTO QNA_TB (QNA_NO, USER_ID, QNA_SUB, QNA_CONTENT, QNA_DT, QNA_REVIEW, QNA_REVIEW_DT, QNA_HIT, QNA_PWD, QNA_IMAGE) VALUES (qna_seq.nextval,'qwer','도배도배13','도배도배13',sysdate,null,sysdate,0.0,1234.0,'');
INSERT INTO QNA_TB (QNA_NO, USER_ID, QNA_SUB, QNA_CONTENT, QNA_DT, QNA_REVIEW, QNA_REVIEW_DT, QNA_HIT, QNA_PWD, QNA_IMAGE) VALUES (qna_seq.nextval,'qwer','도배도배14','도배도배14',sysdate,null,sysdate,0.0,1234.0,'');
INSERT INTO QNA_TB (QNA_NO, USER_ID, QNA_SUB, QNA_CONTENT, QNA_DT, QNA_REVIEW, QNA_REVIEW_DT, QNA_HIT, QNA_PWD, QNA_IMAGE) VALUES (qna_seq.nextval,'qwer','도배도배15','도배도배15',sysdate,null,sysdate,0.0,1234.0,'');


=======
--행 1
INSERT INTO PARK_IMAGE_TB (IMG_NO, PARK_NO, IMG_PATH) VALUES (img_seq.nextval,2 ,'01.jpg');
--행 2
INSERT INTO PARK_IMAGE_TB (IMG_NO, PARK_NO, IMG_PATH) VALUES (img_seq.nextval,3 ,'02.jpg');
--행 3
INSERT INTO PARK_IMAGE_TB (IMG_NO, PARK_NO, IMG_PATH) VALUES (img_seq.nextval,4 ,'03.jpg');
--행 4
INSERT INTO PARK_IMAGE_TB (IMG_NO, PARK_NO, IMG_PATH) VALUES (img_seq.nextval,5 ,'04.jpg');
--행 5
INSERT INTO PARK_IMAGE_TB (IMG_NO, PARK_NO, IMG_PATH) VALUES (img_seq.nextval,6 ,'05.jpg');
--행 6
INSERT INTO PARK_IMAGE_TB (IMG_NO, PARK_NO, IMG_PATH) VALUES (img_seq.nextval,7 ,'06.jpg');
--행 7
INSERT INTO PARK_IMAGE_TB (IMG_NO, PARK_NO, IMG_PATH) VALUES (img_seq.nextval,8 ,'07.jpg');
--행 8
INSERT INTO PARK_IMAGE_TB (IMG_NO, PARK_NO, IMG_PATH) VALUES (img_seq.nextval,9 ,'08.jpg');
--행 9
INSERT INTO PARK_IMAGE_TB (IMG_NO, PARK_NO, IMG_PATH) VALUES (img_seq.nextval,10 ,'09.jpg');
--행 10
INSERT INTO PARK_IMAGE_TB (IMG_NO, PARK_NO, IMG_PATH) VALUES (img_seq.nextval,11 ,'10.jpg');
--행 11
INSERT INTO PARK_IMAGE_TB (IMG_NO, PARK_NO, IMG_PATH) VALUES (img_seq.nextval,12 ,'11.jpg');
--행 12
INSERT INTO PARK_IMAGE_TB (IMG_NO, PARK_NO, IMG_PATH) VALUES (img_seq.nextval,13 ,'12.jpg');
--행 13
INSERT INTO PARK_IMAGE_TB (IMG_NO, PARK_NO, IMG_PATH) VALUES (img_seq.nextval,14 ,'13.jpg');
--행 14
INSERT INTO PARK_IMAGE_TB (IMG_NO, PARK_NO, IMG_PATH) VALUES (img_seq.nextval,15 ,'14.jpg');
--행 15
INSERT INTO PARK_IMAGE_TB (IMG_NO, PARK_NO, IMG_PATH) VALUES (img_seq.nextval,16 ,'15.jpg');
--행 16
INSERT INTO PARK_IMAGE_TB (IMG_NO, PARK_NO, IMG_PATH) VALUES (img_seq.nextval,17 ,'16.jpg');
--행 17
INSERT INTO PARK_IMAGE_TB (IMG_NO, PARK_NO, IMG_PATH) VALUES (img_seq.nextval,18 ,'17.jpg');
--행 18
INSERT INTO PARK_IMAGE_TB (IMG_NO, PARK_NO, IMG_PATH) VALUES (img_seq.nextval,19 ,'18.jpg');
--행 19
INSERT INTO PARK_IMAGE_TB (IMG_NO, PARK_NO, IMG_PATH) VALUES (img_seq.nextval,20 ,'19.jpg');
--행 20
INSERT INTO PARK_IMAGE_TB (IMG_NO, PARK_NO, IMG_PATH) VALUES (img_seq.nextval,21 ,'20.jpg');
--행 21
INSERT INTO PARK_IMAGE_TB (IMG_NO, PARK_NO, IMG_PATH) VALUES (img_seq.nextval,22 ,'21.jpg');
--행 22
INSERT INTO PARK_IMAGE_TB (IMG_NO, PARK_NO, IMG_PATH) VALUES (img_seq.nextval,23 ,'22.jpg');
--행 23
INSERT INTO PARK_IMAGE_TB (IMG_NO, PARK_NO, IMG_PATH) VALUES (img_seq.nextval,24 ,'23.jpg');
--행 24
INSERT INTO PARK_IMAGE_TB (IMG_NO, PARK_NO, IMG_PATH) VALUES (img_seq.nextval,25 ,'24.jpg');
--행 25
INSERT INTO PARK_IMAGE_TB (IMG_NO, PARK_NO, IMG_PATH) VALUES (img_seq.nextval,26 ,'25.jpg');
--행 26
INSERT INTO PARK_IMAGE_TB (IMG_NO, PARK_NO, IMG_PATH) VALUES (img_seq.nextval,27 ,'26.jpg');
--행 27
INSERT INTO PARK_IMAGE_TB (IMG_NO, PARK_NO, IMG_PATH) VALUES (img_seq.nextval,28 ,'27.jpg');
--행 28
INSERT INTO PARK_IMAGE_TB (IMG_NO, PARK_NO, IMG_PATH) VALUES (img_seq.nextval,29 ,'28.jpg');
--행 29
INSERT INTO PARK_IMAGE_TB (IMG_NO, PARK_NO, IMG_PATH) VALUES (img_seq.nextval,30 ,'29.jpg');
--행 30
INSERT INTO PARK_IMAGE_TB (IMG_NO, PARK_NO, IMG_PATH) VALUES (img_seq.nextval,31 ,'30.jpg');
--행 31
INSERT INTO PARK_IMAGE_TB (IMG_NO, PARK_NO, IMG_PATH) VALUES (img_seq.nextval,32 ,'31.jpg');
--행 32
INSERT INTO PARK_IMAGE_TB (IMG_NO, PARK_NO, IMG_PATH) VALUES (img_seq.nextval,33 ,'32.jpg');
--행 33
INSERT INTO PARK_IMAGE_TB (IMG_NO, PARK_NO, IMG_PATH) VALUES (img_seq.nextval,34 ,'33.jpg');
--행 34
INSERT INTO PARK_IMAGE_TB (IMG_NO, PARK_NO, IMG_PATH) VALUES (img_seq.nextval,35 ,'34.jpg');
--행 35
INSERT INTO PARK_IMAGE_TB (IMG_NO, PARK_NO, IMG_PATH) VALUES (img_seq.nextval,36 ,'35.jpg');
--행 36
INSERT INTO PARK_IMAGE_TB (IMG_NO, PARK_NO, IMG_PATH) VALUES (img_seq.nextval,37 ,'36.jpg');
--행 37
INSERT INTO PARK_IMAGE_TB (IMG_NO, PARK_NO, IMG_PATH) VALUES (img_seq.nextval,38 ,'37.jpg');
--행 38
INSERT INTO PARK_IMAGE_TB (IMG_NO, PARK_NO, IMG_PATH) VALUES (img_seq.nextval,39 ,'38.jpg');
--행 39
INSERT INTO PARK_IMAGE_TB (IMG_NO, PARK_NO, IMG_PATH) VALUES (img_seq.nextval,40 ,'39.jpg');
--행 40
INSERT INTO PARK_IMAGE_TB (IMG_NO, PARK_NO, IMG_PATH) VALUES (img_seq.nextval,41 ,'40.jpg');
--행 41
INSERT INTO PARK_IMAGE_TB (IMG_NO, PARK_NO, IMG_PATH) VALUES (img_seq.nextval,42 ,'41.jpg');
--행 42
INSERT INTO PARK_IMAGE_TB (IMG_NO, PARK_NO, IMG_PATH) VALUES (img_seq.nextval,43 ,'42.jpg');
--행 43
INSERT INTO PARK_IMAGE_TB (IMG_NO, PARK_NO, IMG_PATH) VALUES (img_seq.nextval,44 ,'43.jpg');
--행 44
INSERT INTO PARK_IMAGE_TB (IMG_NO, PARK_NO, IMG_PATH) VALUES (img_seq.nextval,45 ,'44.jpg');
--행 45
INSERT INTO PARK_IMAGE_TB (IMG_NO, PARK_NO, IMG_PATH) VALUES (img_seq.nextval,46 ,'45.jpg');
--행 46
INSERT INTO PARK_IMAGE_TB (IMG_NO, PARK_NO, IMG_PATH) VALUES (img_seq.nextval,47 ,'46.jpg');
--행 47
INSERT INTO PARK_IMAGE_TB (IMG_NO, PARK_NO, IMG_PATH) VALUES (img_seq.nextval,48 ,'47.jpg');
--행 48
INSERT INTO PARK_IMAGE_TB (IMG_NO, PARK_NO, IMG_PATH) VALUES (img_seq.nextval,49 ,'48.jpg');
--행 49
INSERT INTO PARK_IMAGE_TB (IMG_NO, PARK_NO, IMG_PATH) VALUES (img_seq.nextval,50 ,'49.jpg');
>>>>>>> branch 'master' of https://github.com/mpbs215/finalProject.git
commit