INSERT INTO USER_INFO_TB (USER_ID, PASSWORD, USER_NAME, EMAIL, HP, ADDRESS, REGIDATE, SELLER) VALUES ('seller','$2a$10$a2Pv8fXzaEsBjXDRzm3zbOuvgfcWvFeigRBDBjaKye9u.AV6YzRVa','공무원','mpbs215@naver.com','01093249482','서울 은평구 불광동 8-63',to_timestamp(sysdate, 'YYYY-MM-DD HH24:MI:SS'),'0');

-- 1   행 삽입
--행 1
INSERT INTO USER_INFO_TB (USER_ID, PASSWORD, USER_NAME, EMAIL, HP, ADDRESS, REGIDATE, SELLER) VALUES ('user3','$2a$10$a2Pv8fXzaEsBjXDRzm3zbOuvgfcWvFeigRBDBjaKye9u.AV6YzRVa','공무원','mpbs215@naver.com','01000000000','서울 은평구 불광동 8-63',to_timestamp( sysdate, 'YYYY-MM-DD HH24:MI:SS'),'0');
-- 2  행에 대한 삽입 실패
 
--행 2
INSERT INTO USER_INFO_TB (USER_ID, PASSWORD, USER_NAME, EMAIL, HP, ADDRESS, REGIDATE, SELLER) VALUES ('user4','$2a$10$a2Pv8fXzaEsBjXDRzm3zbOuvgfcWvFeigRBDBjaKye9u.AV6YzRVa','공무원','mpbs215@naver.com','01000000001','서울 은평구 불광동 8-63',to_timestamp( sysdate, 'YYYY-MM-DD HH24:MI:SS'),'0');
-- 3  행에 대한 삽입 실패
 
--행 3
INSERT INTO USER_INFO_TB (USER_ID, PASSWORD, USER_NAME, EMAIL, HP, ADDRESS, REGIDATE, SELLER) VALUES ('user5','$2a$10$a2Pv8fXzaEsBjXDRzm3zbOuvgfcWvFeigRBDBjaKye9u.AV6YzRVa','공무원','mpbs215@naver.com','01000000002','서울 은평구 불광동 8-63',to_timestamp( sysdate, 'YYYY-MM-DD HH24:MI:SS'),'0');
-- 4  행에 대한 삽입 실패
 
--행 4
INSERT INTO USER_INFO_TB (USER_ID, PASSWORD, USER_NAME, EMAIL, HP, ADDRESS, REGIDATE, SELLER) VALUES ('user6','$2a$10$a2Pv8fXzaEsBjXDRzm3zbOuvgfcWvFeigRBDBjaKye9u.AV6YzRVa','공무원','mpbs215@naver.com','01000000003','서울 은평구 불광동 8-63',to_timestamp( sysdate, 'YYYY-MM-DD HH24:MI:SS'),'0');
-- 5  행에 대한 삽입 실패
 
--행 5
INSERT INTO USER_INFO_TB (USER_ID, PASSWORD, USER_NAME, EMAIL, HP, ADDRESS, REGIDATE, SELLER) VALUES ('user7','$2a$10$a2Pv8fXzaEsBjXDRzm3zbOuvgfcWvFeigRBDBjaKye9u.AV6YzRVa','공무원','mpbs215@naver.com','01000000004','서울 은평구 불광동 8-63',to_timestamp( sysdate, 'YYYY-MM-DD HH24:MI:SS'),'0');
-- 6  행에 대한 삽입 실패
 
--행 6
INSERT INTO USER_INFO_TB (USER_ID, PASSWORD, USER_NAME, EMAIL, HP, ADDRESS, REGIDATE, SELLER) VALUES ('user8','$2a$10$a2Pv8fXzaEsBjXDRzm3zbOuvgfcWvFeigRBDBjaKye9u.AV6YzRVa','공무원','mpbs215@naver.com','01000000005','서울 은평구 불광동 8-63',to_timestamp( sysdate, 'YYYY-MM-DD HH24:MI:SS'),'0');
-- 7  행에 대한 삽입 실패
 
--행 7
INSERT INTO USER_INFO_TB (USER_ID, PASSWORD, USER_NAME, EMAIL, HP, ADDRESS, REGIDATE, SELLER) VALUES ('user9','$2a$10$a2Pv8fXzaEsBjXDRzm3zbOuvgfcWvFeigRBDBjaKye9u.AV6YzRVa','공무원','mpbs215@naver.com','01000000006','서울 은평구 불광동 8-63',to_timestamp( sysdate, 'YYYY-MM-DD HH24:MI:SS'),'0');
-- 8  행에 대한 삽입 실패
 
--행 8
INSERT INTO USER_INFO_TB (USER_ID, PASSWORD, USER_NAME, EMAIL, HP, ADDRESS, REGIDATE, SELLER) VALUES ('user10','$2a$10$a2Pv8fXzaEsBjXDRzm3zbOuvgfcWvFeigRBDBjaKye9u.AV6YzRVa','공무원','mpbs215@naver.com','01000000007','서울 은평구 불광동 8-63',to_timestamp( sysdate, 'YYYY-MM-DD HH24:MI:SS'),'0');
-- 9  행에 대한 삽입 실패
 
--행 9
INSERT INTO USER_INFO_TB (USER_ID, PASSWORD, USER_NAME, EMAIL, HP, ADDRESS, REGIDATE, SELLER) VALUES ('user11','$2a$10$a2Pv8fXzaEsBjXDRzm3zbOuvgfcWvFeigRBDBjaKye9u.AV6YzRVa','공무원','mpbs215@naver.com','01000000008','서울 은평구 불광동 8-63',to_timestamp( sysdate, 'YYYY-MM-DD HH24:MI:SS'),'0');
-- 10  행에 대한 삽입 실패
 
--행 10
INSERT INTO USER_INFO_TB (USER_ID, PASSWORD, USER_NAME, EMAIL, HP, ADDRESS, REGIDATE, SELLER) VALUES ('user12','$2a$10$a2Pv8fXzaEsBjXDRzm3zbOuvgfcWvFeigRBDBjaKye9u.AV6YzRVa','공무원','mpbs215@naver.com','01000000009','서울 은평구 불광동 8-63',to_timestamp( sysdate, 'YYYY-MM-DD HH24:MI:SS'),'0');
-- 11  행에 대한 삽입 실패
 
--행 11
INSERT INTO USER_INFO_TB (USER_ID, PASSWORD, USER_NAME, EMAIL, HP, ADDRESS, REGIDATE, SELLER) VALUES ('user13','$2a$10$a2Pv8fXzaEsBjXDRzm3zbOuvgfcWvFeigRBDBjaKye9u.AV6YzRVa','공무원','mpbs215@naver.com','01000000010','서울 은평구 불광동 8-63',to_timestamp( sysdate, 'YYYY-MM-DD HH24:MI:SS'),'0');
-- 12  행에 대한 삽입 실패
 
--행 12
INSERT INTO USER_INFO_TB (USER_ID, PASSWORD, USER_NAME, EMAIL, HP, ADDRESS, REGIDATE, SELLER) VALUES ('user14','$2a$10$a2Pv8fXzaEsBjXDRzm3zbOuvgfcWvFeigRBDBjaKye9u.AV6YzRVa','공무원','mpbs215@naver.com','01000000011','서울 은평구 불광동 8-63',to_timestamp( sysdate, 'YYYY-MM-DD HH24:MI:SS'),'0');
-- 13  행에 대한 삽입 실패
 
--행 13
INSERT INTO USER_INFO_TB (USER_ID, PASSWORD, USER_NAME, EMAIL, HP, ADDRESS, REGIDATE, SELLER) VALUES ('user15','$2a$10$a2Pv8fXzaEsBjXDRzm3zbOuvgfcWvFeigRBDBjaKye9u.AV6YzRVa','공무원','mpbs215@naver.com','01000000012','서울 은평구 불광동 8-63',to_timestamp( sysdate, 'YYYY-MM-DD HH24:MI:SS'),'0');
-- 14  행에 대한 삽입 실패
 
--행 14
INSERT INTO USER_INFO_TB (USER_ID, PASSWORD, USER_NAME, EMAIL, HP, ADDRESS, REGIDATE, SELLER) VALUES ('user16','$2a$10$a2Pv8fXzaEsBjXDRzm3zbOuvgfcWvFeigRBDBjaKye9u.AV6YzRVa','공무원','mpbs215@naver.com','01000000013','서울 은평구 불광동 8-63',to_timestamp( sysdate, 'YYYY-MM-DD HH24:MI:SS'),'0');
-- 15  행에 대한 삽입 실패
 
--행 15
INSERT INTO USER_INFO_TB (USER_ID, PASSWORD, USER_NAME, EMAIL, HP, ADDRESS, REGIDATE, SELLER) VALUES ('user17','$2a$10$a2Pv8fXzaEsBjXDRzm3zbOuvgfcWvFeigRBDBjaKye9u.AV6YzRVa','공무원','mpbs215@naver.com','01000000014','서울 은평구 불광동 8-63',to_timestamp( sysdate, 'YYYY-MM-DD HH24:MI:SS'),'0');
-- 16  행에 대한 삽입 실패
 
--행 16
INSERT INTO USER_INFO_TB (USER_ID, PASSWORD, USER_NAME, EMAIL, HP, ADDRESS, REGIDATE, SELLER) VALUES ('user18','$2a$10$a2Pv8fXzaEsBjXDRzm3zbOuvgfcWvFeigRBDBjaKye9u.AV6YzRVa','공무원','mpbs215@naver.com','01000000015','서울 은평구 불광동 8-63',to_timestamp( sysdate, 'YYYY-MM-DD HH24:MI:SS'),'0');
-- 17  행에 대한 삽입 실패
 
--행 17
INSERT INTO USER_INFO_TB (USER_ID, PASSWORD, USER_NAME, EMAIL, HP, ADDRESS, REGIDATE, SELLER) VALUES ('user19','$2a$10$a2Pv8fXzaEsBjXDRzm3zbOuvgfcWvFeigRBDBjaKye9u.AV6YzRVa','공무원','mpbs215@naver.com','01000000016','서울 은평구 불광동 8-63',to_timestamp( sysdate, 'YYYY-MM-DD HH24:MI:SS'),'0');
-- 18  행에 대한 삽입 실패
 
--행 18
INSERT INTO USER_INFO_TB (USER_ID, PASSWORD, USER_NAME, EMAIL, HP, ADDRESS, REGIDATE, SELLER) VALUES ('user20','$2a$10$a2Pv8fXzaEsBjXDRzm3zbOuvgfcWvFeigRBDBjaKye9u.AV6YzRVa','공무원','mpbs215@naver.com','01000000017','서울 은평구 불광동 8-63',to_timestamp( sysdate, 'YYYY-MM-DD HH24:MI:SS'),'0');
-- 19  행에 대한 삽입 실패
 
--행 19
INSERT INTO USER_INFO_TB (USER_ID, PASSWORD, USER_NAME, EMAIL, HP, ADDRESS, REGIDATE, SELLER) VALUES ('user21','$2a$10$a2Pv8fXzaEsBjXDRzm3zbOuvgfcWvFeigRBDBjaKye9u.AV6YzRVa','공무원','mpbs215@naver.com','01000000018','서울 은평구 불광동 8-63',to_timestamp( sysdate, 'YYYY-MM-DD HH24:MI:SS'),'0');
-- 20  행에 대한 삽입 실패
 
--행 20
INSERT INTO USER_INFO_TB (USER_ID, PASSWORD, USER_NAME, EMAIL, HP, ADDRESS, REGIDATE, SELLER) VALUES ('user22','$2a$10$a2Pv8fXzaEsBjXDRzm3zbOuvgfcWvFeigRBDBjaKye9u.AV6YzRVa','공무원','mpbs215@naver.com','01000000019','서울 은평구 불광동 8-63',to_timestamp( sysdate, 'YYYY-MM-DD HH24:MI:SS'),'0');
-- 21  행에 대한 삽입 실패
 
--행 21
INSERT INTO USER_INFO_TB (USER_ID, PASSWORD, USER_NAME, EMAIL, HP, ADDRESS, REGIDATE, SELLER) VALUES ('user23','$2a$10$a2Pv8fXzaEsBjXDRzm3zbOuvgfcWvFeigRBDBjaKye9u.AV6YzRVa','공무원','mpbs215@naver.com','01000000020','서울 은평구 불광동 8-63',to_timestamp( sysdate, 'YYYY-MM-DD HH24:MI:SS'),'0');
-- 22  행에 대한 삽입 실패
 
--행 22
INSERT INTO USER_INFO_TB (USER_ID, PASSWORD, USER_NAME, EMAIL, HP, ADDRESS, REGIDATE, SELLER) VALUES ('user24','$2a$10$a2Pv8fXzaEsBjXDRzm3zbOuvgfcWvFeigRBDBjaKye9u.AV6YzRVa','공무원','mpbs215@naver.com','01000000021','서울 은평구 불광동 8-63',to_timestamp( sysdate, 'YYYY-MM-DD HH24:MI:SS'),'0');
-- 23  행에 대한 삽입 실패
 
--행 23
INSERT INTO USER_INFO_TB (USER_ID, PASSWORD, USER_NAME, EMAIL, HP, ADDRESS, REGIDATE, SELLER) VALUES ('user25','$2a$10$a2Pv8fXzaEsBjXDRzm3zbOuvgfcWvFeigRBDBjaKye9u.AV6YzRVa','공무원','mpbs215@naver.com','01000000022','서울 은평구 불광동 8-63',to_timestamp( sysdate, 'YYYY-MM-DD HH24:MI:SS'),'0');
-- 24  행에 대한 삽입 실패
 
--행 24
INSERT INTO USER_INFO_TB (USER_ID, PASSWORD, USER_NAME, EMAIL, HP, ADDRESS, REGIDATE, SELLER) VALUES ('user26','$2a$10$a2Pv8fXzaEsBjXDRzm3zbOuvgfcWvFeigRBDBjaKye9u.AV6YzRVa','공무원','mpbs215@naver.com','01000000023','서울 은평구 불광동 8-63',to_timestamp( sysdate, 'YYYY-MM-DD HH24:MI:SS'),'0');
-- 25  행에 대한 삽입 실패
 
--행 25
INSERT INTO USER_INFO_TB (USER_ID, PASSWORD, USER_NAME, EMAIL, HP, ADDRESS, REGIDATE, SELLER) VALUES ('user27','$2a$10$a2Pv8fXzaEsBjXDRzm3zbOuvgfcWvFeigRBDBjaKye9u.AV6YzRVa','공무원','mpbs215@naver.com','01000000024','서울 은평구 불광동 8-63',to_timestamp( sysdate, 'YYYY-MM-DD HH24:MI:SS'),'0');
-- 26  행에 대한 삽입 실패
 
--행 26
INSERT INTO USER_INFO_TB (USER_ID, PASSWORD, USER_NAME, EMAIL, HP, ADDRESS, REGIDATE, SELLER) VALUES ('user28','$2a$10$a2Pv8fXzaEsBjXDRzm3zbOuvgfcWvFeigRBDBjaKye9u.AV6YzRVa','공무원','mpbs215@naver.com','01000000025','서울 은평구 불광동 8-63',to_timestamp( sysdate, 'YYYY-MM-DD HH24:MI:SS'),'0');
-- 27  행에 대한 삽입 실패
 
--행 27
INSERT INTO USER_INFO_TB (USER_ID, PASSWORD, USER_NAME, EMAIL, HP, ADDRESS, REGIDATE, SELLER) VALUES ('user29','$2a$10$a2Pv8fXzaEsBjXDRzm3zbOuvgfcWvFeigRBDBjaKye9u.AV6YzRVa','공무원','mpbs215@naver.com','01000000026','서울 은평구 불광동 8-63',to_timestamp( sysdate, 'YYYY-MM-DD HH24:MI:SS'),'0');
-- 28  행에 대한 삽입 실패
 
--행 28
INSERT INTO USER_INFO_TB (USER_ID, PASSWORD, USER_NAME, EMAIL, HP, ADDRESS, REGIDATE, SELLER) VALUES ('user30','$2a$10$a2Pv8fXzaEsBjXDRzm3zbOuvgfcWvFeigRBDBjaKye9u.AV6YzRVa','공무원','mpbs215@naver.com','01000000027','서울 은평구 불광동 8-63',to_timestamp( sysdate, 'YYYY-MM-DD HH24:MI:SS'),'0');
-- 29  행에 대한 삽입 실패
 
--행 29
INSERT INTO USER_INFO_TB (USER_ID, PASSWORD, USER_NAME, EMAIL, HP, ADDRESS, REGIDATE, SELLER) VALUES ('user31','$2a$10$a2Pv8fXzaEsBjXDRzm3zbOuvgfcWvFeigRBDBjaKye9u.AV6YzRVa','공무원','mpbs215@naver.com','01000000028','서울 은평구 불광동 8-63',to_timestamp( sysdate, 'YYYY-MM-DD HH24:MI:SS'),'0');
-- 30  행에 대한 삽입 실패
 
--행 30
INSERT INTO USER_INFO_TB (USER_ID, PASSWORD, USER_NAME, EMAIL, HP, ADDRESS, REGIDATE, SELLER) VALUES ('user32','$2a$10$a2Pv8fXzaEsBjXDRzm3zbOuvgfcWvFeigRBDBjaKye9u.AV6YzRVa','공무원','mpbs215@naver.com','01000000029','서울 은평구 불광동 8-63',to_timestamp( sysdate, 'YYYY-MM-DD HH24:MI:SS'),'0');
-- 31  행에 대한 삽입 실패
 
--행 31
INSERT INTO USER_INFO_TB (USER_ID, PASSWORD, USER_NAME, EMAIL, HP, ADDRESS, REGIDATE, SELLER) VALUES ('user33','$2a$10$a2Pv8fXzaEsBjXDRzm3zbOuvgfcWvFeigRBDBjaKye9u.AV6YzRVa','공무원','mpbs215@naver.com','01000000030','서울 은평구 불광동 8-63',to_timestamp( sysdate, 'YYYY-MM-DD HH24:MI:SS'),'0');
-- 32  행에 대한 삽입 실패
 
--행 32
INSERT INTO USER_INFO_TB (USER_ID, PASSWORD, USER_NAME, EMAIL, HP, ADDRESS, REGIDATE, SELLER) VALUES ('user34','$2a$10$a2Pv8fXzaEsBjXDRzm3zbOuvgfcWvFeigRBDBjaKye9u.AV6YzRVa','공무원','mpbs215@naver.com','01000000031','서울 은평구 불광동 8-63',to_timestamp( sysdate, 'YYYY-MM-DD HH24:MI:SS'),'0');
-- 33  행에 대한 삽입 실패
 
--행 33
INSERT INTO USER_INFO_TB (USER_ID, PASSWORD, USER_NAME, EMAIL, HP, ADDRESS, REGIDATE, SELLER) VALUES ('user35','$2a$10$a2Pv8fXzaEsBjXDRzm3zbOuvgfcWvFeigRBDBjaKye9u.AV6YzRVa','공무원','mpbs215@naver.com','01000000032','서울 은평구 불광동 8-63',to_timestamp( sysdate, 'YYYY-MM-DD HH24:MI:SS'),'0');
-- 34  행에 대한 삽입 실패
 
--행 34
INSERT INTO USER_INFO_TB (USER_ID, PASSWORD, USER_NAME, EMAIL, HP, ADDRESS, REGIDATE, SELLER) VALUES ('user36','$2a$10$a2Pv8fXzaEsBjXDRzm3zbOuvgfcWvFeigRBDBjaKye9u.AV6YzRVa','공무원','mpbs215@naver.com','01000000033','서울 은평구 불광동 8-63',to_timestamp( sysdate, 'YYYY-MM-DD HH24:MI:SS'),'0');
-- 35  행에 대한 삽입 실패
 
--행 35
INSERT INTO USER_INFO_TB (USER_ID, PASSWORD, USER_NAME, EMAIL, HP, ADDRESS, REGIDATE, SELLER) VALUES ('user37','$2a$10$a2Pv8fXzaEsBjXDRzm3zbOuvgfcWvFeigRBDBjaKye9u.AV6YzRVa','공무원','mpbs215@naver.com','01000000034','서울 은평구 불광동 8-63',to_timestamp( sysdate, 'YYYY-MM-DD HH24:MI:SS'),'0');
-- 36  행에 대한 삽입 실패
 
--행 36
INSERT INTO USER_INFO_TB (USER_ID, PASSWORD, USER_NAME, EMAIL, HP, ADDRESS, REGIDATE, SELLER) VALUES ('user38','$2a$10$a2Pv8fXzaEsBjXDRzm3zbOuvgfcWvFeigRBDBjaKye9u.AV6YzRVa','공무원','mpbs215@naver.com','01000000035','서울 은평구 불광동 8-63',to_timestamp( sysdate, 'YYYY-MM-DD HH24:MI:SS'),'0');
-- 37  행에 대한 삽입 실패
 
--행 37
INSERT INTO USER_INFO_TB (USER_ID, PASSWORD, USER_NAME, EMAIL, HP, ADDRESS, REGIDATE, SELLER) VALUES ('user39','$2a$10$a2Pv8fXzaEsBjXDRzm3zbOuvgfcWvFeigRBDBjaKye9u.AV6YzRVa','공무원','mpbs215@naver.com','01000000036','서울 은평구 불광동 8-63',to_timestamp( sysdate, 'YYYY-MM-DD HH24:MI:SS'),'0');
-- 38  행에 대한 삽입 실패
 
--행 38
INSERT INTO USER_INFO_TB (USER_ID, PASSWORD, USER_NAME, EMAIL, HP, ADDRESS, REGIDATE, SELLER) VALUES ('user40','$2a$10$a2Pv8fXzaEsBjXDRzm3zbOuvgfcWvFeigRBDBjaKye9u.AV6YzRVa','공무원','mpbs215@naver.com','01000000037','서울 은평구 불광동 8-63',to_timestamp( sysdate, 'YYYY-MM-DD HH24:MI:SS'),'0');
-- 39  행에 대한 삽입 실패
 
--행 39
INSERT INTO USER_INFO_TB (USER_ID, PASSWORD, USER_NAME, EMAIL, HP, ADDRESS, REGIDATE, SELLER) VALUES ('user41','$2a$10$a2Pv8fXzaEsBjXDRzm3zbOuvgfcWvFeigRBDBjaKye9u.AV6YzRVa','공무원','mpbs215@naver.com','01000000038','서울 은평구 불광동 8-63',to_timestamp( sysdate, 'YYYY-MM-DD HH24:MI:SS'),'0');
-- 40  행에 대한 삽입 실패
 
--행 40
INSERT INTO USER_INFO_TB (USER_ID, PASSWORD, USER_NAME, EMAIL, HP, ADDRESS, REGIDATE, SELLER) VALUES ('user42','$2a$10$a2Pv8fXzaEsBjXDRzm3zbOuvgfcWvFeigRBDBjaKye9u.AV6YzRVa','공무원','mpbs215@naver.com','01000000039','서울 은평구 불광동 8-63',to_timestamp( sysdate, 'YYYY-MM-DD HH24:MI:SS'),'0');
-- 41  행에 대한 삽입 실패
 
--행 41
INSERT INTO USER_INFO_TB (USER_ID, PASSWORD, USER_NAME, EMAIL, HP, ADDRESS, REGIDATE, SELLER) VALUES ('user43','$2a$10$a2Pv8fXzaEsBjXDRzm3zbOuvgfcWvFeigRBDBjaKye9u.AV6YzRVa','공무원','mpbs215@naver.com','01000000040','서울 은평구 불광동 8-63',to_timestamp( sysdate, 'YYYY-MM-DD HH24:MI:SS'),'0');
-- 42  행에 대한 삽입 실패
 
--행 42
INSERT INTO USER_INFO_TB (USER_ID, PASSWORD, USER_NAME, EMAIL, HP, ADDRESS, REGIDATE, SELLER) VALUES ('user44','$2a$10$a2Pv8fXzaEsBjXDRzm3zbOuvgfcWvFeigRBDBjaKye9u.AV6YzRVa','공무원','mpbs215@naver.com','01000000041','서울 은평구 불광동 8-63',to_timestamp( sysdate, 'YYYY-MM-DD HH24:MI:SS'),'0');
-- 43  행에 대한 삽입 실패
 
--행 43
INSERT INTO USER_INFO_TB (USER_ID, PASSWORD, USER_NAME, EMAIL, HP, ADDRESS, REGIDATE, SELLER) VALUES ('user45','$2a$10$a2Pv8fXzaEsBjXDRzm3zbOuvgfcWvFeigRBDBjaKye9u.AV6YzRVa','공무원','mpbs215@naver.com','01000000042','서울 은평구 불광동 8-63',to_timestamp( sysdate, 'YYYY-MM-DD HH24:MI:SS'),'0');
-- 44  행에 대한 삽입 실패
 
--행 44
INSERT INTO USER_INFO_TB (USER_ID, PASSWORD, USER_NAME, EMAIL, HP, ADDRESS, REGIDATE, SELLER) VALUES ('user46','$2a$10$a2Pv8fXzaEsBjXDRzm3zbOuvgfcWvFeigRBDBjaKye9u.AV6YzRVa','공무원','mpbs215@naver.com','01000000043','서울 은평구 불광동 8-63',to_timestamp( sysdate, 'YYYY-MM-DD HH24:MI:SS'),'0');
-- 45  행에 대한 삽입 실패
 
--행 45
INSERT INTO USER_INFO_TB (USER_ID, PASSWORD, USER_NAME, EMAIL, HP, ADDRESS, REGIDATE, SELLER) VALUES ('user47','$2a$10$a2Pv8fXzaEsBjXDRzm3zbOuvgfcWvFeigRBDBjaKye9u.AV6YzRVa','공무원','mpbs215@naver.com','01000000044','서울 은평구 불광동 8-63',to_timestamp( sysdate, 'YYYY-MM-DD HH24:MI:SS'),'0');
-- 46  행에 대한 삽입 실패
 
--행 46
INSERT INTO USER_INFO_TB (USER_ID, PASSWORD, USER_NAME, EMAIL, HP, ADDRESS, REGIDATE, SELLER) VALUES ('user48','$2a$10$a2Pv8fXzaEsBjXDRzm3zbOuvgfcWvFeigRBDBjaKye9u.AV6YzRVa','공무원','mpbs215@naver.com','01000000045','서울 은평구 불광동 8-63',to_timestamp( sysdate, 'YYYY-MM-DD HH24:MI:SS'),'0');
-- 47  행에 대한 삽입 실패
 
--행 47
INSERT INTO USER_INFO_TB (USER_ID, PASSWORD, USER_NAME, EMAIL, HP, ADDRESS, REGIDATE, SELLER) VALUES ('user49','$2a$10$a2Pv8fXzaEsBjXDRzm3zbOuvgfcWvFeigRBDBjaKye9u.AV6YzRVa','공무원','mpbs215@naver.com','01000000046','서울 은평구 불광동 8-63',to_timestamp( sysdate, 'YYYY-MM-DD HH24:MI:SS'),'0');
-- 48  행에 대한 삽입 실패
 
--행 48
INSERT INTO USER_INFO_TB (USER_ID, PASSWORD, USER_NAME, EMAIL, HP, ADDRESS, REGIDATE, SELLER) VALUES ('user50','$2a$10$a2Pv8fXzaEsBjXDRzm3zbOuvgfcWvFeigRBDBjaKye9u.AV6YzRVa','공무원','mpbs215@naver.com','01000000047','서울 은평구 불광동 8-63',to_timestamp( sysdate, 'YYYY-MM-DD HH24:MI:SS'),'0');
-- 49  행에 대한 삽입 실패
 
--행 49
INSERT INTO USER_INFO_TB (USER_ID, PASSWORD, USER_NAME, EMAIL, HP, ADDRESS, REGIDATE, SELLER) VALUES ('user51','$2a$10$a2Pv8fXzaEsBjXDRzm3zbOuvgfcWvFeigRBDBjaKye9u.AV6YzRVa','공무원','mpbs215@naver.com','01000000048','서울 은평구 불광동 8-63',to_timestamp( sysdate, 'YYYY-MM-DD HH24:MI:SS'),'0');
-- 50  행에 대한 삽입 실패
 
--행 50
INSERT INTO USER_INFO_TB (USER_ID, PASSWORD, USER_NAME, EMAIL, HP, ADDRESS, REGIDATE, SELLER) VALUES ('user52','$2a$10$a2Pv8fXzaEsBjXDRzm3zbOuvgfcWvFeigRBDBjaKye9u.AV6YzRVa','공무원','mpbs215@naver.com','01000000049','서울 은평구 불광동 8-63',to_timestamp( sysdate, 'YYYY-MM-DD HH24:MI:SS'),'0');
-- 51  행에 대한 삽입 실패
 
--행 51
INSERT INTO USER_INFO_TB (USER_ID, PASSWORD, USER_NAME, EMAIL, HP, ADDRESS, REGIDATE, SELLER) VALUES ('user53','$2a$10$a2Pv8fXzaEsBjXDRzm3zbOuvgfcWvFeigRBDBjaKye9u.AV6YzRVa','공무원','mpbs215@naver.com','01000000050','서울 은평구 불광동 8-63',to_timestamp( sysdate, 'YYYY-MM-DD HH24:MI:SS'),'0');

INSERT INTO AUTHORITY_TB (USER_ID, ROLE, KEY, HP) VALUES ('seller','ROLE_SELLER','0.0','0');
--행 1
INSERT INTO AUTHORITY_TB (USER_ID, ROLE, KEY, HP) VALUES ('user3','ROLE_USER','0.0','0');
--행 2
INSERT INTO AUTHORITY_TB (USER_ID, ROLE, KEY, HP) VALUES ('user4','ROLE_USER','0.0','0');
--행 3
INSERT INTO AUTHORITY_TB (USER_ID, ROLE, KEY, HP) VALUES ('user5','ROLE_USER','0.0','0');
--행 4
INSERT INTO AUTHORITY_TB (USER_ID, ROLE, KEY, HP) VALUES ('user6','ROLE_USER','0.0','0');
--행 5
INSERT INTO AUTHORITY_TB (USER_ID, ROLE, KEY, HP) VALUES ('user7','ROLE_USER','0.0','0');
--행 6
INSERT INTO AUTHORITY_TB (USER_ID, ROLE, KEY, HP) VALUES ('user8','ROLE_USER','0.0','0');
--행 7
INSERT INTO AUTHORITY_TB (USER_ID, ROLE, KEY, HP) VALUES ('user9','ROLE_USER','0.0','0');
--행 8
INSERT INTO AUTHORITY_TB (USER_ID, ROLE, KEY, HP) VALUES ('user10','ROLE_USER','0.0','0');
--행 9
INSERT INTO AUTHORITY_TB (USER_ID, ROLE, KEY, HP) VALUES ('user11','ROLE_USER','0.0','0');
--행 10
INSERT INTO AUTHORITY_TB (USER_ID, ROLE, KEY, HP) VALUES ('user12','ROLE_USER','0.0','0');
--행 11
INSERT INTO AUTHORITY_TB (USER_ID, ROLE, KEY, HP) VALUES ('user13','ROLE_USER','0.0','0');
--행 12
INSERT INTO AUTHORITY_TB (USER_ID, ROLE, KEY, HP) VALUES ('user14','ROLE_USER','0.0','0');
--행 13
INSERT INTO AUTHORITY_TB (USER_ID, ROLE, KEY, HP) VALUES ('user15','ROLE_USER','0.0','0');
--행 14
INSERT INTO AUTHORITY_TB (USER_ID, ROLE, KEY, HP) VALUES ('user16','ROLE_USER','0.0','0');
--행 15
INSERT INTO AUTHORITY_TB (USER_ID, ROLE, KEY, HP) VALUES ('user17','ROLE_USER','0.0','0');
--행 16
INSERT INTO AUTHORITY_TB (USER_ID, ROLE, KEY, HP) VALUES ('user18','ROLE_USER','0.0','0');
--행 17
INSERT INTO AUTHORITY_TB (USER_ID, ROLE, KEY, HP) VALUES ('user19','ROLE_USER','0.0','0');
--행 18
INSERT INTO AUTHORITY_TB (USER_ID, ROLE, KEY, HP) VALUES ('user20','ROLE_USER','0.0','0');
--행 19
INSERT INTO AUTHORITY_TB (USER_ID, ROLE, KEY, HP) VALUES ('user21','ROLE_USER','0.0','0');
--행 20
INSERT INTO AUTHORITY_TB (USER_ID, ROLE, KEY, HP) VALUES ('user22','ROLE_USER','0.0','0');
--행 21
INSERT INTO AUTHORITY_TB (USER_ID, ROLE, KEY, HP) VALUES ('user23','ROLE_USER','0.0','0');
--행 22
INSERT INTO AUTHORITY_TB (USER_ID, ROLE, KEY, HP) VALUES ('user24','ROLE_USER','0.0','0');
--행 23
INSERT INTO AUTHORITY_TB (USER_ID, ROLE, KEY, HP) VALUES ('user25','ROLE_USER','0.0','0');
--행 24
INSERT INTO AUTHORITY_TB (USER_ID, ROLE, KEY, HP) VALUES ('user26','ROLE_USER','0.0','0');
--행 25
INSERT INTO AUTHORITY_TB (USER_ID, ROLE, KEY, HP) VALUES ('user27','ROLE_USER','0.0','0');
--행 26
INSERT INTO AUTHORITY_TB (USER_ID, ROLE, KEY, HP) VALUES ('user28','ROLE_USER','0.0','0');
--행 27
INSERT INTO AUTHORITY_TB (USER_ID, ROLE, KEY, HP) VALUES ('user29','ROLE_USER','0.0','0');
--행 28
INSERT INTO AUTHORITY_TB (USER_ID, ROLE, KEY, HP) VALUES ('user30','ROLE_USER','0.0','0');
--행 29
INSERT INTO AUTHORITY_TB (USER_ID, ROLE, KEY, HP) VALUES ('user31','ROLE_USER','0.0','0');
--행 30
INSERT INTO AUTHORITY_TB (USER_ID, ROLE, KEY, HP) VALUES ('user32','ROLE_USER','0.0','0');
--행 31
INSERT INTO AUTHORITY_TB (USER_ID, ROLE, KEY, HP) VALUES ('user33','ROLE_USER','0.0','0');
--행 32
INSERT INTO AUTHORITY_TB (USER_ID, ROLE, KEY, HP) VALUES ('user34','ROLE_USER','0.0','0');
--행 33
INSERT INTO AUTHORITY_TB (USER_ID, ROLE, KEY, HP) VALUES ('user35','ROLE_USER','0.0','0');
--행 34
INSERT INTO AUTHORITY_TB (USER_ID, ROLE, KEY, HP) VALUES ('user36','ROLE_USER','0.0','0');
--행 35
INSERT INTO AUTHORITY_TB (USER_ID, ROLE, KEY, HP) VALUES ('user37','ROLE_USER','0.0','0');
--행 36
INSERT INTO AUTHORITY_TB (USER_ID, ROLE, KEY, HP) VALUES ('user38','ROLE_USER','0.0','0');
--행 37
INSERT INTO AUTHORITY_TB (USER_ID, ROLE, KEY, HP) VALUES ('user39','ROLE_USER','0.0','0');
--행 38
INSERT INTO AUTHORITY_TB (USER_ID, ROLE, KEY, HP) VALUES ('user40','ROLE_USER','0.0','0');
--행 39
INSERT INTO AUTHORITY_TB (USER_ID, ROLE, KEY, HP) VALUES ('user41','ROLE_USER','0.0','0');
--행 40
INSERT INTO AUTHORITY_TB (USER_ID, ROLE, KEY, HP) VALUES ('user42','ROLE_USER','0.0','0');
--행 41
INSERT INTO AUTHORITY_TB (USER_ID, ROLE, KEY, HP) VALUES ('user43','ROLE_USER','0.0','0');
--행 42
INSERT INTO AUTHORITY_TB (USER_ID, ROLE, KEY, HP) VALUES ('user44','ROLE_USER','0.0','0');
--행 43
INSERT INTO AUTHORITY_TB (USER_ID, ROLE, KEY, HP) VALUES ('user45','ROLE_USER','0.0','0');
--행 44
INSERT INTO AUTHORITY_TB (USER_ID, ROLE, KEY, HP) VALUES ('user46','ROLE_USER','0.0','0');
--행 45
INSERT INTO AUTHORITY_TB (USER_ID, ROLE, KEY, HP) VALUES ('user47','ROLE_USER','0.0','0');
--행 46
INSERT INTO AUTHORITY_TB (USER_ID, ROLE, KEY, HP) VALUES ('user48','ROLE_USER','0.0','0');
--행 47
INSERT INTO AUTHORITY_TB (USER_ID, ROLE, KEY, HP) VALUES ('user49','ROLE_USER','0.0','0');
--행 48
INSERT INTO AUTHORITY_TB (USER_ID, ROLE, KEY, HP) VALUES ('user50','ROLE_USER','0.0','0');
--행 49
INSERT INTO AUTHORITY_TB (USER_ID, ROLE, KEY, HP) VALUES ('user51','ROLE_USER','0.0','0');
--행 50
INSERT INTO AUTHORITY_TB (USER_ID, ROLE, KEY, HP) VALUES ('user52','ROLE_USER','0.0','0');
--행 51
INSERT INTO AUTHORITY_TB (USER_ID, ROLE, KEY, HP) VALUES ('user53','ROLE_USER','0.0','0');

--행 1
INSERT INTO PARK_TB (PARK_NO, USER_ID, PARK_NAME, PARK_ADDR, PARK_SIZE, PARK_CONTENT, PRICE) VALUES (park_seq.nextval,'seller','연신중학교 주차장','서울특별시 은평구 연서로33길 16-32 연신중학교',3000,'연신중학교 주차장','6000.0');
--행 2
INSERT INTO PARK_TB (PARK_NO, USER_ID, PARK_NAME, PARK_ADDR, PARK_SIZE, PARK_CONTENT, PRICE) VALUES (park_seq.nextval,'seller','메트로타워 주차장','서울특별시 은평구 불광동 311-13',3000,'메트로타워 주차장','7000.0');
--행 3
INSERT INTO PARK_TB (PARK_NO, USER_ID, PARK_NAME, PARK_ADDR, PARK_SIZE, PARK_CONTENT, PRICE) VALUES (park_seq.nextval,'seller','연광초교 주차장','서울특별시 은평구 연서로35길 37 연광초등학교',3000,'연광초교 주차장','10000.0');
--행 4
INSERT INTO PARK_TB (PARK_NO, USER_ID, PARK_NAME, PARK_ADDR, PARK_SIZE, PARK_CONTENT, PRICE) VALUES (park_seq.nextval,'seller','세종빌딩 주차장','서울특별시 은평구 불광2동 322-3',3000,'세종빌딩 주차장','1000.0');
--행 5
INSERT INTO PARK_TB (PARK_NO, USER_ID, PARK_NAME, PARK_ADDR, PARK_SIZE, PARK_CONTENT, PRICE) VALUES (park_seq.nextval,'seller','범서쇼핑 주차장','서울특별시 은평구 불광2동 308-19',3000,'범서쇼핑 주차장','8000.0');
--행 6
INSERT INTO PARK_TB (PARK_NO, USER_ID, PARK_NAME, PARK_ADDR, PARK_SIZE, PARK_CONTENT, PRICE) VALUES (park_seq.nextval,'seller','은평구립도서관주차장','서울특별시 은평구 통일로78가길 13-84 은평구립도서관',3000,'은평구립도서관주차장','5500.0');
--행 7
INSERT INTO PARK_TB (PARK_NO, USER_ID, PARK_NAME, PARK_ADDR, PARK_SIZE, PARK_CONTENT, PRICE) VALUES (park_seq.nextval,'seller','대성민영주차장','서울특별시 은평구 통일로 838-4',3000,'대성민영주차장','6000.0');
--행 8
INSERT INTO PARK_TB (PARK_NO, USER_ID, PARK_NAME, PARK_ADDR, PARK_SIZE, PARK_CONTENT, PRICE) VALUES (park_seq.nextval,'seller','유료 민영 주차장','서울특별시 은평구 불광로 90 대호프라자아파트',3000,'유료 민영 주차장','7000.0');
--행 9
INSERT INTO PARK_TB (PARK_NO, USER_ID, PARK_NAME, PARK_ADDR, PARK_SIZE, PARK_CONTENT, PRICE) VALUES (park_seq.nextval,'seller','수양민영주차장','서울특별시 은평구 불광1동 13-5',3000,'수양민영주차장','10000.0');
--행 10
INSERT INTO PARK_TB (PARK_NO, USER_ID, PARK_NAME, PARK_ADDR, PARK_SIZE, PARK_CONTENT, PRICE) VALUES (park_seq.nextval,'seller','정원빌딩 주차장','서울특별시 은평구 연서로32길 3',3000,'정원빌딩 주차장','1000.0');
--행 11
INSERT INTO PARK_TB (PARK_NO, USER_ID, PARK_NAME, PARK_ADDR, PARK_SIZE, PARK_CONTENT, PRICE) VALUES (park_seq.nextval,'seller','유진상가앞 노상 공영 주차장','서울특별시 서대문구 통일로 484 유진상가',3000,'유진상가앞 노상 공영 주차장','8000.0');
--행 12
INSERT INTO PARK_TB (PARK_NO, USER_ID, PARK_NAME, PARK_ADDR, PARK_SIZE, PARK_CONTENT, PRICE) VALUES (park_seq.nextval,'seller','홍제시장민영주차장','서울특별시 서대문구 통일로 445-1',3000,'홍제시장민영주차장','5500.0');
--행 13
INSERT INTO PARK_TB (PARK_NO, USER_ID, PARK_NAME, PARK_ADDR, PARK_SIZE, PARK_CONTENT, PRICE) VALUES (park_seq.nextval,'seller','홍제2주차장','서울특별시 서대문구 통일로 426',3000,'홍제2주차장','6000.0');
--행 14
INSERT INTO PARK_TB (PARK_NO, USER_ID, PARK_NAME, PARK_ADDR, PARK_SIZE, PARK_CONTENT, PRICE) VALUES (park_seq.nextval,'seller','홍제 화인빌딩 주차장','서울특별시 서대문구 통일로 413 연세스포츠센터',3000,'홍제 화인빌딩 주차장','7000.0');
--행 15
INSERT INTO PARK_TB (PARK_NO, USER_ID, PARK_NAME, PARK_ADDR, PARK_SIZE, PARK_CONTENT, PRICE) VALUES (park_seq.nextval,'seller','구산동마을공원 공영 주차장 ','서울특별시 은평구 구산동 340-1',3000,'구산동마을공원 공영?주차장?','10000.0');
--행 16
INSERT INTO PARK_TB (PARK_NO, USER_ID, PARK_NAME, PARK_ADDR, PARK_SIZE, PARK_CONTENT, PRICE) VALUES (park_seq.nextval,'seller','대영민영주차장','서울특별시 은평구 통일로 863-12',3000,'대영민영주차장','1000.0');
--행 17
INSERT INTO PARK_TB (PARK_NO, USER_ID, PARK_NAME, PARK_ADDR, PARK_SIZE, PARK_CONTENT, PRICE) VALUES (park_seq.nextval,'seller','갈현1동공영주차장','서울특별시 은평구 갈현로41가길 16 갈현동공동주차장',3000,'갈현1동공영주차장','8000.0');
--행 18
INSERT INTO PARK_TB (PARK_NO, USER_ID, PARK_NAME, PARK_ADDR, PARK_SIZE, PARK_CONTENT, PRICE) VALUES (park_seq.nextval,'seller','아이레네안경 민영 주차장','서울특별시 은평구 연서로 209 보성빌',3000,'아이레네안경 민영 주차장','5500.0');
--행 19
INSERT INTO PARK_TB (PARK_NO, USER_ID, PARK_NAME, PARK_ADDR, PARK_SIZE, PARK_CONTENT, PRICE) VALUES (park_seq.nextval,'seller','영진빌딩 주차장','서울특별시 은평구 연서로 137 영진빌딩',3000,'영진빌딩 주차장','6000.0');
--행 20
INSERT INTO PARK_TB (PARK_NO, USER_ID, PARK_NAME, PARK_ADDR, PARK_SIZE, PARK_CONTENT, PRICE) VALUES (park_seq.nextval,'seller','청구성심병원외래민영주차장','서울특별시 은평구 갈현동 404-9',2500,'청구성심병원외래민영주차장','7000.0');
--행 21
INSERT INTO PARK_TB (PARK_NO, USER_ID, PARK_NAME, PARK_ADDR, PARK_SIZE, PARK_CONTENT, PRICE) VALUES (park_seq.nextval,'seller','Y타운 주차장','서울특별시 은평구 통일로 855-8 연신내진원와이타운',3500,'Y타운 주차장','10000.0');
--행 22
INSERT INTO PARK_TB (PARK_NO, USER_ID, PARK_NAME, PARK_ADDR, PARK_SIZE, PARK_CONTENT, PRICE) VALUES (park_seq.nextval,'seller','응암공영주차장','서울 은평구 불광천길 436',4500,'응암공영주차장','1000.0');
--행 23
INSERT INTO PARK_TB (PARK_NO, USER_ID, PARK_NAME, PARK_ADDR, PARK_SIZE, PARK_CONTENT, PRICE) VALUES (park_seq.nextval,'seller','매바위공동주차장','서울 은평구 응암동 747-8',3000,'매바위공동주차장','8000.0');
--행 24
INSERT INTO PARK_TB (PARK_NO, USER_ID, PARK_NAME, PARK_ADDR, PARK_SIZE, PARK_CONTENT, PRICE) VALUES (park_seq.nextval,'seller','응암주차장','서울 은평구 응암동 117-24',2500,'응암주차장','5500.0');
--행 25
INSERT INTO PARK_TB (PARK_NO, USER_ID, PARK_NAME, PARK_ADDR, PARK_SIZE, PARK_CONTENT, PRICE) VALUES (park_seq.nextval,'seller','연송주차장','서울 은평구 응암로 156',3500,'연송주차장','6000.0');
--행 26
INSERT INTO PARK_TB (PARK_NO, USER_ID, PARK_NAME, PARK_ADDR, PARK_SIZE, PARK_CONTENT, PRICE) VALUES (park_seq.nextval,'seller','남영주차장','서울 은평구 가좌로 215',4500,'남영주차장','7000.0');
--행 27
INSERT INTO PARK_TB (PARK_NO, USER_ID, PARK_NAME, PARK_ADDR, PARK_SIZE, PARK_CONTENT, PRICE) VALUES (park_seq.nextval,'seller','삼일주차장','서울 은평구 응암로 217',3000,'삼일주차장','10000.0');
--행 28
INSERT INTO PARK_TB (PARK_NO, USER_ID, PARK_NAME, PARK_ADDR, PARK_SIZE, PARK_CONTENT, PRICE) VALUES (park_seq.nextval,'seller','디지털미디어시티역 주차장','서울 은평구 수색로 193',2500,'디지털미디어시티역 주차장','1000.0');
--행 29
INSERT INTO PARK_TB (PARK_NO, USER_ID, PARK_NAME, PARK_ADDR, PARK_SIZE, PARK_CONTENT, PRICE) VALUES (park_seq.nextval,'seller','지하주차장','서울 은평구 증산서길 132',3500,'지하주차장','8000.0');
--행 30
INSERT INTO PARK_TB (PARK_NO, USER_ID, PARK_NAME, PARK_ADDR, PARK_SIZE, PARK_CONTENT, PRICE) VALUES (park_seq.nextval,'seller','상암1공영주차장','서울 마포구 성암로 197',4500,'상암1공영주차장','5500.0');
--행 31
INSERT INTO PARK_TB (PARK_NO, USER_ID, PARK_NAME, PARK_ADDR, PARK_SIZE, PARK_CONTENT, PRICE) VALUES (park_seq.nextval,'seller','상암DMC 주차장','서울 마포구 상암동 1145-1',3000,'상암DMC 주차장','6000.0');
--행 32
INSERT INTO PARK_TB (PARK_NO, USER_ID, PARK_NAME, PARK_ADDR, PARK_SIZE, PARK_CONTENT, PRICE) VALUES (park_seq.nextval,'seller','서신초등학교 지하공영주차장','서울 은평구 신사2동 193-9',2500,'서신초등학교 지하공영주차장','7000.0');
--행 33
INSERT INTO PARK_TB (PARK_NO, USER_ID, PARK_NAME, PARK_ADDR, PARK_SIZE, PARK_CONTENT, PRICE) VALUES (park_seq.nextval,'seller','상암DDMC 주차장','서울 마포구 매봉산로 75',3500,'상암DDMC 주차장','10000.0');
--행 34
INSERT INTO PARK_TB (PARK_NO, USER_ID, PARK_NAME, PARK_ADDR, PARK_SIZE, PARK_CONTENT, PRICE) VALUES (park_seq.nextval,'seller','수색역 주차장','서울 은평구 수색로 229',4500,'수색역 주차장','1000.0');
--행 35
INSERT INTO PARK_TB (PARK_NO, USER_ID, PARK_NAME, PARK_ADDR, PARK_SIZE, PARK_CONTENT, PRICE) VALUES (park_seq.nextval,'seller','서부프라자 주차장','서울 서대문구 응암로 58',3000,'서부프라자 주차장','8000.0');
--행 36
INSERT INTO PARK_TB (PARK_NO, USER_ID, PARK_NAME, PARK_ADDR, PARK_SIZE, PARK_CONTENT, PRICE) VALUES (park_seq.nextval,'seller','북한산성 제1주차장','서울 은평구 대서문길 24',2500,'북한산성 제1주차장','5500.0');
--행 37
INSERT INTO PARK_TB (PARK_NO, USER_ID, PARK_NAME, PARK_ADDR, PARK_SIZE, PARK_CONTENT, PRICE) VALUES (park_seq.nextval,'seller','롯데몰 은평점 주차장','서울 은평구 통일로 1050',3500,'롯데몰 은평점 주차장','6000.0');
--행 38
INSERT INTO PARK_TB (PARK_NO, USER_ID, PARK_NAME, PARK_ADDR, PARK_SIZE, PARK_CONTENT, PRICE) VALUES (park_seq.nextval,'seller','에코테라스 주차장','서울 은평구 진관동 66-9',4500,'에코테라스 주차장','7000.0');
--행 39
INSERT INTO PARK_TB (PARK_NO, USER_ID, PARK_NAME, PARK_ADDR, PARK_SIZE, PARK_CONTENT, PRICE) VALUES (park_seq.nextval,'seller','새장골공영주차장','서울 은평구 통일로92다길 16-23',3000,'새장골공영주차장','10000.0');
--행 40
INSERT INTO PARK_TB (PARK_NO, USER_ID, PARK_NAME, PARK_ADDR, PARK_SIZE, PARK_CONTENT, PRICE) VALUES (park_seq.nextval,'seller','양지주차장','서울 은평구 연서로28길 8',2500,'양지주차장','1000.0');
--행 41
INSERT INTO PARK_TB (PARK_NO, USER_ID, PARK_NAME, PARK_ADDR, PARK_SIZE, PARK_CONTENT, PRICE) VALUES (park_seq.nextval,'seller','유료대조주차장','서울 은평구 연서로 214',3500,'유료대조주차장','8000.0');
--행 42
INSERT INTO PARK_TB (PARK_NO, USER_ID, PARK_NAME, PARK_ADDR, PARK_SIZE, PARK_CONTENT, PRICE) VALUES (park_seq.nextval,'seller','경복궁 주차장','서울 종로구 세종로 1-57',4500,'경복궁 주차장','5500.0');
--행 43
INSERT INTO PARK_TB (PARK_NO, USER_ID, PARK_NAME, PARK_ADDR, PARK_SIZE, PARK_CONTENT, PRICE) VALUES (park_seq.nextval,'seller','원서공원앞주차장','서울 종로구 와룡동 3-2',3000,'원서공원앞주차장','6000.0');
--행 44
INSERT INTO PARK_TB (PARK_NO, USER_ID, PARK_NAME, PARK_ADDR, PARK_SIZE, PARK_CONTENT, PRICE) VALUES (park_seq.nextval,'seller','AJ파크 해영회관점','서울 종로구 율곡로 53',2500,'AJ파크 해영회관점','7000.0');
--행 45
INSERT INTO PARK_TB (PARK_NO, USER_ID, PARK_NAME, PARK_ADDR, PARK_SIZE, PARK_CONTENT, PRICE) VALUES (park_seq.nextval,'seller','서울시립정독도서관 1주차장','서울 종로구 소격동 142-3',3500,'서울시립정독도서관 1주차장','10000.0');
--행 46
INSERT INTO PARK_TB (PARK_NO, USER_ID, PARK_NAME, PARK_ADDR, PARK_SIZE, PARK_CONTENT, PRICE) VALUES (park_seq.nextval,'seller','서인사마당 공영주차장','서울 종로구 인사동11길 19',4500,'서인사마당 공영주차장','1000.0');
--행 47
INSERT INTO PARK_TB (PARK_NO, USER_ID, PARK_NAME, PARK_ADDR, PARK_SIZE, PARK_CONTENT, PRICE) VALUES (park_seq.nextval,'seller','그랑서울 주차장','서울 종로구 종로 33',3000,'그랑서울 주차장','8000.0');
--행 48
INSERT INTO PARK_TB (PARK_NO, USER_ID, PARK_NAME, PARK_ADDR, PARK_SIZE, PARK_CONTENT, PRICE) VALUES (park_seq.nextval,'seller','세종로공영주차장','서울 종로구 세종대로 189',2500,'세종로공영주차장','5500.0');
--행 49
INSERT INTO PARK_TB (PARK_NO, USER_ID, PARK_NAME, PARK_ADDR, PARK_SIZE, PARK_CONTENT, PRICE) VALUES (park_seq.nextval,'seller','낙원상가옆주차장','서울 종로구 삼일대로 428',3500,'낙원상가옆주차장','6000.0');
--행 50
INSERT INTO PARK_TB (PARK_NO, USER_ID, PARK_NAME, PARK_ADDR, PARK_SIZE, PARK_CONTENT, PRICE) VALUES (park_seq.nextval,'seller','국립현대미술관 서울관 주차장','서울 종로구 삼청로 30',4500,'국립현대미술관 서울관 주차장','7000.0');
--행 51
INSERT INTO PARK_TB (PARK_NO, USER_ID, PARK_NAME, PARK_ADDR, PARK_SIZE, PARK_CONTENT, PRICE) VALUES (park_seq.nextval,'seller','종각공영주차장','서울 종로구 관철동 13-22',3000,'종각공영주차장','10000.0');
--행 52
INSERT INTO PARK_TB (PARK_NO, USER_ID, PARK_NAME, PARK_ADDR, PARK_SIZE, PARK_CONTENT, PRICE) VALUES (park_seq.nextval,'seller','건국주차장','서울 종로구 인사동4길 17',2500,'건국주차장','1000.0');

-- 1 에서  50  행에 대한 삽입 실패
--ORA-01722: invalid number
--행 1
INSERT INTO PARK_TB (PARK_NO, USER_ID, PARK_NAME, PARK_ADDR, PARK_SIZE, PARK_CONTENT, PRICE) VALUES (park_seq.nextval,'seller','신구초교공영주차장','서울특별시 강남구 압구정로18길 28 신구초등학교','3000','신구초교공영주차장',2200.0);
--행 2
INSERT INTO PARK_TB (PARK_NO, USER_ID, PARK_NAME, PARK_ADDR, PARK_SIZE, PARK_CONTENT, PRICE) VALUES (park_seq.nextval,'seller','역삼문화공원 공영 주차장 ','서울특별시 강남구 테헤란로7길 32 국기원','2000','역삼문화공원 공영 주차장 ',4600.0);
--행 3
INSERT INTO PARK_TB (PARK_NO, USER_ID, PARK_NAME, PARK_ADDR, PARK_SIZE, PARK_CONTENT, PRICE) VALUES (park_seq.nextval,'seller','논현초교 주차장','서울특별시 강남구 강남대로120길 33 논현초등학교','3000','논현초교 주차장',7000.0);
--행 4
INSERT INTO PARK_TB (PARK_NO, USER_ID, PARK_NAME, PARK_ADDR, PARK_SIZE, PARK_CONTENT, PRICE) VALUES (park_seq.nextval,'seller','압구정공영주차장 ','서울특별시 강남구 압구정로 161 강남관광정보센터','3000','압구정공영주차장 ',6000.0);
--행 5
INSERT INTO PARK_TB (PARK_NO, USER_ID, PARK_NAME, PARK_ADDR, PARK_SIZE, PARK_CONTENT, PRICE) VALUES (park_seq.nextval,'seller','반포대교 노상 공영 주차장 ','서울특별시 서초구 잠원동 122-1','1500','반포대교 노상 공영 주차장 ',8000.0);
--행 6
INSERT INTO PARK_TB (PARK_NO, USER_ID, PARK_NAME, PARK_ADDR, PARK_SIZE, PARK_CONTENT, PRICE) VALUES (park_seq.nextval,'seller','사당역 공영 주차장','서울특별시 서초구 방배동 506-9','4500','사당역 공영 주차장',4000.0);
--행 7
INSERT INTO PARK_TB (PARK_NO, USER_ID, PARK_NAME, PARK_ADDR, PARK_SIZE, PARK_CONTENT, PRICE) VALUES (park_seq.nextval,'seller','교대역동측공영주차장','서울특별시 서초구 서초1동 1673-7','2500','교대역동측공영주차장',2000.0);
--행 8
INSERT INTO PARK_TB (PARK_NO, USER_ID, PARK_NAME, PARK_ADDR, PARK_SIZE, PARK_CONTENT, PRICE) VALUES (park_seq.nextval,'seller','격동민영주차장','서울특별시 서초구 서초대로73길 30 서초성우빌리지','3000','격동민영주차장',1000.0);
--행 9
INSERT INTO PARK_TB (PARK_NO, USER_ID, PARK_NAME, PARK_ADDR, PARK_SIZE, PARK_CONTENT, PRICE) VALUES (park_seq.nextval,'seller','무궁화공영주차장','서울특별시 서초구 서초대로54길 45 서초구립중앙노인복지관','2000','무궁화공영주차장',1200.0);
--행 10
INSERT INTO PARK_TB (PARK_NO, USER_ID, PARK_NAME, PARK_ADDR, PARK_SIZE, PARK_CONTENT, PRICE) VALUES (park_seq.nextval,'seller','파스텔시티 주차장','서울특별시 서초구 방배천로 11 SK리더스뷰','3000','파스텔시티 주차장',5000.0);
--행 11
INSERT INTO PARK_TB (PARK_NO, USER_ID, PARK_NAME, PARK_ADDR, PARK_SIZE, PARK_CONTENT, PRICE) VALUES (park_seq.nextval,'seller','연구비 주차빌딩 주차장','서울특별시 서초구 강남대로83길 55 언구비주차빌딩','2500','연구비 주차빌딩 주차장',6000.0);
--행 12
INSERT INTO PARK_TB (PARK_NO, USER_ID, PARK_NAME, PARK_ADDR, PARK_SIZE, PARK_CONTENT, PRICE) VALUES (park_seq.nextval,'seller','청계산청룡공영주차장','서울특별시 서초구 신원동 224-3','2500','청계산청룡공영주차장',6500.0);
--행 13
INSERT INTO PARK_TB (PARK_NO, USER_ID, PARK_NAME, PARK_ADDR, PARK_SIZE, PARK_CONTENT, PRICE) VALUES (park_seq.nextval,'seller','여의도 63빌딩 앞 공영 주차장','서울특별시 영등포구 여의도동 86-5','2500','여의도 63빌딩 앞 공영 주차장',7600.0);
--행 14
INSERT INTO PARK_TB (PARK_NO, USER_ID, PARK_NAME, PARK_ADDR, PARK_SIZE, PARK_CONTENT, PRICE) VALUES (park_seq.nextval,'seller','영등포동 제3주차장','서울특별시 영등포구 영중로 15 타임스퀘어','2500','영등포동 제3주차장',5400.0);
--행 15
INSERT INTO PARK_TB (PARK_NO, USER_ID, PARK_NAME, PARK_ADDR, PARK_SIZE, PARK_CONTENT, PRICE) VALUES (park_seq.nextval,'seller','여의도공원앞1노상공영주차장','서울특별시 영등포구 여의도동 2-11','2500','여의도공원앞1노상공영주차장',3300.0);
--행 16
INSERT INTO PARK_TB (PARK_NO, USER_ID, PARK_NAME, PARK_ADDR, PARK_SIZE, PARK_CONTENT, PRICE) VALUES (park_seq.nextval,'seller','양화당산철교밑노상공영주차장','서울특별시 영등포구 당산2동 95-5','2500','양화당산철교밑노상공영주차장',2200.0);
--행 17
INSERT INTO PARK_TB (PARK_NO, USER_ID, PARK_NAME, PARK_ADDR, PARK_SIZE, PARK_CONTENT, PRICE) VALUES (park_seq.nextval,'seller','도림초교공영주차장 ','서울특별시 영등포구 가마산로65길 22','2500','도림초교공영주차장 ',1000.0);
--행 18
INSERT INTO PARK_TB (PARK_NO, USER_ID, PARK_NAME, PARK_ADDR, PARK_SIZE, PARK_CONTENT, PRICE) VALUES (park_seq.nextval,'seller','콘래드 서울 호텔 주차장 ','서울특별시 영등포구 국제금융로 10 서울 국제금융 센터','2500','콘래드 서울 호텔 주차장 ',2300.0);
--행 19
INSERT INTO PARK_TB (PARK_NO, USER_ID, PARK_NAME, PARK_ADDR, PARK_SIZE, PARK_CONTENT, PRICE) VALUES (park_seq.nextval,'seller','한강진역공영주차장 ','서울특별시 용산구 한남동 728-27','2500','한강진역공영주차장 ',4000.0);
--행 20
INSERT INTO PARK_TB (PARK_NO, USER_ID, PARK_NAME, PARK_ADDR, PARK_SIZE, PARK_CONTENT, PRICE) VALUES (park_seq.nextval,'seller','아이파크몰주차장','서울특별시 용산구 한강대로23길 55 용산민자역사','2500','아이파크몰주차장',5500.0);
--행 21
INSERT INTO PARK_TB (PARK_NO, USER_ID, PARK_NAME, PARK_ADDR, PARK_SIZE, PARK_CONTENT, PRICE) VALUES (park_seq.nextval,'seller','종합행정타운 주차장','서울특별시 용산구 녹사평대로 150 용산구종합행정타운','2500','종합행정타운 주차장',6600.0);
--행 22
INSERT INTO PARK_TB (PARK_NO, USER_ID, PARK_NAME, PARK_ADDR, PARK_SIZE, PARK_CONTENT, PRICE) VALUES (park_seq.nextval,'seller','이태원주차장','서울특별시 용산구 이태원동 127-36','2500','이태원주차장',7000.0);
--행 23
INSERT INTO PARK_TB (PARK_NO, USER_ID, PARK_NAME, PARK_ADDR, PARK_SIZE, PARK_CONTENT, PRICE) VALUES (park_seq.nextval,'seller','해방촌공영주차장','서울특별시 용산구 소월로20길 56 해방공영주차장','3000','해방촌공영주차장',2300.0);
--행 24
INSERT INTO PARK_TB (PARK_NO, USER_ID, PARK_NAME, PARK_ADDR, PARK_SIZE, PARK_CONTENT, PRICE) VALUES (park_seq.nextval,'seller','남산도서관주차장','서울특별시 용산구 소월로 109 남산도서관','3000','남산도서관주차장',2300.0);
--행 25
INSERT INTO PARK_TB (PARK_NO, USER_ID, PARK_NAME, PARK_ADDR, PARK_SIZE, PARK_CONTENT, PRICE) VALUES (park_seq.nextval,'seller','창동역공영주차장 ','서울특별시 도봉구 마들로11길 74 플랫폼 창동 61','3000','창동역공영주차장 ',2300.0);
--행 26
INSERT INTO PARK_TB (PARK_NO, USER_ID, PARK_NAME, PARK_ADDR, PARK_SIZE, PARK_CONTENT, PRICE) VALUES (park_seq.nextval,'seller','문화주차장','서울특별시 강서구 개화동로 420 토우주유소','3000','문화주차장',2300.0);
--행 27
INSERT INTO PARK_TB (PARK_NO, USER_ID, PARK_NAME, PARK_ADDR, PARK_SIZE, PARK_CONTENT, PRICE) VALUES (park_seq.nextval,'seller','개화역 환승 공영 주차장','서울특별시 강서구 개화동로8길 17','3000','개화역 환승 공영 주차장',2300.0);
--행 28
INSERT INTO PARK_TB (PARK_NO, USER_ID, PARK_NAME, PARK_ADDR, PARK_SIZE, PARK_CONTENT, PRICE) VALUES (park_seq.nextval,'seller','중곡초교 공영 주차장','서울특별시 중랑구 면목로23길 20 중곡초등학교','3000','중곡초교 공영 주차장',2300.0);
--행 29
INSERT INTO PARK_TB (PARK_NO, USER_ID, PARK_NAME, PARK_ADDR, PARK_SIZE, PARK_CONTENT, PRICE) VALUES (park_seq.nextval,'seller','동대문공영주차장','서울특별시 중구 마장로 22 유어스(서울패션센터)','3000','동대문공영주차장',2300.0);
--행 30
INSERT INTO PARK_TB (PARK_NO, USER_ID, PARK_NAME, PARK_ADDR, PARK_SIZE, PARK_CONTENT, PRICE) VALUES (park_seq.nextval,'seller','탄천공영주차장','서울특별시 송파구 탄천동로 36 ','3000','탄천공영주차장',2300.0);
--행 31
INSERT INTO PARK_TB (PARK_NO, USER_ID, PARK_NAME, PARK_ADDR, PARK_SIZE, PARK_CONTENT, PRICE) VALUES (park_seq.nextval,'seller','오이도공영주차장','경기도 시흥시 정왕동 2019-7','2500','오이도공영주차장',2000.0);
--행 32
INSERT INTO PARK_TB (PARK_NO, USER_ID, PARK_NAME, PARK_ADDR, PARK_SIZE, PARK_CONTENT, PRICE) VALUES (park_seq.nextval,'seller','마관광장 공영주차장','경기도 시흥시 군자천로 332','1500','마관광장 공영주차장',2000.0);
--행 33
INSERT INTO PARK_TB (PARK_NO, USER_ID, PARK_NAME, PARK_ADDR, PARK_SIZE, PARK_CONTENT, PRICE) VALUES (park_seq.nextval,'seller','삼미상가노상공영주차장','경기도 시흥시 삼미시장1길 19 신천실로암교회','3000','삼미상가노상공영주차장',2000.0);
--행 34
INSERT INTO PARK_TB (PARK_NO, USER_ID, PARK_NAME, PARK_ADDR, PARK_SIZE, PARK_CONTENT, PRICE) VALUES (park_seq.nextval,'seller','정왕역1공영주차장','경기도 시흥시 정왕동 2318-2','1000','정왕역1공영주차장',2000.0);
--행 35
INSERT INTO PARK_TB (PARK_NO, USER_ID, PARK_NAME, PARK_ADDR, PARK_SIZE, PARK_CONTENT, PRICE) VALUES (park_seq.nextval,'seller','여성회관 앞 공영 주차장','경기도 시흥시 정왕동 1799-4','2000','여성회관 앞 공영 주차장',2000.0);
--행 36
INSERT INTO PARK_TB (PARK_NO, USER_ID, PARK_NAME, PARK_ADDR, PARK_SIZE, PARK_CONTENT, PRICE) VALUES (park_seq.nextval,'seller','평촌아트홀주차장','경기도 안양시 동안구 호계동','2000','평촌아트홀주차장',2000.0);
--행 37
INSERT INTO PARK_TB (PARK_NO, USER_ID, PARK_NAME, PARK_ADDR, PARK_SIZE, PARK_CONTENT, PRICE) VALUES (park_seq.nextval,'seller','안양과천교육지원청주차장','경기도 안양시 동안구 관양동','4000','안양과천교육지원청주차장',2000.0);
--행 38
INSERT INTO PARK_TB (PARK_NO, USER_ID, PARK_NAME, PARK_ADDR, PARK_SIZE, PARK_CONTENT, PRICE) VALUES (park_seq.nextval,'seller','경인교육대학교경기캠퍼스주차장','경기도 안양시 만안구 석수동','3000','경인교육대학교경기캠퍼스주차장',2000.0);
--행 39
INSERT INTO PARK_TB (PARK_NO, USER_ID, PARK_NAME, PARK_ADDR, PARK_SIZE, PARK_CONTENT, PRICE) VALUES (park_seq.nextval,'seller','보정공영주차장','경기도 용인시 기흥구 보정동 1180','5000','보정공영주차장',2000.0);
--행 40
INSERT INTO PARK_TB (PARK_NO, USER_ID, PARK_NAME, PARK_ADDR, PARK_SIZE, PARK_CONTENT, PRICE) VALUES (park_seq.nextval,'seller','수지구 공영 주차장','경기도 용인시 수지구 포은대로 435 수지구청','2500','수지구 공영 주차장',2000.0);
--행 41
INSERT INTO PARK_TB (PARK_NO, USER_ID, PARK_NAME, PARK_ADDR, PARK_SIZE, PARK_CONTENT, PRICE) VALUES (park_seq.nextval,'seller','동백호수공원주차장','경기도 용인시 기흥구 동백5로 12','4000','동백호수공원주차장',2000.0);
--행 42
INSERT INTO PARK_TB (PARK_NO, USER_ID, PARK_NAME, PARK_ADDR, PARK_SIZE, PARK_CONTENT, PRICE) VALUES (park_seq.nextval,'seller','구성역주차장','경기도 용인시 기흥구 용구대로 2403 구성역 ','3500','구성역주차장',2000.0);
--행 43
INSERT INTO PARK_TB (PARK_NO, USER_ID, PARK_NAME, PARK_ADDR, PARK_SIZE, PARK_CONTENT, PRICE) VALUES (park_seq.nextval,'seller','Herma주차빌딩 민영 주차장','경기도 용인시 기흥구 보정동 1344','1500','Herma주차빌딩 민영 주차장',2000.0);
--행 44
INSERT INTO PARK_TB (PARK_NO, USER_ID, PARK_NAME, PARK_ADDR, PARK_SIZE, PARK_CONTENT, PRICE) VALUES (park_seq.nextval,'seller','가평시시설관리공단 공영주차장','경기 가평군 가평읍 석봉로 181','1000','가평시시설관리공단 공영주차장',2000.0);
--행 45
INSERT INTO PARK_TB (PARK_NO, USER_ID, PARK_NAME, PARK_ADDR, PARK_SIZE, PARK_CONTENT, PRICE) VALUES (park_seq.nextval,'seller','한빛 공영 주차장','경기도 화성시 동탄중심상가2길 21 지하주차장 33호','1000','한빛 공영 주차장',2000.0);
--행 46
INSERT INTO PARK_TB (PARK_NO, USER_ID, PARK_NAME, PARK_ADDR, PARK_SIZE, PARK_CONTENT, PRICE) VALUES (park_seq.nextval,'seller','진안 공영 주차장','경기도 화성시 병점동로 110-4','2500','진안 공영 주차장',2000.0);
--행 47
INSERT INTO PARK_TB (PARK_NO, USER_ID, PARK_NAME, PARK_ADDR, PARK_SIZE, PARK_CONTENT, PRICE) VALUES (park_seq.nextval,'seller','SRT동탄역 주차장','경기도 화성시 오산동 967-1278','1500','SRT동탄역 주차장',2000.0);
--행 48
INSERT INTO PARK_TB (PARK_NO, USER_ID, PARK_NAME, PARK_ADDR, PARK_SIZE, PARK_CONTENT, PRICE) VALUES (park_seq.nextval,'seller','제부도해수욕장임시공영주차장','경기도 화성시 서신면 제부리 190-198','2500','제부도해수욕장임시공영주차장',2000.0);
--행 49
INSERT INTO PARK_TB (PARK_NO, USER_ID, PARK_NAME, PARK_ADDR, PARK_SIZE, PARK_CONTENT, PRICE) VALUES (park_seq.nextval,'seller','별빛정원 우주','경기도 이천시 마장면 덕이로154번길 287-76 ','3000','별빛정원 우주',2000.0);
--행 50
INSERT INTO PARK_TB (PARK_NO, USER_ID, PARK_NAME, PARK_ADDR, PARK_SIZE, PARK_CONTENT, PRICE) VALUES (park_seq.nextval,'seller','관고전통시장입구앞노상공영주차장','경기도 이천시 관고동 30','1500','관고전통시장입구앞노상공영주차장',2000.0);
-- 51 에서  100  행에 대한 삽입 실패
--ORA-01722: invalid number
--행 51
INSERT INTO PARK_TB (PARK_NO, USER_ID, PARK_NAME, PARK_ADDR, PARK_SIZE, PARK_CONTENT, PRICE) VALUES (park_seq.nextval,'seller','광교공영주차장','경기도 수원시 장안구 광교산로 160 ','3500','광교공영주차장',2000.0);
--행 52
INSERT INTO PARK_TB (PARK_NO, USER_ID, PARK_NAME, PARK_ADDR, PARK_SIZE, PARK_CONTENT, PRICE) VALUES (park_seq.nextval,'seller','시청부설주차장','경기도 수원시 팔달구 효원로 241','3500','시청부설주차장',2000.0);
--행 53
INSERT INTO PARK_TB (PARK_NO, USER_ID, PARK_NAME, PARK_ADDR, PARK_SIZE, PARK_CONTENT, PRICE) VALUES (park_seq.nextval,'seller','AK PLAZA 수원점 주차장','경기도 수원시 팔달구 덕영대로 924 AK플라자','4500','AK PLAZA 수원점 주차장',2000.0);
--행 54
INSERT INTO PARK_TB (PARK_NO, USER_ID, PARK_NAME, PARK_ADDR, PARK_SIZE, PARK_CONTENT, PRICE) VALUES (park_seq.nextval,'seller','성대환승공영주차장','경기도 수원시 장안구 덕영대로417번길 10','3000','성대환승공영주차장',2000.0);
--행 55
INSERT INTO PARK_TB (PARK_NO, USER_ID, PARK_NAME, PARK_ADDR, PARK_SIZE, PARK_CONTENT, PRICE) VALUES (park_seq.nextval,'seller','영통우체국노상공영주차장','경기도 수원시 영통구 영통동 1067','4000','영통우체국노상공영주차장',2000.0);
--행 56
INSERT INTO PARK_TB (PARK_NO, USER_ID, PARK_NAME, PARK_ADDR, PARK_SIZE, PARK_CONTENT, PRICE) VALUES (park_seq.nextval,'seller','원평1공영주차장','경기도 평택시 원평로28번길 7','5000','원평1공영주차장',2000.0);
--행 57
INSERT INTO PARK_TB (PARK_NO, USER_ID, PARK_NAME, PARK_ADDR, PARK_SIZE, PARK_CONTENT, PRICE) VALUES (park_seq.nextval,'seller','통복시장 공영주차장','경기도 평택시 통복시장로21번길 14','3500','통복시장 공영주차장',2000.0);
--행 58
INSERT INTO PARK_TB (PARK_NO, USER_ID, PARK_NAME, PARK_ADDR, PARK_SIZE, PARK_CONTENT, PRICE) VALUES (park_seq.nextval,'seller','서인동공영주차장','경기도 안성시 장기로69번길 31','4500','서인동공영주차장',2000.0);
--행 59
INSERT INTO PARK_TB (PARK_NO, USER_ID, PARK_NAME, PARK_ADDR, PARK_SIZE, PARK_CONTENT, PRICE) VALUES (park_seq.nextval,'seller','공도공영주차장','경기도 안성시 공도읍 송원길 23','3500','공도공영주차장',2000.0);
--행 60
INSERT INTO PARK_TB (PARK_NO, USER_ID, PARK_NAME, PARK_ADDR, PARK_SIZE, PARK_CONTENT, PRICE) VALUES (park_seq.nextval,'seller','대관령주차창','강원도 평창군 봉평면 경강로 5434','2500','대관령주차창',1500.0);
--행 61
INSERT INTO PARK_TB (PARK_NO, USER_ID, PARK_NAME, PARK_ADDR, PARK_SIZE, PARK_CONTENT, PRICE) VALUES (park_seq.nextval,'seller','봉평주차장','강원도 평창군 봉평면 애강나무길 145','3000','봉평주차장',1500.0);
--행 62
INSERT INTO PARK_TB (PARK_NO, USER_ID, PARK_NAME, PARK_ADDR, PARK_SIZE, PARK_CONTENT, PRICE) VALUES (park_seq.nextval,'seller','중앙시장주차장','강원도 속초시 중앙로147번길 16 ','2000','중앙시장주차장',1500.0);
--행 63
INSERT INTO PARK_TB (PARK_NO, USER_ID, PARK_NAME, PARK_ADDR, PARK_SIZE, PARK_CONTENT, PRICE) VALUES (park_seq.nextval,'seller','설악항 공영 주차장','강원도 속초시 대포동 178-4','2500','설악항 공영 주차장',1500.0);
--행 64
INSERT INTO PARK_TB (PARK_NO, USER_ID, PARK_NAME, PARK_ADDR, PARK_SIZE, PARK_CONTENT, PRICE) VALUES (park_seq.nextval,'seller','한국국토정보공사 고성군지사 주차장','강원도 고성군 간성읍 수성로 147 한국국토정보공사 고성군지사','3000','한국국토정보공사 고성군지사 주차장',1500.0);
--행 65
INSERT INTO PARK_TB (PARK_NO, USER_ID, PARK_NAME, PARK_ADDR, PARK_SIZE, PARK_CONTENT, PRICE) VALUES (park_seq.nextval,'seller','통일전망대주차장','강원도 고성군 현내면 명호리','1500','통일전망대주차장',1500.0);
--행 66
INSERT INTO PARK_TB (PARK_NO, USER_ID, PARK_NAME, PARK_ADDR, PARK_SIZE, PARK_CONTENT, PRICE) VALUES (park_seq.nextval,'seller','소양강스카이워크 공영 주차장','강원도 춘천시 근화동 804','3000','소양강스카이워크 공영 주차장',1500.0);
--행 67
INSERT INTO PARK_TB (PARK_NO, USER_ID, PARK_NAME, PARK_ADDR, PARK_SIZE, PARK_CONTENT, PRICE) VALUES (park_seq.nextval,'seller','춘천역 주차장','강원도 춘천시 근화동 556-1','2500','춘천역 주차장',1500.0);
--행 68
INSERT INTO PARK_TB (PARK_NO, USER_ID, PARK_NAME, PARK_ADDR, PARK_SIZE, PARK_CONTENT, PRICE) VALUES (park_seq.nextval,'seller','원주 일산 공영 주차장','강원 원주시 일산동 53-44','3000','워주 일산 공영 주차장',1500.0);
--행 69
INSERT INTO PARK_TB (PARK_NO, USER_ID, PARK_NAME, PARK_ADDR, PARK_SIZE, PARK_CONTENT, PRICE) VALUES (park_seq.nextval,'seller','서구 공영 주차장','인천광역시 서구 서곶로 307 서구청 ','2500','서구 공영 주차장',1500.0);
--행 70
INSERT INTO PARK_TB (PARK_NO, USER_ID, PARK_NAME, PARK_ADDR, PARK_SIZE, PARK_CONTENT, PRICE) VALUES (park_seq.nextval,'seller','서구 마전 공영 주차장','인천광역시 서구 마전로115번길 12','3500','서구 마전 공영 주차장',1500.0);
--행 71
INSERT INTO PARK_TB (PARK_NO, USER_ID, PARK_NAME, PARK_ADDR, PARK_SIZE, PARK_CONTENT, PRICE) VALUES (park_seq.nextval,'seller','부평시장로터리노상공영주차장','인천광역시 부평구 시장로 45','2000','부평시장로터리노상공영주차장',1500.0);
--행 72
INSERT INTO PARK_TB (PARK_NO, USER_ID, PARK_NAME, PARK_ADDR, PARK_SIZE, PARK_CONTENT, PRICE) VALUES (park_seq.nextval,'seller','인천나비공원 공영 주차장','인천광역시 부평구 평천로54번길 1 ','3500','인천나비공원 공영 주차장',1500.0);
--행 73
INSERT INTO PARK_TB (PARK_NO, USER_ID, PARK_NAME, PARK_ADDR, PARK_SIZE, PARK_CONTENT, PRICE) VALUES (park_seq.nextval,'seller','범이 민영 주차장','인천광역시 부평구 부평5동 160-78','2500','범이 민영 주차장',1500.0);
--행 74
INSERT INTO PARK_TB (PARK_NO, USER_ID, PARK_NAME, PARK_ADDR, PARK_SIZE, PARK_CONTENT, PRICE) VALUES (park_seq.nextval,'seller','차이나타운 주차장','인천광역시 중구 차이나타운로44번길 28-12 차이나타운공영주차장','3000','차이나타운 주차장',1500.0);
--행 75
INSERT INTO PARK_TB (PARK_NO, USER_ID, PARK_NAME, PARK_ADDR, PARK_SIZE, PARK_CONTENT, PRICE) VALUES (park_seq.nextval,'seller','주안6동제4공영주차장','인천광역시 남구 경인로471번길 20 주안6동 제4공영주차장','3000','주안6동제4공영주차장',1500.0);
--행 76
INSERT INTO PARK_TB (PARK_NO, USER_ID, PARK_NAME, PARK_ADDR, PARK_SIZE, PARK_CONTENT, PRICE) VALUES (park_seq.nextval,'seller','용현동제1노상공영주차장','인천광역시 남구 용현동 91','3000','용현동제1노상공영주차장',1500.0);
--행 77
INSERT INTO PARK_TB (PARK_NO, USER_ID, PARK_NAME, PARK_ADDR, PARK_SIZE, PARK_CONTENT, PRICE) VALUES (park_seq.nextval,'seller','토지금고시장 공영 주차장','인천광역시 남구 용현동 617-100','3000','토지금고시장 공영 주차장',1500.0);
--행 78
INSERT INTO PARK_TB (PARK_NO, USER_ID, PARK_NAME, PARK_ADDR, PARK_SIZE, PARK_CONTENT, PRICE) VALUES (park_seq.nextval,'seller','연안부두 해양광장 공영 주차장','인천광역시 중구 연안부두로 36 연안부두해양광장','3000','연안부두 해양광장 공영 주차장',1500.0);
--행 79
INSERT INTO PARK_TB (PARK_NO, USER_ID, PARK_NAME, PARK_ADDR, PARK_SIZE, PARK_CONTENT, PRICE) VALUES (park_seq.nextval,'seller','문예회관 공영 주차장','인천광역시 남동구 구월동 1408-2','3000','문예회관 공영 주차장',1500.0);
--행 80
INSERT INTO PARK_TB (PARK_NO, USER_ID, PARK_NAME, PARK_ADDR, PARK_SIZE, PARK_CONTENT, PRICE) VALUES (park_seq.nextval,'seller','로데오 노상 공영 주차장','인천광역시 남동구 구월1동 1409-19','2500','로데오 노상 공영 주차장',1500.0);
--행 81
INSERT INTO PARK_TB (PARK_NO, USER_ID, PARK_NAME, PARK_ADDR, PARK_SIZE, PARK_CONTENT, PRICE) VALUES (park_seq.nextval,'seller','소래습지생태공원 공영 주차장','인천광역시 남동구 논현동 66-85','2500','소래습지생태공원 공영 주차장',1500.0);
--행 82
INSERT INTO PARK_TB (PARK_NO, USER_ID, PARK_NAME, PARK_ADDR, PARK_SIZE, PARK_CONTENT, PRICE) VALUES (park_seq.nextval,'seller','만수복개천1 공영 주차장','인천광역시 남동구 구월4동 1324-7','2500','만수복개천1 공영 주차장',1500.0);
--행 83
INSERT INTO PARK_TB (PARK_NO, USER_ID, PARK_NAME, PARK_ADDR, PARK_SIZE, PARK_CONTENT, PRICE) VALUES (park_seq.nextval,'seller','돌산마루2호공영유료주차장','인천광역시 남동구 간석동','2500','돌산마루2호공영유료주차장',1500.0);
--행 84
INSERT INTO PARK_TB (PARK_NO, USER_ID, PARK_NAME, PARK_ADDR, PARK_SIZE, PARK_CONTENT, PRICE) VALUES (park_seq.nextval,'seller','현대주차장 ','인천광역시 서구 오류동 410','2500','현대주차장 ',1500.0);
--행 85
INSERT INTO PARK_TB (PARK_NO, USER_ID, PARK_NAME, PARK_ADDR, PARK_SIZE, PARK_CONTENT, PRICE) VALUES (park_seq.nextval,'seller','석남제1노상공영주차장','인천광역시 서구 길주로 85','2500','석남제1노상공영주차장',1500.0);
--행 86
INSERT INTO PARK_TB (PARK_NO, USER_ID, PARK_NAME, PARK_ADDR, PARK_SIZE, PARK_CONTENT, PRICE) VALUES (park_seq.nextval,'seller','의성조문국 사적지 주차장','경상북도 의성군 금성면 대리리 378-2','2500','의성조문국 사적지 주차장',3200.0);
--행 87
INSERT INTO PARK_TB (PARK_NO, USER_ID, PARK_NAME, PARK_ADDR, PARK_SIZE, PARK_CONTENT, PRICE) VALUES (park_seq.nextval,'seller','노동공영주차장','경상북도 경주시 노동동 12','2000','노동공영주차장',3200.0);
--행 88
INSERT INTO PARK_TB (PARK_NO, USER_ID, PARK_NAME, PARK_ADDR, PARK_SIZE, PARK_CONTENT, PRICE) VALUES (park_seq.nextval,'seller','안동구시장공영주차장','경상북도 안동시 퇴계로 66','3000','안동구시장공영주차장',3200.0);
--행 89
INSERT INTO PARK_TB (PARK_NO, USER_ID, PARK_NAME, PARK_ADDR, PARK_SIZE, PARK_CONTENT, PRICE) VALUES (park_seq.nextval,'seller','죽도어시장 공영 주차장','경상북도 포항시 북구 칠성천길 141','3000','죽도어시장 공영 주차장',3200.0);
--행 90
INSERT INTO PARK_TB (PARK_NO, USER_ID, PARK_NAME, PARK_ADDR, PARK_SIZE, PARK_CONTENT, PRICE) VALUES (park_seq.nextval,'seller','가산산성 진남문 공영?주차장','경상북도 칠곡군 동명면 남원리 625-1','3000','가산산성 진남문 공영 주차장',3200.0);
--행 91
INSERT INTO PARK_TB (PARK_NO, USER_ID, PARK_NAME, PARK_ADDR, PARK_SIZE, PARK_CONTENT, PRICE) VALUES (park_seq.nextval,'seller','신경주역공영주차장','경상북도 경주시 건천읍 화천리','3000','신경주역공영주차장',3200.0);
--행 92
INSERT INTO PARK_TB (PARK_NO, USER_ID, PARK_NAME, PARK_ADDR, PARK_SIZE, PARK_CONTENT, PRICE) VALUES (park_seq.nextval,'seller','대이동 공영?주차장','경상북도 포항시 남구 대이로127번길 12-10','3000','대이동 공영 주차장',3200.0);
--행 93
INSERT INTO PARK_TB (PARK_NO, USER_ID, PARK_NAME, PARK_ADDR, PARK_SIZE, PARK_CONTENT, PRICE) VALUES (park_seq.nextval,'seller','불국사 공영 주차장','경상북도 경주시 진현동 104-17','3000','불국사 공영 주차장',3200.0);
--행 94
INSERT INTO PARK_TB (PARK_NO, USER_ID, PARK_NAME, PARK_ADDR, PARK_SIZE, PARK_CONTENT, PRICE) VALUES (park_seq.nextval,'seller','한마음광장 공영 주차장','경상북도 울진군 후포면 울진대게로 169-58','3000','한마음광장 공영 주차장',3200.0);
--행 95
INSERT INTO PARK_TB (PARK_NO, USER_ID, PARK_NAME, PARK_ADDR, PARK_SIZE, PARK_CONTENT, PRICE) VALUES (park_seq.nextval,'seller','신경주역 주차장','경상북도 경주시 건천읍 신경주역로 80 신경주KTX역사','3000','신경주역 주차장',3200.0);
--행 96
INSERT INTO PARK_TB (PARK_NO, USER_ID, PARK_NAME, PARK_ADDR, PARK_SIZE, PARK_CONTENT, PRICE) VALUES (park_seq.nextval,'seller','왜관 남부 공영 주차장','경상북도 칠곡군 왜관읍 중앙로8길 10','3000','왜관 남부 공영 주차장',3200.0);
--행 97
INSERT INTO PARK_TB (PARK_NO, USER_ID, PARK_NAME, PARK_ADDR, PARK_SIZE, PARK_CONTENT, PRICE) VALUES (park_seq.nextval,'seller','동빈주차장','경상북도 포항시 북구 서동로 101','3000','동빈주차장',3200.0);
--행 98
INSERT INTO PARK_TB (PARK_NO, USER_ID, PARK_NAME, PARK_ADDR, PARK_SIZE, PARK_CONTENT, PRICE) VALUES (park_seq.nextval,'seller','포항공항 주차장','경상북도 포항시 남구 동해면 도구리 280','3000','포항공항 주차장',3200.0);
--행 99
INSERT INTO PARK_TB (PARK_NO, USER_ID, PARK_NAME, PARK_ADDR, PARK_SIZE, PARK_CONTENT, PRICE) VALUES (park_seq.nextval,'seller','창원 로데오 주차장','경상남도 창원시 성산구 마디미로21번길 11 주차전용상가 로데오월드','3000','창원 로데오 주차장',3200.0);
--행 100
INSERT INTO PARK_TB (PARK_NO, USER_ID, PARK_NAME, PARK_ADDR, PARK_SIZE, PARK_CONTENT, PRICE) VALUES (park_seq.nextval,'seller','통제영 공영 주차장','경상남도 통영시 세병로 26','3000','통제영 공영 주차장',3200.0);
-- 101 에서  149  행에 대한 삽입 실패
--ORA-01722: invalid number
--행 101
INSERT INTO PARK_TB (PARK_NO, USER_ID, PARK_NAME, PARK_ADDR, PARK_SIZE, PARK_CONTENT, PRICE) VALUES (park_seq.nextval,'seller','오도재 공영 주차장','경상남도 함양군 휴천면 지리산가는길 635','3000','오도재 공영 주차장',3200.0);
--행 102
INSERT INTO PARK_TB (PARK_NO, USER_ID, PARK_NAME, PARK_ADDR, PARK_SIZE, PARK_CONTENT, PRICE) VALUES (park_seq.nextval,'seller','마산공설운동장 민영 주차장','경상남도 창원시 마산회원구 양덕동 461','3000','마산공설운동장 민영 주차장',3200.0);
--행 103
INSERT INTO PARK_TB (PARK_NO, USER_ID, PARK_NAME, PARK_ADDR, PARK_SIZE, PARK_CONTENT, PRICE) VALUES (park_seq.nextval,'seller','하나주차장','경상남도 창원시 성산구 상남동 14-2','4000','하나주차장',3200.0);
--행 104
INSERT INTO PARK_TB (PARK_NO, USER_ID, PARK_NAME, PARK_ADDR, PARK_SIZE, PARK_CONTENT, PRICE) VALUES (park_seq.nextval,'seller','부산대양산캠퍼스역공영주차장','경상남도 양산시 물금읍 범어리','2500','부산대양산캠퍼스역공영주차장',3200.0);
--행 105
INSERT INTO PARK_TB (PARK_NO, USER_ID, PARK_NAME, PARK_ADDR, PARK_SIZE, PARK_CONTENT, PRICE) VALUES (park_seq.nextval,'seller','대흥주차장','경상남도 진주시 진양호로556번길 8','2500','대흥주차장',3200.0);
--행 106
INSERT INTO PARK_TB (PARK_NO, USER_ID, PARK_NAME, PARK_ADDR, PARK_SIZE, PARK_CONTENT, PRICE) VALUES (park_seq.nextval,'seller','원예예술촌주차장','경상남도 남해군 삼동면 봉화리','2500','원예예술촌주차장',3200.0);
--행 107
INSERT INTO PARK_TB (PARK_NO, USER_ID, PARK_NAME, PARK_ADDR, PARK_SIZE, PARK_CONTENT, PRICE) VALUES (park_seq.nextval,'seller','오송K주차장','충청북도 청주시 흥덕구 오송읍 연제리 837','3000','오송K주차장',2500.0);
--행 108
INSERT INTO PARK_TB (PARK_NO, USER_ID, PARK_NAME, PARK_ADDR, PARK_SIZE, PARK_CONTENT, PRICE) VALUES (park_seq.nextval,'seller','환승주차장','충청북도 청주시 흥덕구 풍산로 14 종합관광안내소','3000','환승주차장',2500.0);
--행 109
INSERT INTO PARK_TB (PARK_NO, USER_ID, PARK_NAME, PARK_ADDR, PARK_SIZE, PARK_CONTENT, PRICE) VALUES (park_seq.nextval,'seller','도담삼봉 공영 주차장','충청북도 단양군 매포읍 하괴리 83-3','3000','도담삼봉 공영 주차장',2500.0);
--행 110
INSERT INTO PARK_TB (PARK_NO, USER_ID, PARK_NAME, PARK_ADDR, PARK_SIZE, PARK_CONTENT, PRICE) VALUES (park_seq.nextval,'seller','단양구경시장 공영 주차장','충청북도 단양군 단양읍 수변로 82 단양 청소년문화의집','3000','단양구경시장 공영 주차장',2500.0);
--행 111
INSERT INTO PARK_TB (PARK_NO, USER_ID, PARK_NAME, PARK_ADDR, PARK_SIZE, PARK_CONTENT, PRICE) VALUES (park_seq.nextval,'seller','백화산 등산로 공영 주차장','충청북도 청주시 청원구 주성동 124-23','3000','백화산 등산로 공영 주차장',2500.0);
--행 112
INSERT INTO PARK_TB (PARK_NO, USER_ID, PARK_NAME, PARK_ADDR, PARK_SIZE, PARK_CONTENT, PRICE) VALUES (park_seq.nextval,'seller','서문주차장','충청북도 청주시 상당구 상당로69번길 61-1','3000','서문주차장',2500.0);
--행 113
INSERT INTO PARK_TB (PARK_NO, USER_ID, PARK_NAME, PARK_ADDR, PARK_SIZE, PARK_CONTENT, PRICE) VALUES (park_seq.nextval,'seller','옥천공영주차타워','충청북도 옥천군 옥천읍 금장로 14','3000','옥천공영주차타워',2500.0);
--행 114
INSERT INTO PARK_TB (PARK_NO, USER_ID, PARK_NAME, PARK_ADDR, PARK_SIZE, PARK_CONTENT, PRICE) VALUES (park_seq.nextval,'seller','삼충로 노상 주차장','충청북도 청주시 상당구 사직대로361번길 17 한국산업연수원청주능력개발원','2500','삼충로 노상 주차장',2500.0);
--행 115
INSERT INTO PARK_TB (PARK_NO, USER_ID, PARK_NAME, PARK_ADDR, PARK_SIZE, PARK_CONTENT, PRICE) VALUES (park_seq.nextval,'seller','복대동 대농3지구 주차장','충청북도 청주시 흥덕구 복대동 288-22','2500','복대동 대농3지구 주차장',2500.0);
--행 116
INSERT INTO PARK_TB (PARK_NO, USER_ID, PARK_NAME, PARK_ADDR, PARK_SIZE, PARK_CONTENT, PRICE) VALUES (park_seq.nextval,'seller','육거리종합시장 제2주차장','충청북도 청주시 상당구 청남로2189번길 26-1','2500','육거리종합시장 제2주차장',2500.0);
--행 117
INSERT INTO PARK_TB (PARK_NO, USER_ID, PARK_NAME, PARK_ADDR, PARK_SIZE, PARK_CONTENT, PRICE) VALUES (park_seq.nextval,'seller','상당산성 주차장','충청북도 청주시 상당구 용담.명암.산성동 162','2500','상당산성 주차장',2500.0);
--행 118
INSERT INTO PARK_TB (PARK_NO, USER_ID, PARK_NAME, PARK_ADDR, PARK_SIZE, PARK_CONTENT, PRICE) VALUES (park_seq.nextval,'seller','역전시장지구 공영 주차장','충청북도 제천시 의림대로 46','4500','역전시장지구 공영 주차장',2500.0);
--행 119
INSERT INTO PARK_TB (PARK_NO, USER_ID, PARK_NAME, PARK_ADDR, PARK_SIZE, PARK_CONTENT, PRICE) VALUES (park_seq.nextval,'seller','영동역유휴부지 공영 주차장','충청북도 영동군 영동읍 계산로 69-1 영동시설사업소','2500','영동역유휴부지 공영 주차장',2500.0);
--행 120
INSERT INTO PARK_TB (PARK_NO, USER_ID, PARK_NAME, PARK_ADDR, PARK_SIZE, PARK_CONTENT, PRICE) VALUES (park_seq.nextval,'seller','천안역서부광장 공영 주차장','충청남도 천안시 서북구 천안천4길 48 성정 지구대','2500','천안역서부광장 공영 주차장',2500.0);
--행 121
INSERT INTO PARK_TB (PARK_NO, USER_ID, PARK_NAME, PARK_ADDR, PARK_SIZE, PARK_CONTENT, PRICE) VALUES (park_seq.nextval,'seller','안면읍황도리공영주차장','충청남도 태안군 안면읍 황도로 569-1','2500','안면읍황도리공영주차장',2500.0);
--행 122
INSERT INTO PARK_TB (PARK_NO, USER_ID, PARK_NAME, PARK_ADDR, PARK_SIZE, PARK_CONTENT, PRICE) VALUES (park_seq.nextval,'seller','농협은행천안시지부 주차장','충청남도 천안시 동남구 만남로 24 농협중앙회 신부동천안시지부회','2500','농협은행천안시지부 주차장',2500.0);
--행 123
INSERT INTO PARK_TB (PARK_NO, USER_ID, PARK_NAME, PARK_ADDR, PARK_SIZE, PARK_CONTENT, PRICE) VALUES (park_seq.nextval,'seller','왜목관광지공영주차장','충청남도 당진시 석문면 교로리','2500','왜목관광지공영주차장',2500.0);
--행 124
INSERT INTO PARK_TB (PARK_NO, USER_ID, PARK_NAME, PARK_ADDR, PARK_SIZE, PARK_CONTENT, PRICE) VALUES (park_seq.nextval,'seller','신부동우체국앞 공영 주차장 ','충청남도 천안시 동남구 터미널8길 7 신부16통경로당','2500','신부동우체국앞 공영 주차장 ',2500.0);
--행 125
INSERT INTO PARK_TB (PARK_NO, USER_ID, PARK_NAME, PARK_ADDR, PARK_SIZE, PARK_CONTENT, PRICE) VALUES (park_seq.nextval,'seller','활성 공영 주차장','충청남도 서산시 동문동 304-2','2500','활성 공영 주차장',2500.0);
--행 126
INSERT INTO PARK_TB (PARK_NO, USER_ID, PARK_NAME, PARK_ADDR, PARK_SIZE, PARK_CONTENT, PRICE) VALUES (park_seq.nextval,'seller','구드래나루터 공영 주차장','충청남도 부여군 부여읍 구교리 1-1','3000','구드래나루터 공영 주차장',2500.0);
--행 127
INSERT INTO PARK_TB (PARK_NO, USER_ID, PARK_NAME, PARK_ADDR, PARK_SIZE, PARK_CONTENT, PRICE) VALUES (park_seq.nextval,'seller','온양온천시장공영주차타워','충청남도 아산시 충무로 25','3000','온양온천시장공영주차타워',2500.0);
--행 128
INSERT INTO PARK_TB (PARK_NO, USER_ID, PARK_NAME, PARK_ADDR, PARK_SIZE, PARK_CONTENT, PRICE) VALUES (park_seq.nextval,'seller','태안읍공영주차장','충청남도 태안군 태안읍 남문리','3000','태안읍공영주차장',2500.0);
--행 129
INSERT INTO PARK_TB (PARK_NO, USER_ID, PARK_NAME, PARK_ADDR, PARK_SIZE, PARK_CONTENT, PRICE) VALUES (park_seq.nextval,'seller','성환역민영주차장','충청남도 천안시 서북구 성환읍 성환리 449-1022','3000','성환역민영주차장',2500.0);
--행 130
INSERT INTO PARK_TB (PARK_NO, USER_ID, PARK_NAME, PARK_ADDR, PARK_SIZE, PARK_CONTENT, PRICE) VALUES (park_seq.nextval,'seller','태화강둔치공영주차장 ','울산광역시 남구 신정동 1513','2500','태화강둔치공영주차장 ',1500.0);
--행 131
INSERT INTO PARK_TB (PARK_NO, USER_ID, PARK_NAME, PARK_ADDR, PARK_SIZE, PARK_CONTENT, PRICE) VALUES (park_seq.nextval,'seller','성남둔치 공영 주차장','울산광역시 중구 성남동 216','2500','성남둔치 공영 주차장',1500.0);
--행 132
INSERT INTO PARK_TB (PARK_NO, USER_ID, PARK_NAME, PARK_ADDR, PARK_SIZE, PARK_CONTENT, PRICE) VALUES (park_seq.nextval,'seller','옥교 공영 주차장','울산광역시 중구 번영로 319 옥교공영주차장','2500','옥교 공영 주차장',1500.0);
--행 133
INSERT INTO PARK_TB (PARK_NO, USER_ID, PARK_NAME, PARK_ADDR, PARK_SIZE, PARK_CONTENT, PRICE) VALUES (park_seq.nextval,'seller','성남 공영 주차장 ','울산광역시 중구 학성로 49-1','2500','성남 공영 주차장 ',1500.0);
--행 134
INSERT INTO PARK_TB (PARK_NO, USER_ID, PARK_NAME, PARK_ADDR, PARK_SIZE, PARK_CONTENT, PRICE) VALUES (park_seq.nextval,'seller','병영막창거리 공영 주차장','울산광역시 중구 곽남17길 7-2 ','2500','병영막창거리 공영 주차장',1500.0);
--행 135
INSERT INTO PARK_TB (PARK_NO, USER_ID, PARK_NAME, PARK_ADDR, PARK_SIZE, PARK_CONTENT, PRICE) VALUES (park_seq.nextval,'seller','만인산자연휴양림주차장 ','대전광역시 동구 하소동','3000','만인산자연휴양림주차장 ',2000.0);
--행 136
INSERT INTO PARK_TB (PARK_NO, USER_ID, PARK_NAME, PARK_ADDR, PARK_SIZE, PARK_CONTENT, PRICE) VALUES (park_seq.nextval,'seller','금강11공구주차장','대전광역시 유성구 봉산동','2500','금강11공구주차장',2000.0);
--행 137
INSERT INTO PARK_TB (PARK_NO, USER_ID, PARK_NAME, PARK_ADDR, PARK_SIZE, PARK_CONTENT, PRICE) VALUES (park_seq.nextval,'seller','대청공원주차장 ','대전광역시 대덕구 미호동','3000','대청공원주차장 ',2000.0);
--행 138
INSERT INTO PARK_TB (PARK_NO, USER_ID, PARK_NAME, PARK_ADDR, PARK_SIZE, PARK_CONTENT, PRICE) VALUES (park_seq.nextval,'seller','롯데슈퍼신탄진점주차장 ','대전광역시 대덕구 신탄진동','3000','롯데슈퍼신탄진점주차장 ',2000.0);
--행 139
INSERT INTO PARK_TB (PARK_NO, USER_ID, PARK_NAME, PARK_ADDR, PARK_SIZE, PARK_CONTENT, PRICE) VALUES (park_seq.nextval,'seller','옛터민속박물관주차장','대전광역시 동구 하소동','2500','옛터민속박물관주차장',2000.0);
--행 140
INSERT INTO PARK_TB (PARK_NO, USER_ID, PARK_NAME, PARK_ADDR, PARK_SIZE, PARK_CONTENT, PRICE) VALUES (park_seq.nextval,'seller','용두산 공영 주차장 ','부산광역시 중구 대청로116번길 3 용두산공영주차장 ','3000','용두산 공영 주차장 ',3000.0);
--행 141
INSERT INTO PARK_TB (PARK_NO, USER_ID, PARK_NAME, PARK_ADDR, PARK_SIZE, PARK_CONTENT, PRICE) VALUES (park_seq.nextval,'seller','광안리해수욕장 공영 주차장 ','부산광역시 수영구 남천바다로33번길 75 광안 공영주차장','3000','광안리해수욕장 공영 주차장 ',3000.0);
--행 142
INSERT INTO PARK_TB (PARK_NO, USER_ID, PARK_NAME, PARK_ADDR, PARK_SIZE, PARK_CONTENT, PRICE) VALUES (park_seq.nextval,'seller','해운대 광장 공영 주차장','부산광역시 해운대구 우동 620-25','3000','해운대 광장 공영 주차장',5000.0);
--행 143
INSERT INTO PARK_TB (PARK_NO, USER_ID, PARK_NAME, PARK_ADDR, PARK_SIZE, PARK_CONTENT, PRICE) VALUES (park_seq.nextval,'seller','우현주차장','부산광역시 강서구 공항로811번길 37-1','2500','우현주차장',3000.0);
--행 144
INSERT INTO PARK_TB (PARK_NO, USER_ID, PARK_NAME, PARK_ADDR, PARK_SIZE, PARK_CONTENT, PRICE) VALUES (park_seq.nextval,'seller','한옥마을공영주차장 ','전라북도 전주시 완산구 남노송동','2500','한옥마을공영주차장 ',2000.0);
--행 145
INSERT INTO PARK_TB (PARK_NO, USER_ID, PARK_NAME, PARK_ADDR, PARK_SIZE, PARK_CONTENT, PRICE) VALUES (park_seq.nextval,'seller','선운산공원 공영 주차장','전라북도 고창군 아산면 삼인리 126','2500','선운산공원 공영 주차장',2000.0);
--행 146
INSERT INTO PARK_TB (PARK_NO, USER_ID, PARK_NAME, PARK_ADDR, PARK_SIZE, PARK_CONTENT, PRICE) VALUES (park_seq.nextval,'seller','국립공원채석강 공영 주차장','전라북도 부안군 변산면 변산해변로 1 변산반도사무소격포분소사무소','2500','국립공원채석강 공영 주차장',2000.0);
--행 147
INSERT INTO PARK_TB (PARK_NO, USER_ID, PARK_NAME, PARK_ADDR, PARK_SIZE, PARK_CONTENT, PRICE) VALUES (park_seq.nextval,'seller','순천만국가정원 동문주차장 ','전라남도 순천시 국가정원1호길 162-11','2500','순천만국가정원 동문주차장 ',2000.0);
--행 148
INSERT INTO PARK_TB (PARK_NO, USER_ID, PARK_NAME, PARK_ADDR, PARK_SIZE, PARK_CONTENT, PRICE) VALUES (park_seq.nextval,'seller','곡성섬진강기차마을 1주차장','전라남도 곡성군 오곡면 기차마을로 252-16','2500','곡성섬진강기차마을 1주차장',2000.0);
--행 149
INSERT INTO PARK_TB (PARK_NO, USER_ID, PARK_NAME, PARK_ADDR, PARK_SIZE, PARK_CONTENT, PRICE) VALUES (park_seq.nextval,'seller','오동도공영주차타워','전라남도 여수시 오동도로 116','2500','오동도공영주차타워',2000.0);

--행 1
INSERT INTO PARK_REGIST_TB (PARK_NO, REGI_START, REGI_END) VALUES (2,to_timestamp('06/24/2018', 'mm/dd/yyyy'),to_timestamp('06/29/2018', 'mm/dd/yyyy'));
--행 2
INSERT INTO PARK_REGIST_TB (PARK_NO, REGI_START, REGI_END) VALUES (3,to_timestamp('06/24/2018', 'mm/dd/yyyy'),to_timestamp('06/30/2018', 'mm/dd/yyyy'));
--행 3
INSERT INTO PARK_REGIST_TB (PARK_NO, REGI_START, REGI_END) VALUES (4,to_timestamp('06/25/2018', 'mm/dd/yyyy'),to_timestamp('06/30/2018', 'mm/dd/yyyy'));
--행 4
INSERT INTO PARK_REGIST_TB (PARK_NO, REGI_START, REGI_END) VALUES (5,to_timestamp('06/26/2018', 'mm/dd/yyyy'),to_timestamp('07/07/2018', 'mm/dd/yyyy'));
--행 5
INSERT INTO PARK_REGIST_TB (PARK_NO, REGI_START, REGI_END) VALUES (6,to_timestamp('06/27/2018', 'mm/dd/yyyy'),to_timestamp('07/07/2018', 'mm/dd/yyyy'));
--행 6
INSERT INTO PARK_REGIST_TB (PARK_NO, REGI_START, REGI_END) VALUES (7,to_timestamp('06/28/2018', 'mm/dd/yyyy'),to_timestamp('07/07/2018', 'mm/dd/yyyy'));
--행 7
INSERT INTO PARK_REGIST_TB (PARK_NO, REGI_START, REGI_END) VALUES (8,to_timestamp('06/29/2018', 'mm/dd/yyyy'),to_timestamp('07/07/2018', 'mm/dd/yyyy'));
--행 8
INSERT INTO PARK_REGIST_TB (PARK_NO, REGI_START, REGI_END) VALUES (9,to_timestamp('06/30/2018', 'mm/dd/yyyy'),to_timestamp('07/07/2018', 'mm/dd/yyyy'));
--행 9
INSERT INTO PARK_REGIST_TB (PARK_NO, REGI_START, REGI_END) VALUES (10,to_timestamp('07/01/2018', 'mm/dd/yyyy'),to_timestamp('07/07/2018', 'mm/dd/yyyy'));
--행 10
INSERT INTO PARK_REGIST_TB (PARK_NO, REGI_START, REGI_END) VALUES (11,to_timestamp('07/02/2018', 'mm/dd/yyyy'),to_timestamp('07/07/2018', 'mm/dd/yyyy'));
--행 11
INSERT INTO PARK_REGIST_TB (PARK_NO, REGI_START, REGI_END) VALUES (12,to_timestamp('07/03/2018', 'mm/dd/yyyy'),to_timestamp('07/07/2018', 'mm/dd/yyyy'));
--행 12
INSERT INTO PARK_REGIST_TB (PARK_NO, REGI_START, REGI_END) VALUES (13,to_timestamp('07/04/2018', 'mm/dd/yyyy'),to_timestamp('07/09/2018', 'mm/dd/yyyy'));
--행 13
INSERT INTO PARK_REGIST_TB (PARK_NO, REGI_START, REGI_END) VALUES (14,to_timestamp('07/05/2018', 'mm/dd/yyyy'),to_timestamp('07/10/2018', 'mm/dd/yyyy'));
--행 14
INSERT INTO PARK_REGIST_TB (PARK_NO, REGI_START, REGI_END) VALUES (15,to_timestamp('07/06/2018', 'mm/dd/yyyy'),to_timestamp('07/09/2018', 'mm/dd/yyyy'));
--행 15
INSERT INTO PARK_REGIST_TB (PARK_NO, REGI_START, REGI_END) VALUES (16,to_timestamp('07/07/2018', 'mm/dd/yyyy'),to_timestamp('07/12/2018', 'mm/dd/yyyy'));
--행 16
INSERT INTO PARK_REGIST_TB (PARK_NO, REGI_START, REGI_END) VALUES (17,to_timestamp('07/08/2018', 'mm/dd/yyyy'),to_timestamp('07/09/2018', 'mm/dd/yyyy'));
--행 17
INSERT INTO PARK_REGIST_TB (PARK_NO, REGI_START, REGI_END) VALUES (18,to_timestamp('07/09/2018', 'mm/dd/yyyy'),to_timestamp('07/14/2018', 'mm/dd/yyyy'));
--행 18
INSERT INTO PARK_REGIST_TB (PARK_NO, REGI_START, REGI_END) VALUES (19,to_timestamp('07/10/2018', 'mm/dd/yyyy'),to_timestamp('07/15/2018', 'mm/dd/yyyy'));
--행 19
INSERT INTO PARK_REGIST_TB (PARK_NO, REGI_START, REGI_END) VALUES (20,to_timestamp('07/11/2018', 'mm/dd/yyyy'),to_timestamp('07/16/2018', 'mm/dd/yyyy'));
--행 20
INSERT INTO PARK_REGIST_TB (PARK_NO, REGI_START, REGI_END) VALUES (21,to_timestamp('07/12/2018', 'mm/dd/yyyy'),to_timestamp('07/17/2018', 'mm/dd/yyyy'));
--행 21
INSERT INTO PARK_REGIST_TB (PARK_NO, REGI_START, REGI_END) VALUES (22,to_timestamp('07/13/2018', 'mm/dd/yyyy'),to_timestamp('07/18/2018', 'mm/dd/yyyy'));
--행 22
INSERT INTO PARK_REGIST_TB (PARK_NO, REGI_START, REGI_END) VALUES (23 ,to_timestamp('07/14/2018', 'mm/dd/yyyy'),to_timestamp('07/19/2018', 'mm/dd/yyyy'));
--행 23
INSERT INTO PARK_REGIST_TB (PARK_NO, REGI_START, REGI_END) VALUES (24 ,to_timestamp('07/15/2018', 'mm/dd/yyyy'),to_timestamp('07/20/2018', 'mm/dd/yyyy'));
--행 24
INSERT INTO PARK_REGIST_TB (PARK_NO, REGI_START, REGI_END) VALUES (25 ,to_timestamp('07/16/2018', 'mm/dd/yyyy'),to_timestamp('07/21/2018', 'mm/dd/yyyy'));
--행 25
INSERT INTO PARK_REGIST_TB (PARK_NO, REGI_START, REGI_END) VALUES (26 ,to_timestamp('07/17/2018', 'mm/dd/yyyy'),to_timestamp('07/22/2018', 'mm/dd/yyyy'));
--행 26
INSERT INTO PARK_REGIST_TB (PARK_NO, REGI_START, REGI_END) VALUES (27 ,to_timestamp('07/18/2018', 'mm/dd/yyyy'),to_timestamp('07/23/2018', 'mm/dd/yyyy'));
--행 27
INSERT INTO PARK_REGIST_TB (PARK_NO, REGI_START, REGI_END) VALUES (28 ,to_timestamp('07/19/2018', 'mm/dd/yyyy'),to_timestamp('07/24/2018', 'mm/dd/yyyy'));
--행 28
INSERT INTO PARK_REGIST_TB (PARK_NO, REGI_START, REGI_END) VALUES (29 ,to_timestamp('07/20/2018', 'mm/dd/yyyy'),to_timestamp('07/25/2018', 'mm/dd/yyyy'));
--행 29
INSERT INTO PARK_REGIST_TB (PARK_NO, REGI_START, REGI_END) VALUES (30 ,to_timestamp('07/21/2018', 'mm/dd/yyyy'),to_timestamp('07/26/2018', 'mm/dd/yyyy'));
--행 30
INSERT INTO PARK_REGIST_TB (PARK_NO, REGI_START, REGI_END) VALUES (31 ,to_timestamp('07/22/2018', 'mm/dd/yyyy'),to_timestamp('07/27/2018', 'mm/dd/yyyy'));
--행 31
INSERT INTO PARK_REGIST_TB (PARK_NO, REGI_START, REGI_END) VALUES (32 ,to_timestamp('07/23/2018', 'mm/dd/yyyy'),to_timestamp('07/28/2018', 'mm/dd/yyyy'));
--행 32
INSERT INTO PARK_REGIST_TB (PARK_NO, REGI_START, REGI_END) VALUES (33 ,to_timestamp('07/24/2018', 'mm/dd/yyyy'),to_timestamp('07/29/2018', 'mm/dd/yyyy'));
--행 33
INSERT INTO PARK_REGIST_TB (PARK_NO, REGI_START, REGI_END) VALUES (34 ,to_timestamp('07/25/2018', 'mm/dd/yyyy'),to_timestamp('07/30/2018', 'mm/dd/yyyy'));
--행 34
INSERT INTO PARK_REGIST_TB (PARK_NO, REGI_START, REGI_END) VALUES (35 ,to_timestamp('07/26/2018', 'mm/dd/yyyy'),to_timestamp('07/31/2018', 'mm/dd/yyyy'));
--행 35
INSERT INTO PARK_REGIST_TB (PARK_NO, REGI_START, REGI_END) VALUES (36 ,to_timestamp('07/27/2018', 'mm/dd/yyyy'),to_timestamp('08/01/2018', 'mm/dd/yyyy'));
--행 36
INSERT INTO PARK_REGIST_TB (PARK_NO, REGI_START, REGI_END) VALUES (37 ,to_timestamp('07/28/2018', 'mm/dd/yyyy'),to_timestamp('08/02/2018', 'mm/dd/yyyy'));
--행 37
INSERT INTO PARK_REGIST_TB (PARK_NO, REGI_START, REGI_END) VALUES (38 ,to_timestamp('07/29/2018', 'mm/dd/yyyy'),to_timestamp('08/03/2018', 'mm/dd/yyyy'));
--행 38
INSERT INTO PARK_REGIST_TB (PARK_NO, REGI_START, REGI_END) VALUES (39 ,to_timestamp('07/30/2018', 'mm/dd/yyyy'),to_timestamp('08/17/2018', 'mm/dd/yyyy'));
--행 39
INSERT INTO PARK_REGIST_TB (PARK_NO, REGI_START, REGI_END) VALUES (40 ,to_timestamp('07/31/2018', 'mm/dd/yyyy'),to_timestamp('08/05/2018', 'mm/dd/yyyy'));
--행 40
INSERT INTO PARK_REGIST_TB (PARK_NO, REGI_START, REGI_END) VALUES (41 ,to_timestamp('08/01/2018', 'mm/dd/yyyy'),to_timestamp('08/06/2018', 'mm/dd/yyyy'));
--행 41
INSERT INTO PARK_REGIST_TB (PARK_NO, REGI_START, REGI_END) VALUES (42 ,to_timestamp('08/02/2018', 'mm/dd/yyyy'),to_timestamp('08/17/2018', 'mm/dd/yyyy'));
--행 42
INSERT INTO PARK_REGIST_TB (PARK_NO, REGI_START, REGI_END) VALUES (43 ,to_timestamp('08/03/2018', 'mm/dd/yyyy'),to_timestamp('08/08/2018', 'mm/dd/yyyy'));
--행 43
INSERT INTO PARK_REGIST_TB (PARK_NO, REGI_START, REGI_END) VALUES (44 ,to_timestamp('08/04/2018', 'mm/dd/yyyy'),to_timestamp('08/09/2018', 'mm/dd/yyyy'));
--행 44
INSERT INTO PARK_REGIST_TB (PARK_NO, REGI_START, REGI_END) VALUES (45 ,to_timestamp('08/05/2018', 'mm/dd/yyyy'),to_timestamp('08/10/2018', 'mm/dd/yyyy'));
--행 45
INSERT INTO PARK_REGIST_TB (PARK_NO, REGI_START, REGI_END) VALUES (46 ,to_timestamp('08/06/2018', 'mm/dd/yyyy'),to_timestamp('08/11/2018', 'mm/dd/yyyy'));
--행 46
INSERT INTO PARK_REGIST_TB (PARK_NO, REGI_START, REGI_END) VALUES (47 ,to_timestamp('08/07/2018', 'mm/dd/yyyy'),to_timestamp('08/12/2018', 'mm/dd/yyyy'));
--행 47
INSERT INTO PARK_REGIST_TB (PARK_NO, REGI_START, REGI_END) VALUES (48 ,to_timestamp('08/08/2018', 'mm/dd/yyyy'),to_timestamp('08/13/2018', 'mm/dd/yyyy'));
--행 48
INSERT INTO PARK_REGIST_TB (PARK_NO, REGI_START, REGI_END) VALUES (49 ,to_timestamp('08/09/2018', 'mm/dd/yyyy'),to_timestamp('08/14/2018', 'mm/dd/yyyy'));
--행 49
INSERT INTO PARK_REGIST_TB (PARK_NO, REGI_START, REGI_END) VALUES (50 ,to_timestamp('08/10/2018', 'mm/dd/yyyy'),to_timestamp('08/15/2018', 'mm/dd/yyyy'));
--행 50
INSERT INTO PARK_REGIST_TB (PARK_NO, REGI_START, REGI_END) VALUES (51 ,to_timestamp('08/11/2018', 'mm/dd/yyyy'),to_timestamp('08/16/2018', 'mm/dd/yyyy'));

INSERT INTO PARK_REGIST_TB (PARK_NO, REGI_START, REGI_END) VALUES (51 ,to_timestamp('08/11/2018', 'MM/DD/YYYY'),to_timestamp('08/16/2018', 'MM/DD/YYYY'));
--행 2
INSERT INTO PARK_REGIST_TB (PARK_NO, REGI_START, REGI_END) VALUES (52 ,to_timestamp('08/12/2018', 'MM/DD/YYYY'),to_timestamp('08/17/2018', 'MM/DD/YYYY'));
--행 3
INSERT INTO PARK_REGIST_TB (PARK_NO, REGI_START, REGI_END) VALUES (53 ,to_timestamp('06/24/2018', 'MM/DD/YYYY'),to_timestamp('06/29/2018', 'MM/DD/YYYY'));
--행 4
INSERT INTO PARK_REGIST_TB (PARK_NO, REGI_START, REGI_END) VALUES (54 ,to_timestamp('06/24/2018', 'MM/DD/YYYY'),to_timestamp('06/30/2018', 'MM/DD/YYYY'));
--행 5
INSERT INTO PARK_REGIST_TB (PARK_NO, REGI_START, REGI_END) VALUES (55 ,to_timestamp('06/25/2018', 'MM/DD/YYYY'),to_timestamp('06/30/2018', 'MM/DD/YYYY'));
--행 6
INSERT INTO PARK_REGIST_TB (PARK_NO, REGI_START, REGI_END) VALUES (56 ,to_timestamp('06/26/2018', 'MM/DD/YYYY'),to_timestamp('07/07/2018', 'MM/DD/YYYY'));
--행 7
INSERT INTO PARK_REGIST_TB (PARK_NO, REGI_START, REGI_END) VALUES (57 ,to_timestamp('06/27/2018', 'MM/DD/YYYY'),to_timestamp('07/07/2018', 'MM/DD/YYYY'));
--행 8
INSERT INTO PARK_REGIST_TB (PARK_NO, REGI_START, REGI_END) VALUES (58 ,to_timestamp('06/28/2018', 'MM/DD/YYYY'),to_timestamp('07/07/2018', 'MM/DD/YYYY'));
--행 9
INSERT INTO PARK_REGIST_TB (PARK_NO, REGI_START, REGI_END) VALUES (59 ,to_timestamp('06/29/2018', 'MM/DD/YYYY'),to_timestamp('07/07/2018', 'MM/DD/YYYY'));
--행 10
INSERT INTO PARK_REGIST_TB (PARK_NO, REGI_START, REGI_END) VALUES (60 ,to_timestamp('06/30/2018', 'MM/DD/YYYY'),to_timestamp('07/07/2018', 'MM/DD/YYYY'));
--행 11
INSERT INTO PARK_REGIST_TB (PARK_NO, REGI_START, REGI_END) VALUES (61 ,to_timestamp('07/01/2018', 'MM/DD/YYYY'),to_timestamp('07/07/2018', 'MM/DD/YYYY'));
--행 12
INSERT INTO PARK_REGIST_TB (PARK_NO, REGI_START, REGI_END) VALUES (62 ,to_timestamp('07/02/2018', 'MM/DD/YYYY'),to_timestamp('07/07/2018', 'MM/DD/YYYY'));
--행 13
INSERT INTO PARK_REGIST_TB (PARK_NO, REGI_START, REGI_END) VALUES (63 ,to_timestamp('07/03/2018', 'MM/DD/YYYY'),to_timestamp('07/07/2018', 'MM/DD/YYYY'));
--행 14
INSERT INTO PARK_REGIST_TB (PARK_NO, REGI_START, REGI_END) VALUES (64 ,to_timestamp('07/04/2018', 'MM/DD/YYYY'),to_timestamp('07/09/2018', 'MM/DD/YYYY'));
--행 15
INSERT INTO PARK_REGIST_TB (PARK_NO, REGI_START, REGI_END) VALUES (65 ,to_timestamp('07/05/2018', 'MM/DD/YYYY'),to_timestamp('07/10/2018', 'MM/DD/YYYY'));
--행 16
INSERT INTO PARK_REGIST_TB (PARK_NO, REGI_START, REGI_END) VALUES (66 ,to_timestamp('07/06/2018', 'MM/DD/YYYY'),to_timestamp('07/09/2018', 'MM/DD/YYYY'));
--행 17
INSERT INTO PARK_REGIST_TB (PARK_NO, REGI_START, REGI_END) VALUES (67 ,to_timestamp('07/07/2018', 'MM/DD/YYYY'),to_timestamp('07/12/2018', 'MM/DD/YYYY'));
--행 18
INSERT INTO PARK_REGIST_TB (PARK_NO, REGI_START, REGI_END) VALUES (68 ,to_timestamp('07/08/2018', 'MM/DD/YYYY'),to_timestamp('07/09/2018', 'MM/DD/YYYY'));
--행 19
INSERT INTO PARK_REGIST_TB (PARK_NO, REGI_START, REGI_END) VALUES (69 ,to_timestamp('07/09/2018', 'MM/DD/YYYY'),to_timestamp('07/14/2018', 'MM/DD/YYYY'));
--행 20
INSERT INTO PARK_REGIST_TB (PARK_NO, REGI_START, REGI_END) VALUES (70 ,to_timestamp('07/10/2018', 'MM/DD/YYYY'),to_timestamp('07/15/2018', 'MM/DD/YYYY'));
--행 21
INSERT INTO PARK_REGIST_TB (PARK_NO, REGI_START, REGI_END) VALUES (71 ,to_timestamp('07/11/2018', 'MM/DD/YYYY'),to_timestamp('07/16/2018', 'MM/DD/YYYY'));
--행 22
INSERT INTO PARK_REGIST_TB (PARK_NO, REGI_START, REGI_END) VALUES (72 ,to_timestamp('07/12/2018', 'MM/DD/YYYY'),to_timestamp('07/17/2018', 'MM/DD/YYYY'));
--행 23
INSERT INTO PARK_REGIST_TB (PARK_NO, REGI_START, REGI_END) VALUES (73 ,to_timestamp('07/13/2018', 'MM/DD/YYYY'),to_timestamp('07/18/2018', 'MM/DD/YYYY'));
--행 24
INSERT INTO PARK_REGIST_TB (PARK_NO, REGI_START, REGI_END) VALUES (74 ,to_timestamp('07/14/2018', 'MM/DD/YYYY'),to_timestamp('07/19/2018', 'MM/DD/YYYY'));
--행 25
INSERT INTO PARK_REGIST_TB (PARK_NO, REGI_START, REGI_END) VALUES (75 ,to_timestamp('07/15/2018', 'MM/DD/YYYY'),to_timestamp('07/20/2018', 'MM/DD/YYYY'));
--행 26
INSERT INTO PARK_REGIST_TB (PARK_NO, REGI_START, REGI_END) VALUES (76 ,to_timestamp('07/16/2018', 'MM/DD/YYYY'),to_timestamp('07/21/2018', 'MM/DD/YYYY'));
--행 27
INSERT INTO PARK_REGIST_TB (PARK_NO, REGI_START, REGI_END) VALUES (77 ,to_timestamp('07/17/2018', 'MM/DD/YYYY'),to_timestamp('07/22/2018', 'MM/DD/YYYY'));
--행 28
INSERT INTO PARK_REGIST_TB (PARK_NO, REGI_START, REGI_END) VALUES (78 ,to_timestamp('07/18/2018', 'MM/DD/YYYY'),to_timestamp('07/23/2018', 'MM/DD/YYYY'));
--행 29
INSERT INTO PARK_REGIST_TB (PARK_NO, REGI_START, REGI_END) VALUES (79 ,to_timestamp('07/19/2018', 'MM/DD/YYYY'),to_timestamp('07/24/2018', 'MM/DD/YYYY'));
--행 30
INSERT INTO PARK_REGIST_TB (PARK_NO, REGI_START, REGI_END) VALUES (80 ,to_timestamp('07/20/2018', 'MM/DD/YYYY'),to_timestamp('07/25/2018', 'MM/DD/YYYY'));
--행 31
INSERT INTO PARK_REGIST_TB (PARK_NO, REGI_START, REGI_END) VALUES (81 ,to_timestamp('07/21/2018', 'MM/DD/YYYY'),to_timestamp('07/26/2018', 'MM/DD/YYYY'));
--행 32
INSERT INTO PARK_REGIST_TB (PARK_NO, REGI_START, REGI_END) VALUES (82 ,to_timestamp('07/22/2018', 'MM/DD/YYYY'),to_timestamp('07/27/2018', 'MM/DD/YYYY'));
--행 33
INSERT INTO PARK_REGIST_TB (PARK_NO, REGI_START, REGI_END) VALUES (83 ,to_timestamp('07/23/2018', 'MM/DD/YYYY'),to_timestamp('07/28/2018', 'MM/DD/YYYY'));
--행 34
INSERT INTO PARK_REGIST_TB (PARK_NO, REGI_START, REGI_END) VALUES (84 ,to_timestamp('07/24/2018', 'MM/DD/YYYY'),to_timestamp('07/29/2018', 'MM/DD/YYYY'));
--행 35
INSERT INTO PARK_REGIST_TB (PARK_NO, REGI_START, REGI_END) VALUES (85 ,to_timestamp('07/25/2018', 'MM/DD/YYYY'),to_timestamp('07/30/2018', 'MM/DD/YYYY'));
--행 36
INSERT INTO PARK_REGIST_TB (PARK_NO, REGI_START, REGI_END) VALUES (86 ,to_timestamp('07/26/2018', 'MM/DD/YYYY'),to_timestamp('07/31/2018', 'MM/DD/YYYY'));
--행 37
INSERT INTO PARK_REGIST_TB (PARK_NO, REGI_START, REGI_END) VALUES (87 ,to_timestamp('07/27/2018', 'MM/DD/YYYY'),to_timestamp('08/01/2018', 'MM/DD/YYYY'));
--행 38
INSERT INTO PARK_REGIST_TB (PARK_NO, REGI_START, REGI_END) VALUES (88 ,to_timestamp('07/28/2018', 'MM/DD/YYYY'),to_timestamp('08/02/2018', 'MM/DD/YYYY'));
--행 39
INSERT INTO PARK_REGIST_TB (PARK_NO, REGI_START, REGI_END) VALUES (89 ,to_timestamp('07/29/2018', 'MM/DD/YYYY'),to_timestamp('08/03/2018', 'MM/DD/YYYY'));
--행 40
INSERT INTO PARK_REGIST_TB (PARK_NO, REGI_START, REGI_END) VALUES (90 ,to_timestamp('07/30/2018', 'MM/DD/YYYY'),to_timestamp('08/17/2018', 'MM/DD/YYYY'));
--행 41
INSERT INTO PARK_REGIST_TB (PARK_NO, REGI_START, REGI_END) VALUES (91 ,to_timestamp('07/31/2018', 'MM/DD/YYYY'),to_timestamp('08/05/2018', 'MM/DD/YYYY'));
--행 42
INSERT INTO PARK_REGIST_TB (PARK_NO, REGI_START, REGI_END) VALUES (92 ,to_timestamp('08/01/2018', 'MM/DD/YYYY'),to_timestamp('08/06/2018', 'MM/DD/YYYY'));
--행 43
INSERT INTO PARK_REGIST_TB (PARK_NO, REGI_START, REGI_END) VALUES (93 ,to_timestamp('08/02/2018', 'MM/DD/YYYY'),to_timestamp('08/17/2018', 'MM/DD/YYYY'));
--행 44
INSERT INTO PARK_REGIST_TB (PARK_NO, REGI_START, REGI_END) VALUES (94 ,to_timestamp('08/03/2018', 'MM/DD/YYYY'),to_timestamp('08/08/2018', 'MM/DD/YYYY'));
--행 45
INSERT INTO PARK_REGIST_TB (PARK_NO, REGI_START, REGI_END) VALUES (95 ,to_timestamp('08/04/2018', 'MM/DD/YYYY'),to_timestamp('08/09/2018', 'MM/DD/YYYY'));
--행 46
INSERT INTO PARK_REGIST_TB (PARK_NO, REGI_START, REGI_END) VALUES (96 ,to_timestamp('08/05/2018', 'MM/DD/YYYY'),to_timestamp('08/10/2018', 'MM/DD/YYYY'));
--행 47
INSERT INTO PARK_REGIST_TB (PARK_NO, REGI_START, REGI_END) VALUES (97 ,to_timestamp('08/06/2018', 'MM/DD/YYYY'),to_timestamp('08/11/2018', 'MM/DD/YYYY'));
--행 48
INSERT INTO PARK_REGIST_TB (PARK_NO, REGI_START, REGI_END) VALUES (98 ,to_timestamp('08/07/2018', 'MM/DD/YYYY'),to_timestamp('08/12/2018', 'MM/DD/YYYY'));
--행 49
INSERT INTO PARK_REGIST_TB (PARK_NO, REGI_START, REGI_END) VALUES (99 ,to_timestamp('08/08/2018', 'MM/DD/YYYY'),to_timestamp('08/13/2018', 'MM/DD/YYYY'));
--행 50
INSERT INTO PARK_REGIST_TB (PARK_NO, REGI_START, REGI_END) VALUES (100 ,to_timestamp('08/09/2018', 'MM/DD/YYYY'),to_timestamp('08/14/2018', 'MM/DD/YYYY'));

INSERT INTO PARK_REGIST_TB (PARK_NO, REGI_START, REGI_END) VALUES (101 ,to_timestamp('08/10/2018', 'MM/DD/YYYY'),to_timestamp('08/15/2018', 'MM/DD/YYYY'));
--행 2
INSERT INTO PARK_REGIST_TB (PARK_NO, REGI_START, REGI_END) VALUES (102 ,to_timestamp('08/11/2018', 'MM/DD/YYYY'),to_timestamp('08/16/2018', 'MM/DD/YYYY'));
--행 3
INSERT INTO PARK_REGIST_TB (PARK_NO, REGI_START, REGI_END) VALUES (103 ,to_timestamp('08/12/2018', 'MM/DD/YYYY'),to_timestamp('08/17/2018', 'MM/DD/YYYY'));
--행 4
INSERT INTO PARK_REGIST_TB (PARK_NO, REGI_START, REGI_END) VALUES (104 ,to_timestamp('06/24/2018', 'MM/DD/YYYY'),to_timestamp('06/29/2018', 'MM/DD/YYYY'));
--행 5
INSERT INTO PARK_REGIST_TB (PARK_NO, REGI_START, REGI_END) VALUES (105 ,to_timestamp('06/24/2018', 'MM/DD/YYYY'),to_timestamp('06/30/2018', 'MM/DD/YYYY'));
--행 6
INSERT INTO PARK_REGIST_TB (PARK_NO, REGI_START, REGI_END) VALUES (106 ,to_timestamp('06/25/2018', 'MM/DD/YYYY'),to_timestamp('06/30/2018', 'MM/DD/YYYY'));
--행 7
INSERT INTO PARK_REGIST_TB (PARK_NO, REGI_START, REGI_END) VALUES (107 ,to_timestamp('06/26/2018', 'MM/DD/YYYY'),to_timestamp('07/07/2018', 'MM/DD/YYYY'));
--행 8
INSERT INTO PARK_REGIST_TB (PARK_NO, REGI_START, REGI_END) VALUES (108 ,to_timestamp('06/27/2018', 'MM/DD/YYYY'),to_timestamp('07/07/2018', 'MM/DD/YYYY'));
--행 9
INSERT INTO PARK_REGIST_TB (PARK_NO, REGI_START, REGI_END) VALUES (109 ,to_timestamp('06/28/2018', 'MM/DD/YYYY'),to_timestamp('07/07/2018', 'MM/DD/YYYY'));
--행 10
INSERT INTO PARK_REGIST_TB (PARK_NO, REGI_START, REGI_END) VALUES (110 ,to_timestamp('06/29/2018', 'MM/DD/YYYY'),to_timestamp('07/07/2018', 'MM/DD/YYYY'));
--행 11
INSERT INTO PARK_REGIST_TB (PARK_NO, REGI_START, REGI_END) VALUES (111 ,to_timestamp('06/30/2018', 'MM/DD/YYYY'),to_timestamp('07/07/2018', 'MM/DD/YYYY'));
--행 12
INSERT INTO PARK_REGIST_TB (PARK_NO, REGI_START, REGI_END) VALUES (112 ,to_timestamp('07/01/2018', 'MM/DD/YYYY'),to_timestamp('07/07/2018', 'MM/DD/YYYY'));
--행 13
INSERT INTO PARK_REGIST_TB (PARK_NO, REGI_START, REGI_END) VALUES (113 ,to_timestamp('07/02/2018', 'MM/DD/YYYY'),to_timestamp('07/07/2018', 'MM/DD/YYYY'));
--행 14
INSERT INTO PARK_REGIST_TB (PARK_NO, REGI_START, REGI_END) VALUES (114 ,to_timestamp('07/03/2018', 'MM/DD/YYYY'),to_timestamp('07/07/2018', 'MM/DD/YYYY'));
--행 15
INSERT INTO PARK_REGIST_TB (PARK_NO, REGI_START, REGI_END) VALUES (115 ,to_timestamp('07/04/2018', 'MM/DD/YYYY'),to_timestamp('07/09/2018', 'MM/DD/YYYY'));
--행 16
INSERT INTO PARK_REGIST_TB (PARK_NO, REGI_START, REGI_END) VALUES (116 ,to_timestamp('07/05/2018', 'MM/DD/YYYY'),to_timestamp('07/10/2018', 'MM/DD/YYYY'));
--행 17
INSERT INTO PARK_REGIST_TB (PARK_NO, REGI_START, REGI_END) VALUES (117 ,to_timestamp('07/06/2018', 'MM/DD/YYYY'),to_timestamp('07/09/2018', 'MM/DD/YYYY'));
--행 18
INSERT INTO PARK_REGIST_TB (PARK_NO, REGI_START, REGI_END) VALUES (118 ,to_timestamp('07/07/2018', 'MM/DD/YYYY'),to_timestamp('07/12/2018', 'MM/DD/YYYY'));
--행 19
INSERT INTO PARK_REGIST_TB (PARK_NO, REGI_START, REGI_END) VALUES (119 ,to_timestamp('07/08/2018', 'MM/DD/YYYY'),to_timestamp('07/09/2018', 'MM/DD/YYYY'));
--행 20
INSERT INTO PARK_REGIST_TB (PARK_NO, REGI_START, REGI_END) VALUES (120 ,to_timestamp('07/09/2018', 'MM/DD/YYYY'),to_timestamp('07/14/2018', 'MM/DD/YYYY'));
--행 21
INSERT INTO PARK_REGIST_TB (PARK_NO, REGI_START, REGI_END) VALUES (121 ,to_timestamp('07/10/2018', 'MM/DD/YYYY'),to_timestamp('07/15/2018', 'MM/DD/YYYY'));
--행 22
INSERT INTO PARK_REGIST_TB (PARK_NO, REGI_START, REGI_END) VALUES (122 ,to_timestamp('07/11/2018', 'MM/DD/YYYY'),to_timestamp('07/16/2018', 'MM/DD/YYYY'));
--행 23
INSERT INTO PARK_REGIST_TB (PARK_NO, REGI_START, REGI_END) VALUES (123 ,to_timestamp('07/12/2018', 'MM/DD/YYYY'),to_timestamp('07/17/2018', 'MM/DD/YYYY'));
--행 24
INSERT INTO PARK_REGIST_TB (PARK_NO, REGI_START, REGI_END) VALUES (124 ,to_timestamp('07/13/2018', 'MM/DD/YYYY'),to_timestamp('07/18/2018', 'MM/DD/YYYY'));
--행 25
INSERT INTO PARK_REGIST_TB (PARK_NO, REGI_START, REGI_END) VALUES (125 ,to_timestamp('07/14/2018', 'MM/DD/YYYY'),to_timestamp('07/19/2018', 'MM/DD/YYYY'));
--행 26
INSERT INTO PARK_REGIST_TB (PARK_NO, REGI_START, REGI_END) VALUES (126 ,to_timestamp('07/15/2018', 'MM/DD/YYYY'),to_timestamp('07/20/2018', 'MM/DD/YYYY'));
--행 27
INSERT INTO PARK_REGIST_TB (PARK_NO, REGI_START, REGI_END) VALUES (127 ,to_timestamp('07/16/2018', 'MM/DD/YYYY'),to_timestamp('07/21/2018', 'MM/DD/YYYY'));
--행 28
INSERT INTO PARK_REGIST_TB (PARK_NO, REGI_START, REGI_END) VALUES (128 ,to_timestamp('07/17/2018', 'MM/DD/YYYY'),to_timestamp('07/22/2018', 'MM/DD/YYYY'));
--행 29
INSERT INTO PARK_REGIST_TB (PARK_NO, REGI_START, REGI_END) VALUES (129 ,to_timestamp('07/18/2018', 'MM/DD/YYYY'),to_timestamp('07/23/2018', 'MM/DD/YYYY'));
--행 30
INSERT INTO PARK_REGIST_TB (PARK_NO, REGI_START, REGI_END) VALUES (130 ,to_timestamp('07/19/2018', 'MM/DD/YYYY'),to_timestamp('07/24/2018', 'MM/DD/YYYY'));
--행 31
INSERT INTO PARK_REGIST_TB (PARK_NO, REGI_START, REGI_END) VALUES (131 ,to_timestamp('07/20/2018', 'MM/DD/YYYY'),to_timestamp('07/25/2018', 'MM/DD/YYYY'));
--행 32
INSERT INTO PARK_REGIST_TB (PARK_NO, REGI_START, REGI_END) VALUES (132 ,to_timestamp('07/21/2018', 'MM/DD/YYYY'),to_timestamp('07/26/2018', 'MM/DD/YYYY'));
--행 33
INSERT INTO PARK_REGIST_TB (PARK_NO, REGI_START, REGI_END) VALUES (133 ,to_timestamp('07/22/2018', 'MM/DD/YYYY'),to_timestamp('07/27/2018', 'MM/DD/YYYY'));
--행 34
INSERT INTO PARK_REGIST_TB (PARK_NO, REGI_START, REGI_END) VALUES (134 ,to_timestamp('07/23/2018', 'MM/DD/YYYY'),to_timestamp('07/28/2018', 'MM/DD/YYYY'));
--행 35
INSERT INTO PARK_REGIST_TB (PARK_NO, REGI_START, REGI_END) VALUES (135 ,to_timestamp('07/24/2018', 'MM/DD/YYYY'),to_timestamp('07/29/2018', 'MM/DD/YYYY'));
--행 36
INSERT INTO PARK_REGIST_TB (PARK_NO, REGI_START, REGI_END) VALUES (136 ,to_timestamp('07/25/2018', 'MM/DD/YYYY'),to_timestamp('07/30/2018', 'MM/DD/YYYY'));
--행 37
INSERT INTO PARK_REGIST_TB (PARK_NO, REGI_START, REGI_END) VALUES (137 ,to_timestamp('07/26/2018', 'MM/DD/YYYY'),to_timestamp('07/31/2018', 'MM/DD/YYYY'));
--행 38
INSERT INTO PARK_REGIST_TB (PARK_NO, REGI_START, REGI_END) VALUES (138 ,to_timestamp('07/27/2018', 'MM/DD/YYYY'),to_timestamp('08/01/2018', 'MM/DD/YYYY'));
--행 39
INSERT INTO PARK_REGIST_TB (PARK_NO, REGI_START, REGI_END) VALUES (139 ,to_timestamp('07/28/2018', 'MM/DD/YYYY'),to_timestamp('08/02/2018', 'MM/DD/YYYY'));
--행 40
INSERT INTO PARK_REGIST_TB (PARK_NO, REGI_START, REGI_END) VALUES (140 ,to_timestamp('07/29/2018', 'MM/DD/YYYY'),to_timestamp('08/03/2018', 'MM/DD/YYYY'));
--행 41
INSERT INTO PARK_REGIST_TB (PARK_NO, REGI_START, REGI_END) VALUES (141 ,to_timestamp('07/30/2018', 'MM/DD/YYYY'),to_timestamp('08/17/2018', 'MM/DD/YYYY'));
--행 42
INSERT INTO PARK_REGIST_TB (PARK_NO, REGI_START, REGI_END) VALUES (142 ,to_timestamp('07/31/2018', 'MM/DD/YYYY'),to_timestamp('08/05/2018', 'MM/DD/YYYY'));
--행 43
INSERT INTO PARK_REGIST_TB (PARK_NO, REGI_START, REGI_END) VALUES (143 ,to_timestamp('08/01/2018', 'MM/DD/YYYY'),to_timestamp('08/06/2018', 'MM/DD/YYYY'));
--행 44
INSERT INTO PARK_REGIST_TB (PARK_NO, REGI_START, REGI_END) VALUES (144 ,to_timestamp('08/02/2018', 'MM/DD/YYYY'),to_timestamp('08/17/2018', 'MM/DD/YYYY'));
--행 45
INSERT INTO PARK_REGIST_TB (PARK_NO, REGI_START, REGI_END) VALUES (145 ,to_timestamp('08/03/2018', 'MM/DD/YYYY'),to_timestamp('08/08/2018', 'MM/DD/YYYY'));
--행 46
INSERT INTO PARK_REGIST_TB (PARK_NO, REGI_START, REGI_END) VALUES (146 ,to_timestamp('08/04/2018', 'MM/DD/YYYY'),to_timestamp('08/09/2018', 'MM/DD/YYYY'));
--행 47
INSERT INTO PARK_REGIST_TB (PARK_NO, REGI_START, REGI_END) VALUES (147 ,to_timestamp('08/05/2018', 'MM/DD/YYYY'),to_timestamp('08/10/2018', 'MM/DD/YYYY'));
--행 48
INSERT INTO PARK_REGIST_TB (PARK_NO, REGI_START, REGI_END) VALUES (148 ,to_timestamp('08/06/2018', 'MM/DD/YYYY'),to_timestamp('08/11/2018', 'MM/DD/YYYY'));

INSERT INTO PARK_REGIST_TB (PARK_NO, REGI_START, REGI_END) VALUES (149 ,to_timestamp('08/07/2018', 'MM/DD/YYYY'),to_timestamp('08/12/2018', 'MM/DD/YYYY'));
--행 51
INSERT INTO PARK_REGIST_TB (PARK_NO, REGI_START, REGI_END) VALUES (150 ,to_timestamp('08/08/2018', 'MM/DD/YYYY'),to_timestamp('08/13/2018', 'MM/DD/YYYY'));
--행 52
INSERT INTO PARK_REGIST_TB (PARK_NO, REGI_START, REGI_END) VALUES (151 ,to_timestamp('08/09/2018', 'MM/DD/YYYY'),to_timestamp('08/14/2018', 'MM/DD/YYYY'));
--행 53
INSERT INTO PARK_REGIST_TB (PARK_NO, REGI_START, REGI_END) VALUES (152 ,to_timestamp('08/10/2018', 'MM/DD/YYYY'),to_timestamp('08/15/2018', 'MM/DD/YYYY'));
--행 54
INSERT INTO PARK_REGIST_TB (PARK_NO, REGI_START, REGI_END) VALUES (153 ,to_timestamp('08/11/2018', 'MM/DD/YYYY'),to_timestamp('08/16/2018', 'MM/DD/YYYY'));
--행 55
INSERT INTO PARK_REGIST_TB (PARK_NO, REGI_START, REGI_END) VALUES (154 ,to_timestamp('08/12/2018', 'MM/DD/YYYY'),to_timestamp('08/17/2018', 'MM/DD/YYYY'));
--행 56
INSERT INTO PARK_REGIST_TB (PARK_NO, REGI_START, REGI_END) VALUES (155 ,to_timestamp('06/24/2018', 'MM/DD/YYYY'),to_timestamp('06/29/2018', 'MM/DD/YYYY'));
--행 57
INSERT INTO PARK_REGIST_TB (PARK_NO, REGI_START, REGI_END) VALUES (156 ,to_timestamp('06/24/2018', 'MM/DD/YYYY'),to_timestamp('06/30/2018', 'MM/DD/YYYY'));
--행 58
INSERT INTO PARK_REGIST_TB (PARK_NO, REGI_START, REGI_END) VALUES (157 ,to_timestamp('06/25/2018', 'MM/DD/YYYY'),to_timestamp('06/30/2018', 'MM/DD/YYYY'));
--행 59
INSERT INTO PARK_REGIST_TB (PARK_NO, REGI_START, REGI_END) VALUES (158 ,to_timestamp('06/26/2018', 'MM/DD/YYYY'),to_timestamp('07/07/2018', 'MM/DD/YYYY'));
--행 60
INSERT INTO PARK_REGIST_TB (PARK_NO, REGI_START, REGI_END) VALUES (159 ,to_timestamp('06/27/2018', 'MM/DD/YYYY'),to_timestamp('07/07/2018', 'MM/DD/YYYY'));
--행 61
INSERT INTO PARK_REGIST_TB (PARK_NO, REGI_START, REGI_END) VALUES (160 ,to_timestamp('06/28/2018', 'MM/DD/YYYY'),to_timestamp('07/07/2018', 'MM/DD/YYYY'));
--행 62
INSERT INTO PARK_REGIST_TB (PARK_NO, REGI_START, REGI_END) VALUES (161 ,to_timestamp('06/29/2018', 'MM/DD/YYYY'),to_timestamp('07/07/2018', 'MM/DD/YYYY'));
--행 63
INSERT INTO PARK_REGIST_TB (PARK_NO, REGI_START, REGI_END) VALUES (162 ,to_timestamp('06/30/2018', 'MM/DD/YYYY'),to_timestamp('07/07/2018', 'MM/DD/YYYY'));
--행 64
INSERT INTO PARK_REGIST_TB (PARK_NO, REGI_START, REGI_END) VALUES (163 ,to_timestamp('07/01/2018', 'MM/DD/YYYY'),to_timestamp('07/07/2018', 'MM/DD/YYYY'));
--행 65
INSERT INTO PARK_REGIST_TB (PARK_NO, REGI_START, REGI_END) VALUES (164 ,to_timestamp('07/02/2018', 'MM/DD/YYYY'),to_timestamp('07/07/2018', 'MM/DD/YYYY'));
--행 66
INSERT INTO PARK_REGIST_TB (PARK_NO, REGI_START, REGI_END) VALUES (165 ,to_timestamp('07/03/2018', 'MM/DD/YYYY'),to_timestamp('07/07/2018', 'MM/DD/YYYY'));
--행 67
INSERT INTO PARK_REGIST_TB (PARK_NO, REGI_START, REGI_END) VALUES (166 ,to_timestamp('07/04/2018', 'MM/DD/YYYY'),to_timestamp('07/09/2018', 'MM/DD/YYYY'));
--행 68
INSERT INTO PARK_REGIST_TB (PARK_NO, REGI_START, REGI_END) VALUES (167 ,to_timestamp('07/05/2018', 'MM/DD/YYYY'),to_timestamp('07/10/2018', 'MM/DD/YYYY'));
--행 69
INSERT INTO PARK_REGIST_TB (PARK_NO, REGI_START, REGI_END) VALUES (168 ,to_timestamp('07/06/2018', 'MM/DD/YYYY'),to_timestamp('07/09/2018', 'MM/DD/YYYY'));
--행 70
INSERT INTO PARK_REGIST_TB (PARK_NO, REGI_START, REGI_END) VALUES (169 ,to_timestamp('07/07/2018', 'MM/DD/YYYY'),to_timestamp('07/12/2018', 'MM/DD/YYYY'));
--행 71
INSERT INTO PARK_REGIST_TB (PARK_NO, REGI_START, REGI_END) VALUES (170 ,to_timestamp('07/08/2018', 'MM/DD/YYYY'),to_timestamp('07/09/2018', 'MM/DD/YYYY'));
--행 72
INSERT INTO PARK_REGIST_TB (PARK_NO, REGI_START, REGI_END) VALUES (171 ,to_timestamp('07/09/2018', 'MM/DD/YYYY'),to_timestamp('07/14/2018', 'MM/DD/YYYY'));
--행 73
INSERT INTO PARK_REGIST_TB (PARK_NO, REGI_START, REGI_END) VALUES (172 ,to_timestamp('07/10/2018', 'MM/DD/YYYY'),to_timestamp('07/15/2018', 'MM/DD/YYYY'));
--행 74
INSERT INTO PARK_REGIST_TB (PARK_NO, REGI_START, REGI_END) VALUES (173 ,to_timestamp('07/11/2018', 'MM/DD/YYYY'),to_timestamp('07/16/2018', 'MM/DD/YYYY'));
--행 75
INSERT INTO PARK_REGIST_TB (PARK_NO, REGI_START, REGI_END) VALUES (174 ,to_timestamp('07/12/2018', 'MM/DD/YYYY'),to_timestamp('07/17/2018', 'MM/DD/YYYY'));
--행 76
INSERT INTO PARK_REGIST_TB (PARK_NO, REGI_START, REGI_END) VALUES (175 ,to_timestamp('07/13/2018', 'MM/DD/YYYY'),to_timestamp('07/18/2018', 'MM/DD/YYYY'));
--행 77
INSERT INTO PARK_REGIST_TB (PARK_NO, REGI_START, REGI_END) VALUES (176 ,to_timestamp('07/14/2018', 'MM/DD/YYYY'),to_timestamp('07/19/2018', 'MM/DD/YYYY'));
--행 78
INSERT INTO PARK_REGIST_TB (PARK_NO, REGI_START, REGI_END) VALUES (177 ,to_timestamp('07/15/2018', 'MM/DD/YYYY'),to_timestamp('07/20/2018', 'MM/DD/YYYY'));
--행 79
INSERT INTO PARK_REGIST_TB (PARK_NO, REGI_START, REGI_END) VALUES (178 ,to_timestamp('07/16/2018', 'MM/DD/YYYY'),to_timestamp('07/21/2018', 'MM/DD/YYYY'));
--행 80
INSERT INTO PARK_REGIST_TB (PARK_NO, REGI_START, REGI_END) VALUES (179 ,to_timestamp('07/17/2018', 'MM/DD/YYYY'),to_timestamp('07/22/2018', 'MM/DD/YYYY'));
--행 81
INSERT INTO PARK_REGIST_TB (PARK_NO, REGI_START, REGI_END) VALUES (180 ,to_timestamp('07/18/2018', 'MM/DD/YYYY'),to_timestamp('07/23/2018', 'MM/DD/YYYY'));
--행 82
INSERT INTO PARK_REGIST_TB (PARK_NO, REGI_START, REGI_END) VALUES (181 ,to_timestamp('07/19/2018', 'MM/DD/YYYY'),to_timestamp('07/24/2018', 'MM/DD/YYYY'));
--행 83
INSERT INTO PARK_REGIST_TB (PARK_NO, REGI_START, REGI_END) VALUES (182 ,to_timestamp('07/20/2018', 'MM/DD/YYYY'),to_timestamp('07/25/2018', 'MM/DD/YYYY'));
--행 84
INSERT INTO PARK_REGIST_TB (PARK_NO, REGI_START, REGI_END) VALUES (183 ,to_timestamp('07/21/2018', 'MM/DD/YYYY'),to_timestamp('07/26/2018', 'MM/DD/YYYY'));
--행 85
INSERT INTO PARK_REGIST_TB (PARK_NO, REGI_START, REGI_END) VALUES (184 ,to_timestamp('07/22/2018', 'MM/DD/YYYY'),to_timestamp('07/27/2018', 'MM/DD/YYYY'));
--행 86
INSERT INTO PARK_REGIST_TB (PARK_NO, REGI_START, REGI_END) VALUES (185 ,to_timestamp('07/23/2018', 'MM/DD/YYYY'),to_timestamp('07/28/2018', 'MM/DD/YYYY'));
--행 87
INSERT INTO PARK_REGIST_TB (PARK_NO, REGI_START, REGI_END) VALUES (186 ,to_timestamp('07/24/2018', 'MM/DD/YYYY'),to_timestamp('07/29/2018', 'MM/DD/YYYY'));
--행 88
INSERT INTO PARK_REGIST_TB (PARK_NO, REGI_START, REGI_END) VALUES (187 ,to_timestamp('07/25/2018', 'MM/DD/YYYY'),to_timestamp('07/30/2018', 'MM/DD/YYYY'));
--행 89
INSERT INTO PARK_REGIST_TB (PARK_NO, REGI_START, REGI_END) VALUES (188 ,to_timestamp('07/26/2018', 'MM/DD/YYYY'),to_timestamp('07/31/2018', 'MM/DD/YYYY'));
--행 90
INSERT INTO PARK_REGIST_TB (PARK_NO, REGI_START, REGI_END) VALUES (189 ,to_timestamp('07/27/2018', 'MM/DD/YYYY'),to_timestamp('08/01/2018', 'MM/DD/YYYY'));
--행 91
INSERT INTO PARK_REGIST_TB (PARK_NO, REGI_START, REGI_END) VALUES (190 ,to_timestamp('07/28/2018', 'MM/DD/YYYY'),to_timestamp('08/02/2018', 'MM/DD/YYYY'));
--행 92
INSERT INTO PARK_REGIST_TB (PARK_NO, REGI_START, REGI_END) VALUES (191 ,to_timestamp('07/29/2018', 'MM/DD/YYYY'),to_timestamp('08/03/2018', 'MM/DD/YYYY'));
--행 93
INSERT INTO PARK_REGIST_TB (PARK_NO, REGI_START, REGI_END) VALUES (192 ,to_timestamp('07/30/2018', 'MM/DD/YYYY'),to_timestamp('08/17/2018', 'MM/DD/YYYY'));
--행 94
INSERT INTO PARK_REGIST_TB (PARK_NO, REGI_START, REGI_END) VALUES (193 ,to_timestamp('07/31/2018', 'MM/DD/YYYY'),to_timestamp('08/05/2018', 'MM/DD/YYYY'));
--행 95
INSERT INTO PARK_REGIST_TB (PARK_NO, REGI_START, REGI_END) VALUES (194 ,to_timestamp('08/01/2018', 'MM/DD/YYYY'),to_timestamp('08/06/2018', 'MM/DD/YYYY'));
--행 96
INSERT INTO PARK_REGIST_TB (PARK_NO, REGI_START, REGI_END) VALUES (195 ,to_timestamp('08/02/2018', 'MM/DD/YYYY'),to_timestamp('08/17/2018', 'MM/DD/YYYY'));
--행 97
INSERT INTO PARK_REGIST_TB (PARK_NO, REGI_START, REGI_END) VALUES (196 ,to_timestamp('08/03/2018', 'MM/DD/YYYY'),to_timestamp('08/08/2018', 'MM/DD/YYYY'));

INSERT INTO PARK_REGIST_TB (PARK_NO, REGI_START, REGI_END) VALUES (197 ,to_timestamp('08/04/2018', 'MM/DD/YYYY'),to_timestamp('08/09/2018', 'MM/DD/YYYY'));
--행 100
INSERT INTO PARK_REGIST_TB (PARK_NO, REGI_START, REGI_END) VALUES (198 ,to_timestamp('08/05/2018', 'MM/DD/YYYY'),to_timestamp('08/10/2018', 'MM/DD/YYYY'));
--행 101
INSERT INTO PARK_REGIST_TB (PARK_NO, REGI_START, REGI_END) VALUES (199 ,to_timestamp('08/06/2018', 'MM/DD/YYYY'),to_timestamp('08/11/2018', 'MM/DD/YYYY'));
--행 102
INSERT INTO PARK_REGIST_TB (PARK_NO, REGI_START, REGI_END) VALUES (200 ,to_timestamp('08/07/2018', 'MM/DD/YYYY'),to_timestamp('08/12/2018', 'MM/DD/YYYY'));

--행 1
INSERT INTO CAR_TYPE_TB (PARK_NO, CAR_TYPE, MAX_CAR) VALUES (2 ,'소형',5 );
--행 2
INSERT INTO CAR_TYPE_TB (PARK_NO, CAR_TYPE, MAX_CAR) VALUES (2 ,'중형',2 );
--행 3
INSERT INTO CAR_TYPE_TB (PARK_NO, CAR_TYPE, MAX_CAR) VALUES (2 ,'대형',3 );
--행 4
INSERT INTO CAR_TYPE_TB (PARK_NO, CAR_TYPE, MAX_CAR) VALUES (3 ,'중형',4 );
--행 5
INSERT INTO CAR_TYPE_TB (PARK_NO, CAR_TYPE, MAX_CAR) VALUES (3 ,'대형',5 );
--행 6
INSERT INTO CAR_TYPE_TB (PARK_NO, CAR_TYPE, MAX_CAR) VALUES (4 ,'소형',2 );
--행 7
INSERT INTO CAR_TYPE_TB (PARK_NO, CAR_TYPE, MAX_CAR) VALUES (4 ,'중형',1 );
--행 8
INSERT INTO CAR_TYPE_TB (PARK_NO, CAR_TYPE, MAX_CAR) VALUES (4 ,'대형',3 );
--행 9
INSERT INTO CAR_TYPE_TB (PARK_NO, CAR_TYPE, MAX_CAR) VALUES (5 ,'중형',4 );
--행 10
INSERT INTO CAR_TYPE_TB (PARK_NO, CAR_TYPE, MAX_CAR) VALUES (6 ,'대형',3 );
--행 11
INSERT INTO CAR_TYPE_TB (PARK_NO, CAR_TYPE, MAX_CAR) VALUES (7 ,'소형',3 );
--행 12
INSERT INTO CAR_TYPE_TB (PARK_NO, CAR_TYPE, MAX_CAR) VALUES (7 ,'중형',3 );
--행 13
INSERT INTO CAR_TYPE_TB (PARK_NO, CAR_TYPE, MAX_CAR) VALUES (8 ,'대형',2 );
--행 14
INSERT INTO CAR_TYPE_TB (PARK_NO, CAR_TYPE, MAX_CAR) VALUES (9 ,'중형',1 );
--행 15
INSERT INTO CAR_TYPE_TB (PARK_NO, CAR_TYPE, MAX_CAR) VALUES (10 ,'대형',2 );
--행 16
INSERT INTO CAR_TYPE_TB (PARK_NO, CAR_TYPE, MAX_CAR) VALUES (11 ,'소형',6 );
--행 17
INSERT INTO CAR_TYPE_TB (PARK_NO, CAR_TYPE, MAX_CAR) VALUES (11 ,'중형',4 );
--행 18
INSERT INTO CAR_TYPE_TB (PARK_NO, CAR_TYPE, MAX_CAR) VALUES (12 ,'대형',3 );
--행 19
INSERT INTO CAR_TYPE_TB (PARK_NO, CAR_TYPE, MAX_CAR) VALUES (12 ,'중형',2 );
--행 20
INSERT INTO CAR_TYPE_TB (PARK_NO, CAR_TYPE, MAX_CAR) VALUES (13 ,'대형',3 );
--행 21
INSERT INTO CAR_TYPE_TB (PARK_NO, CAR_TYPE, MAX_CAR) VALUES (14 ,'소형',6 );
--행 22
INSERT INTO CAR_TYPE_TB (PARK_NO, CAR_TYPE, MAX_CAR) VALUES (14 ,'중형',4 );
--행 23
INSERT INTO CAR_TYPE_TB (PARK_NO, CAR_TYPE, MAX_CAR) VALUES (15 ,'대형',7 );
--행 24
INSERT INTO CAR_TYPE_TB (PARK_NO, CAR_TYPE, MAX_CAR) VALUES (16 ,'중형',1 );
--행 25
INSERT INTO CAR_TYPE_TB (PARK_NO, CAR_TYPE, MAX_CAR) VALUES (16 ,'대형',1 );
--행 26
INSERT INTO CAR_TYPE_TB (PARK_NO, CAR_TYPE, MAX_CAR) VALUES (17 ,'소형',2 );
--행 27
INSERT INTO CAR_TYPE_TB (PARK_NO, CAR_TYPE, MAX_CAR) VALUES (17 ,'중형',3 );
--행 28
INSERT INTO CAR_TYPE_TB (PARK_NO, CAR_TYPE, MAX_CAR) VALUES (18 ,'대형',4 );
--행 29
INSERT INTO CAR_TYPE_TB (PARK_NO, CAR_TYPE, MAX_CAR) VALUES (18 ,'소형',5 );
--행 30
INSERT INTO CAR_TYPE_TB (PARK_NO, CAR_TYPE, MAX_CAR) VALUES (18 ,'중형',4 );
--행 31
INSERT INTO CAR_TYPE_TB (PARK_NO, CAR_TYPE, MAX_CAR) VALUES (19 ,'대형',3 );
--행 32
INSERT INTO CAR_TYPE_TB (PARK_NO, CAR_TYPE, MAX_CAR) VALUES (20 ,'소형',1 );
--행 33
INSERT INTO CAR_TYPE_TB (PARK_NO, CAR_TYPE, MAX_CAR) VALUES (20 ,'중형',2 );
--행 34
INSERT INTO CAR_TYPE_TB (PARK_NO, CAR_TYPE, MAX_CAR) VALUES (21 ,'대형',4 );
--행 35
INSERT INTO CAR_TYPE_TB (PARK_NO, CAR_TYPE, MAX_CAR) VALUES (21 ,'소형',3 );
--행 36
INSERT INTO CAR_TYPE_TB (PARK_NO, CAR_TYPE, MAX_CAR) VALUES (22 ,'중형',7 );
--행 37
INSERT INTO CAR_TYPE_TB (PARK_NO, CAR_TYPE, MAX_CAR) VALUES (22 ,'대형',2 );
--행 38
INSERT INTO CAR_TYPE_TB (PARK_NO, CAR_TYPE, MAX_CAR) VALUES (23 ,'소형',3 );
--행 39
INSERT INTO CAR_TYPE_TB (PARK_NO, CAR_TYPE, MAX_CAR) VALUES (23 ,'중형',3 );
--행 40
INSERT INTO CAR_TYPE_TB (PARK_NO, CAR_TYPE, MAX_CAR) VALUES (24 ,'대형',2 );
--행 41
INSERT INTO CAR_TYPE_TB (PARK_NO, CAR_TYPE, MAX_CAR) VALUES (24 ,'소형',2 );
--행 42
INSERT INTO CAR_TYPE_TB (PARK_NO, CAR_TYPE, MAX_CAR) VALUES (25 ,'중형',1 );
--행 43
INSERT INTO CAR_TYPE_TB (PARK_NO, CAR_TYPE, MAX_CAR) VALUES (25 ,'대형',3 );
--행 44
INSERT INTO CAR_TYPE_TB (PARK_NO, CAR_TYPE, MAX_CAR) VALUES (26 ,'소형',4 );
--행 45
INSERT INTO CAR_TYPE_TB (PARK_NO, CAR_TYPE, MAX_CAR) VALUES (27 ,'중형',5 );
--행 46
INSERT INTO CAR_TYPE_TB (PARK_NO, CAR_TYPE, MAX_CAR) VALUES (27 ,'대형',4 );
--행 47
INSERT INTO CAR_TYPE_TB (PARK_NO, CAR_TYPE, MAX_CAR) VALUES (28 ,'소형',1 );
--행 48
INSERT INTO CAR_TYPE_TB (PARK_NO, CAR_TYPE, MAX_CAR) VALUES (28 ,'중형',3 );
--행 49
INSERT INTO CAR_TYPE_TB (PARK_NO, CAR_TYPE, MAX_CAR) VALUES (29 ,'대형',7 );
--행 50
INSERT INTO CAR_TYPE_TB (PARK_NO, CAR_TYPE, MAX_CAR) VALUES (29 ,'소형',1 );

--행 51
INSERT INTO CAR_TYPE_TB (PARK_NO, CAR_TYPE, MAX_CAR) VALUES (30 ,'중형',2 );
--행 52
INSERT INTO CAR_TYPE_TB (PARK_NO, CAR_TYPE, MAX_CAR) VALUES (31 ,'소형',1 );
--행 53
INSERT INTO CAR_TYPE_TB (PARK_NO, CAR_TYPE, MAX_CAR) VALUES (32 ,'중형',3 );
--행 54
INSERT INTO CAR_TYPE_TB (PARK_NO, CAR_TYPE, MAX_CAR) VALUES (33 ,'대형',7 );
--행 55
INSERT INTO CAR_TYPE_TB (PARK_NO, CAR_TYPE, MAX_CAR) VALUES (34 ,'소형',1 );
--행 56
INSERT INTO CAR_TYPE_TB (PARK_NO, CAR_TYPE, MAX_CAR) VALUES (34 ,'중형',2 );
--행 57
INSERT INTO CAR_TYPE_TB (PARK_NO, CAR_TYPE, MAX_CAR) VALUES (35 ,'소형',1 );
--행 58
INSERT INTO CAR_TYPE_TB (PARK_NO, CAR_TYPE, MAX_CAR) VALUES (35 ,'중형',3 );
--행 59
INSERT INTO CAR_TYPE_TB (PARK_NO, CAR_TYPE, MAX_CAR) VALUES (35 ,'대형',7 );
--행 60
INSERT INTO CAR_TYPE_TB (PARK_NO, CAR_TYPE, MAX_CAR) VALUES (36 ,'소형',1 );
--행 61
INSERT INTO CAR_TYPE_TB (PARK_NO, CAR_TYPE, MAX_CAR) VALUES (37 ,'중형',2 );
--행 62
INSERT INTO CAR_TYPE_TB (PARK_NO, CAR_TYPE, MAX_CAR) VALUES (38 ,'소형',1 );
--행 63
INSERT INTO CAR_TYPE_TB (PARK_NO, CAR_TYPE, MAX_CAR) VALUES (38 ,'중형',3 );
--행 64
INSERT INTO CAR_TYPE_TB (PARK_NO, CAR_TYPE, MAX_CAR) VALUES (39 ,'대형',7 );
--행 65
INSERT INTO CAR_TYPE_TB (PARK_NO, CAR_TYPE, MAX_CAR) VALUES (39 ,'소형',1 );
--행 66
INSERT INTO CAR_TYPE_TB (PARK_NO, CAR_TYPE, MAX_CAR) VALUES (40 ,'중형',2 );
--행 67
INSERT INTO CAR_TYPE_TB (PARK_NO, CAR_TYPE, MAX_CAR) VALUES (41 ,'소형',1 );
--행 68
INSERT INTO CAR_TYPE_TB (PARK_NO, CAR_TYPE, MAX_CAR) VALUES (42 ,'중형',3 );
--행 69
INSERT INTO CAR_TYPE_TB (PARK_NO, CAR_TYPE, MAX_CAR) VALUES (42 ,'대형',7 );
--행 70
INSERT INTO CAR_TYPE_TB (PARK_NO, CAR_TYPE, MAX_CAR) VALUES (43 ,'소형',1 );
--행 71
INSERT INTO CAR_TYPE_TB (PARK_NO, CAR_TYPE, MAX_CAR) VALUES (43 ,'중형',2 );
--행 72
INSERT INTO CAR_TYPE_TB (PARK_NO, CAR_TYPE, MAX_CAR) VALUES (44 ,'소형',1 );
--행 73
INSERT INTO CAR_TYPE_TB (PARK_NO, CAR_TYPE, MAX_CAR) VALUES (45 ,'중형',3 );
--행 74
INSERT INTO CAR_TYPE_TB (PARK_NO, CAR_TYPE, MAX_CAR) VALUES (45 ,'대형',7 );
--행 75
INSERT INTO CAR_TYPE_TB (PARK_NO, CAR_TYPE, MAX_CAR) VALUES (46 ,'소형',1 );
--행 76
INSERT INTO CAR_TYPE_TB (PARK_NO, CAR_TYPE, MAX_CAR) VALUES (47 ,'중형',2 );
--행 77
INSERT INTO CAR_TYPE_TB (PARK_NO, CAR_TYPE, MAX_CAR) VALUES (48 ,'소형',1 );
--행 78
INSERT INTO CAR_TYPE_TB (PARK_NO, CAR_TYPE, MAX_CAR) VALUES (48 ,'중형',3 );
--행 79
INSERT INTO CAR_TYPE_TB (PARK_NO, CAR_TYPE, MAX_CAR) VALUES (48 ,'대형',7 );
--행 80
INSERT INTO CAR_TYPE_TB (PARK_NO, CAR_TYPE, MAX_CAR) VALUES (49 ,'소형',1 );
--행 81
INSERT INTO CAR_TYPE_TB (PARK_NO, CAR_TYPE, MAX_CAR) VALUES (50 ,'중형',2 );
--행 82
INSERT INTO CAR_TYPE_TB (PARK_NO, CAR_TYPE, MAX_CAR) VALUES (51 ,'대형',7 );

insert into terms_tb values(TERMS_SEQ.NEXTVAL,'제 1 장 총칙 제 1조(목적)','
본 약관은 P.P.L이 운영하는 웹 사이트 (http://xxx.xxx.xxx)의 제반 서비스의 이용조건 및 절차에 관한 사항 및 기타 필요한 사항을 규정함을 목적으로 한다.
');

insert into terms_tb values(TERMS_SEQ.NEXTVAL,'제 2 조 (용어의 정의)','본 약관에서 사용하는 용어는 다음과 같이 정의한다.
①회원 : 기본 회원 정보를 입력하였고, 회사와 서비스 이용계약을 체결하여 아이디를 부여받은 개인
②아이디(ID) : 회원식별과 회원의 서비스 이용을 위해 회원이 선정하고 회사가 승인하는 문자와 숫자의 조합
③비밀번호(Password) : 회원이 통신상의 자신의 비밀을 보호하기 위해 선정한 문자와 숫자의 조합
④해지 : 회사 또는 회원에 의한 이용계약의 종료
');
insert into terms_tb values(TERMS_SEQ.NEXTVAL,'제 3 조 (약관의 공시 및 효력과 변경)','
①본 약관은 회원가입 화면에 게시하여 공시하며 회사는 사정변경 및 영업상 중요한 사유가 있을 경우 약관을 변경할 수 있으며 변경된 약관은 공지사항을 통해 공시한다
②본 약관 및 차후 회사사정에 따라 변경된 약관은 이용자에게 공시함으로써 효력을 발생한다.
');
insert into terms_tb values(TERMS_SEQ.NEXTVAL,'제 4 조 (약관 외 준칙)','
본 약관에 명시되지 않은 사항이 전기통신기본법, 전기통신사업법, 정보통신촉진법, ‘전자상거래등에서의 소비자 보호에 관한 법률’, ‘약관의 규제에관한법률’, ‘전자거래기본법’, ‘전자서명법’, ‘정보통신망 이용촉진등에 관한 법률’, ‘소비자보호법’ 등 기타 관계 법령에 규정되어 있을 경우에는 그 규정을 따르도록 한다.
');

insert into terms_tb values(TERMS_SEQ.NEXTVAL,'
제 5 조 (이용신청)','
①이용신청자가 회원가입 안내에서 본 약관과 개인정보보호정책에 동의하고 등록절차(회사의 소정 양식의 가입 신청서 작성)를 거쳐 '확인' 버튼을 누르면 이용신청을 할 수 있다.
②이용신청자는 반드시 실명과 실제 정보를 사용해야 하며 1개의 생년월일에 대하여 1건의 이용신청을 할 수 있다.
③실명이나 실제 정보를 입력하지 않은 이용자는 법적인 보호를 받을 수 없으며, 서비스 이용에 제한을 받을 수 있다.
');
insert into terms_tb values(TERMS_SEQ.NEXTVAL,'
제 6 조 (이용신청의 승낙)','
①회사는 제5조에 따른 이용신청자에 대하여 제2항 및 제3항의 경우를 예외로 하여 서비스 이용을 승낙한다.
②회사는 아래 사항에 해당하는 경우에 그 제한사유가 해소될 때까지 승낙을 유보할 수 있다.
  가. 서비스 관련 설비에 여유가 없는 경우
  나. 기술상 지장이 있는 경우
  다. 기타 회사 사정상 필요하다고 인정되는 경우
③회사는 아래 사항에 해당하는 경우에 승낙을 하지 않을 수 있다.
  가. 다른 사람의 명의를 사용하여 신청한 경우
  나. 이용자 정보를 허위로 기재하여 신청한 경우
  다. 사회의 안녕질서 또는 미풍양속을 저해할 목적으로 신청한 경우
  라. 기타 회사가 정한 이용신청 요건이 미비한 경우
');
insert into terms_tb values(TERMS_SEQ.NEXTVAL,'제 7 조 (회사의 의무)','
①회사는 사이트를 안정적이고 지속적으로 운영할 의무가 있다.
②회사는 이용자로부터 제기되는 의견이나 불만이 정당하다고 인정될 경우에는 즉시 처리해야 한다. 단, 즉시 처리가 곤란한 경우에는 이용자에게 그 사유와 처리일정을 공지사항 또는 전자우편을 통해 통보해야 한다.
③제1항의 경우 수사상의 목적으로 관계기관 및 정보통신윤리위원회의 요청이 있거나 영장 제시가 있는 경우, 기타 관계 법령에 의한 경우는 예외로 한다.
');
insert into terms_tb values(TERMS_SEQ.NEXTVAL,'제 8 조 (이용자의 의무)','
①이용자는 본 약관 및 회사의 공지사항, 사이트 이용안내 등을 숙지하고 준수해야 하며 기타 회사의 업무에 방해되는 행위를 해서는 안된다.
②이용자는 회사의 사전 승인 없이 본 사이트를 이용해 어떠한 영리행위도 할 수 없다.
③이용자는 본 사이트를 통해 얻는 정보를 회사의 사전 승낙 없이 복사, 복제, 변경, 번역, 출판, 방송 및 기타의 방법으로 사용하거나 이를 타인에게 제공할 수 없다.
');
insert into terms_tb values(TERMS_SEQ.NEXTVAL,'제 9 조 (서비스 이용)','
①이용자는 본 약관의 규정된 사항을 준수해 사이트를 이용한다.
②본 약관에 명시되지 않은 서비스 이용에 관한 사항은 회사가 정해 '공지사항'에 게시하거나 또는 별도로 공지하는 내용에 따른다.
');
insert into terms_tb values(TERMS_SEQ.NEXTVAL,'제 10 조 (정보의 제공)','
회사는 회원이 서비스 이용 중 필요하다고 인정되는 다양한 정보에 대하여 전자메일이나 서신우편 등의 방법으로 회원에게 정보를 제공할 수 있다.
');
insert into terms_tb values(TERMS_SEQ.NEXTVAL,'제 11 조 (광고게재)','
①회사는 서비스의 운용과 관련하여 서비스 화면, 홈페이지, 전자우편 등에 광고 등을 게재할 수 있다.
②회사는 사이트에 게재되어 있는 광고주의 판촉활동에 회원이 참여하거나 교신 또는 거래의 결과로서 발생하는 모든 손실 또는 손해에 대해 책임을 지지 않는다.
');
insert into terms_tb values(TERMS_SEQ.NEXTVAL,'제 12 조 (서비스 이용의 제한)','
본 사이트 이용 및 행위가 다음 각 항에 해당하는 경우 회사는 해당 이용자의 이용을 제한할 수 있다.
①공공질서 및 미풍양속, 기타 사회질서를 해하는 경우
②범죄행위를 목적으로 하거나 기타 범죄행위와 관련된다고 객관적으로 인정되는 경우
③타인의 명예를 손상시키거나 타인의 서비스 이용을 현저히 저해하는 경우
④타인의 의사에 반하는 내용이나 광고성 정보 등을 지속적으로 전송하는 경우
⑤해킹 및 컴퓨터 바이러스 유포 등으로 서비스의 건전한 운영을 저해하는 경우
⑥다른 이용자 또는 제3자의 지적재산권을 침해하거나 지적재산권자가 지적 재산권의 침해를 주장할 수 있다고 판단되는 경우
⑦타인의 아이디 및 비밀번호를 도용한 경우
⑧기타 관계 법령에 위배되는 경우 및 회사가 이용자로서 부적당하다고 판단한 경우
');
insert into terms_tb values(TERMS_SEQ.NEXTVAL,'제 13 조 (서비스 제공의 중지)','
회사는 다음 각 호에 해당하는 경우 서비스의 전부 또는 일부의 제공을 중지할 수 있다.
①전기통신사업법 상에 규정된 기간통신 사업자 또는 인터넷 망 사업자가 서비스를 중지했을 경우
②정전으로 서비스 제공이 불가능할 경우
③설비의 이전, 보수 또는 공사로 인해 부득이한 경우
④서비스 설비의 장애 또는 서비스 이용의 폭주 등으로 정상적인 서비스 제공이 어려운 경우
⑤전시, 사변, 천재지변 또는 이에 준하는 국가비상사태가 발생하거나 발생할 우려가 있는 경우
');
insert into terms_tb values(TERMS_SEQ.NEXTVAL,'제 14 조 (게시물 관리)','
회사는 건전한 통신문화 정착과 효율적인 사이트 운영을 위하여 이용자가 게시하거나 제공하는 자료가 제12조에 해당한다고 판단되는 경우에 임의로 삭제, 자료이동, 등록거부를 할 수 있다.
');

insert into terms_tb values(TERMS_SEQ.NEXTVAL,'
제 15 조 (서비스 이용 책임)','
이용자는 회사에서 권한 있는 사원이 서명한 명시적인 서면에 구체적으로 허용한 경우를 제외하고는 서비스를 이용하여 불법상품을 판매하는 영업활동을 할 수 없으며 특히 해킹, 돈벌기 광고, 음란 사이트를 통한 상업행위, 상용 S/W 불법제공 등을 할 수 없다. 이를 어기고 발생한 영업활동의 결과 및 손실, 관계기관에 의한 구속 등 법적 조치 등에 관해서는 회사가 책임을 지지 않는다.
');

insert into terms_tb values(TERMS_SEQ.NEXTVAL,'
제16조 (결제방법)','‘회원’은 ‘회사’에서 판매하는 재화에 대하여 ‘선불카드, 직불카드, 신용카드 등의 각종 카드 결제 수단’을 이용하여 결제할 수 있다. 이때 ‘회사’는 이용자의 지급방법에 대하여 재화외 어떠한 명목의 수수료를 추가 징수하지 않는다.

① ‘회사’는 이용자의 구매신청이 있는 경우 이용자에게 수신확인통지를 한다. 주문확인에 대한 내용은 해당게시판에서 확인 할 수 있다.
② 수신확인통지를 받은 이용자는 의사표시의 불일치 등이 있는 경우에는 수신확인통지를 받은 후 즉시 구매신청 변경 및 취소를 요청할 수 있고 ‘회사’는 배송전에 이용자의 요청이 있는 경우에는 지체 없이 그 요청에 따라 처리한다. 다만 이미 대금을 지불한 경우에는 제18조의 ‘반품규정’을 따른다.
');
insert into terms_tb values(TERMS_SEQ.NEXTVAL,'제17조 (배송정책)','① ‘회사’는 이용자와 재화의 공급시기에 관하여 별도의 약정이 없는 이상, 이용자가 결재를 실시한 날부터 7일 이내에 재화 등을 배송할 수 있도록 주문제작, 포장 등 기타의 필요한 조치를 취한다. 
②‘회사’는 이용자가 구매한 재화에 대해 배송수단, 수단별 배송비용 부담자, 수단별 배송기간 등을 제품을 구매하는 웹 페이지 하단에 명시한다. 만약 ‘회사’가 약정 배송기간을 초과한 경우에는 그로 인한 이용자의 손해를 배상한다. 하지만 ‘회사’의 고의과실이 없음을 입증한 경우에는 그러하지 아니한다.
');
insert into terms_tb values(TERMS_SEQ.NEXTVAL,'18조 (취소 및 반품 환불 규정)','
‘회사’는 이용자가 구매 신청한 재화 등이 품절 등의 사유로 인도 또는 제공을 할 수 없을 때에는 지체 없이 그 사유를 이용자에게 통지하고 사전에 재화 등의 대금을 받은 경우에는 대금을 받은 날부터 3영업일 이내에 환급하거나 환급에 필요한 조치를 한다.
① 재화가 발송 되기전 이용자가 결제를 취소할 경우 ‘회사’는 해당 주문건을 취소 처리하고 카드결제 승인을 취소한다.
② 재화가 발송 된 이후 결제 취소는 불가하다. 단, ‘회사’의 부주의 ‘배송’상의 문제로 인한 재화의 파손, 변질의 경우 ‘회사’는 이용자에게 구매 금액의 반품 및 환불 조취 및 교환 조취를 취한다.
');
insert into terms_tb values(TERMS_SEQ.NEXTVAL,'제 19 조 (면책 및 손해배상)','
①천재지변 또는 이에 준하는 불가항력으로 인하여 서비스를 제공할 수 없는 경우에는 회사의 서비스 제공 책임이 면제된다.
②회사는 이용자간 또는 이용자와 제3자간의 상호거래 관계에서 발생되는 결과에 대하여 어떠한 책임도 부담하지 않는다.
③회사는 이용자가 게시판에 게재한 정보, 자료, 내용 등에 관하여 사실의 정확성, 신뢰도 등에 어떠한 책임도 부담하지 않으며 이용자는 본인의 책임 아래 본 사이트를 이용해야 한다.
④이용자가 게시 또는 전송한 자료 등에 관하여 손해가 발생하거나 자료의 취사선택, 기타 무료로 제공되는 서비스 이용과 관련해 어떠한 불이익이 발생하더라도 이에 대한 모든 책임은 이용자에게 있다.
⑤아이디와 비밀번호의 관리 및 이용자의 부주의로 인하여 발생되는 손해 또는 제3자에 의한 부정사용 등에 대한 책임은 이용자에게 있다.
⑥이용자가 본 약관의 규정을 위반함으로써 회사에 손해가 발생하는 경우 이 약관을 위반한 이용자는 회사에 발생한 모든 손해를 배상해야 하며 동 손해로부터 회사를 면책시켜야 한다.
');
insert into terms_tb values(TERMS_SEQ.NEXTVAL,'제 20 조 (개인신용정보 제공 및 활용에 대한 동의서)','회사가 회원 가입과 관련해 취득한 개인 신용 정보는 신용정보의 이용 및 보호에 관한 법률 제23조의 규정에 따라 타인에게 제공 및 활용 시 이용자의 동의를 얻어야 한다. 이용자의 동의는 회사가 회원으로 가입한 이용자의  신용정보를 신용정보기관, 신용정보업자 및 기타 이용자 등에게 제공해 이용자의 신용을 판단하기 위한 자료로서 활용하거나 공공기관에서 정책자료로 활용하는데 동의하는 것으로 간주한다.
');
insert into terms_tb values(TERMS_SEQ.NEXTVAL,'제 21 조 (분쟁의 해결)','
①회사와 이용자는 본 사이트 이용과 관련해 발생한 분쟁을 원만하게 해결하기 위하여 필요한 모든 노력을 해야 한다.
②제1항의 규정에도 불구하고 동 분쟁으로 인하여 소송이 제기될 경우 동 소송은 회사의 본사 소재지를 관할하는 법원의 관할로 본다.
');

insert into terms_tb values(TERMS_SEQ.NEXTVAL,'<부칙>','본 약관은 2018년 06월 31일부터 적용한다.');
<<<<<<< HEAD

=======

--행 1
INSERT INTO NOTICE_TB (NOTICE_NO, NOTICE_SUB, NOTICE_DT, NOTICE_CONTENT, NOTICE_HIT, NOTICE_IMAGE) VALUES (notice_seq.nextval,'PPL 위치기반서비스 이용약관 변경 안내new',sysdate,'안녕하세요. PPL 입니다.',0.0,null);
--행 2
INSERT INTO NOTICE_TB (NOTICE_NO, NOTICE_SUB, NOTICE_DT, NOTICE_CONTENT, NOTICE_HIT, NOTICE_IMAGE) VALUES (notice_seq.nextval,'PPL 서비스 운영정책 변경 안내',sysdate,'안녕하세요. PPL입니다.',0.0,null);
--행 3
INSERT INTO NOTICE_TB (NOTICE_NO, NOTICE_SUB, NOTICE_DT, NOTICE_CONTENT, NOTICE_HIT, NOTICE_IMAGE) VALUES (notice_seq.nextval,'개인정보 처리방침 개정안내',sysdate,'안녕하세요. PPL(이하 ‘회사’)입니다.',0.0,null);
--행 4
INSERT INTO NOTICE_TB (NOTICE_NO, NOTICE_SUB, NOTICE_DT, NOTICE_CONTENT, NOTICE_HIT, NOTICE_IMAGE) VALUES (notice_seq.nextval,'PPL 위치기반서비스 이용약관 변경 안내',sysdate,'안녕하세요. PPL 입니다.',0.0,null);
--행 5
INSERT INTO NOTICE_TB (NOTICE_NO, NOTICE_SUB, NOTICE_DT, NOTICE_CONTENT, NOTICE_HIT, NOTICE_IMAGE) VALUES (notice_seq.nextval,'PPL 통합 약관 및 서비스 약관 변경 안내',sysdate,'PPL의 위치기반서비스 이용약관 변경에 대한 안내 말씀 드립니다.',0.0,null);
--행 6
INSERT INTO NOTICE_TB (NOTICE_NO, NOTICE_SUB, NOTICE_DT, NOTICE_CONTENT, NOTICE_HIT, NOTICE_IMAGE) VALUES (notice_seq.nextval,'PPL 서비스 약관 변경 안내',sysdate,'안녕하세요.?PPL입니다.',0.0,'null');

insert into faq_tb values(faq_seq.nextval, '주차장 등록은 어떻게 하나요?', '휴대폰번호인증을 받으신 후 이용할 수 있습니다.');
insert into faq_tb values(faq_seq.nextval, '예약취소는 어떻게 하나요?', '마이페이지 - 예약한 주차장에서 예약취소 할 수 있습니다.');
insert into faq_tb values(faq_seq.nextval, '아이디/비밀번호 찾기 했을 때 이메일이 오지 않아요.', '회원가입 시 이메일이 입력을 잘못 하신 경우입니다. 관리자에게 문의하세요.');

INSERT INTO QNA_TB (QNA_NO, USER_ID, QNA_SUB, QNA_CONTENT, QNA_DT, QNA_REVIEW, QNA_REVIEW_DT, QNA_HIT, QNA_PWD, QNA_IMAGE) VALUES (qna_seq.nextval,'qwer','도배도배1','도배도배1',sysdate,null,sysdate,0.0,1234.0,'');
INSERT INTO QNA_TB (QNA_NO, USER_ID, QNA_SUB, QNA_CONTENT, QNA_DT, QNA_REVIEW, QNA_REVIEW_DT, QNA_HIT, QNA_PWD, QNA_IMAGE) VALUES (qna_seq.nextval,'qwer','도배도배2','도배도배2',sysdate,null,sysdate,0.0,1234.0,'');
INSERT INTO QNA_TB (QNA_NO, USER_ID, QNA_SUB, QNA_CONTENT, QNA_DT, QNA_REVIEW, QNA_REVIEW_DT, QNA_HIT, QNA_PWD, QNA_IMAGE) VALUES (qna_seq.nextval,'qwer','도배도배3','도배도배3',sysdate,null,sysdate,0.0,1234.0,'');
INSERT INTO QNA_TB (QNA_NO, USER_ID, QNA_SUB, QNA_CONTENT, QNA_DT, QNA_REVIEW, QNA_REVIEW_DT, QNA_HIT, QNA_PWD, QNA_IMAGE) VALUES (qna_seq.nextval,'qwer','도배도배4','도배도배4',sysdate,null,sysdate,0.0,1234.0,'');
INSERT INTO QNA_TB (QNA_NO, USER_ID, QNA_SUB, QNA_CONTENT, QNA_DT, QNA_REVIEW, QNA_REVIEW_DT, QNA_HIT, QNA_PWD, QNA_IMAGE) VALUES (qna_seq.nextval,'qwer','도배도배5','도배도배5',sysdate,null,sysdate,0.0,1234.0,'');
INSERT INTO QNA_TB (QNA_NO, USER_ID, QNA_SUB, QNA_CONTENT, QNA_DT, QNA_REVIEW, QNA_REVIEW_DT, QNA_HIT, QNA_PWD, QNA_IMAGE) VALUES (qna_seq.nextval,'qwer','도배도배6','도배도배6',sysdate,null,sysdate,0.0,1234.0,'');
INSERT INTO QNA_TB (QNA_NO, USER_ID, QNA_SUB, QNA_CONTENT, QNA_DT, QNA_REVIEW, QNA_REVIEW_DT, QNA_HIT, QNA_PWD, QNA_IMAGE) VALUES (qna_seq.nextval,'qwer','도배도배7','도배도배7',sysdate,null,sysdate,0.0,1234.0,'');
INSERT INTO QNA_TB (QNA_NO, USER_ID, QNA_SUB, QNA_CONTENT, QNA_DT, QNA_REVIEW, QNA_REVIEW_DT, QNA_HIT, QNA_PWD, QNA_IMAGE) VALUES (qna_seq.nextval,'qwer','도배도배8','도배도배8',sysdate,null,sysdate,0.0,1234.0,'');
INSERT INTO QNA_TB (QNA_NO, USER_ID, QNA_SUB, QNA_CONTENT, QNA_DT, QNA_REVIEW, QNA_REVIEW_DT, QNA_HIT, QNA_PWD, QNA_IMAGE) VALUES (qna_seq.nextval,'qwer','도배도배9','도배도배9',sysdate,null,sysdate,0.0,1234.0,'');
INSERT INTO QNA_TB (QNA_NO, USER_ID, QNA_SUB, QNA_CONTENT, QNA_DT, QNA_REVIEW, QNA_REVIEW_DT, QNA_HIT, QNA_PWD, QNA_IMAGE) VALUES (qna_seq.nextval,'qwer','도배도배10','도배도배10',sysdate,null,sysdate,0.0,1234.0,'');
INSERT INTO QNA_TB (QNA_NO, USER_ID, QNA_SUB, QNA_CONTENT, QNA_DT, QNA_REVIEW, QNA_REVIEW_DT, QNA_HIT, QNA_PWD, QNA_IMAGE) VALUES (qna_seq.nextval,'qwer','도배도배11','도배도배11',sysdate,null,sysdate,0.0,1234.0,'');
INSERT INTO QNA_TB (QNA_NO, USER_ID, QNA_SUB, QNA_CONTENT, QNA_DT, QNA_REVIEW, QNA_REVIEW_DT, QNA_HIT, QNA_PWD, QNA_IMAGE) VALUES (qna_seq.nextval,'qwer','도배도배12','도배도배12',sysdate,null,sysdate,0.0,1234.0,'');
INSERT INTO QNA_TB (QNA_NO, USER_ID, QNA_SUB, QNA_CONTENT, QNA_DT, QNA_REVIEW, QNA_REVIEW_DT, QNA_HIT, QNA_PWD, QNA_IMAGE) VALUES (qna_seq.nextval,'qwer','도배도배13','도배도배13',sysdate,null,sysdate,0.0,1234.0,'');
INSERT INTO QNA_TB (QNA_NO, USER_ID, QNA_SUB, QNA_CONTENT, QNA_DT, QNA_REVIEW, QNA_REVIEW_DT, QNA_HIT, QNA_PWD, QNA_IMAGE) VALUES (qna_seq.nextval,'qwer','도배도배14','도배도배14',sysdate,null,sysdate,0.0,1234.0,'');
INSERT INTO QNA_TB (QNA_NO, USER_ID, QNA_SUB, QNA_CONTENT, QNA_DT, QNA_REVIEW, QNA_REVIEW_DT, QNA_HIT, QNA_PWD, QNA_IMAGE) VALUES (qna_seq.nextval,'qwer','도배도배15','도배도배15',sysdate,null,sysdate,0.0,1234.0,'');


=======
>>>>>>> branch 'master' of https://github.com/mpbs215/finalProject
--행 1
INSERT INTO PARK_IMAGE_TB (IMG_NO, PARK_NO, IMG_PATH) VALUES (img_seq.nextval,2 ,'01.jpg');
--행 2
INSERT INTO PARK_IMAGE_TB (IMG_NO, PARK_NO, IMG_PATH) VALUES (img_seq.nextval,3 ,'02.jpg');
--행 3
INSERT INTO PARK_IMAGE_TB (IMG_NO, PARK_NO, IMG_PATH) VALUES (img_seq.nextval,4 ,'03.jpg');
--행 4
INSERT INTO PARK_IMAGE_TB (IMG_NO, PARK_NO, IMG_PATH) VALUES (img_seq.nextval,5 ,'04.jpg');
--행 5
INSERT INTO PARK_IMAGE_TB (IMG_NO, PARK_NO, IMG_PATH) VALUES (img_seq.nextval,6 ,'05.jpg');
--행 6
INSERT INTO PARK_IMAGE_TB (IMG_NO, PARK_NO, IMG_PATH) VALUES (img_seq.nextval,7 ,'06.jpg');
--행 7
INSERT INTO PARK_IMAGE_TB (IMG_NO, PARK_NO, IMG_PATH) VALUES (img_seq.nextval,8 ,'07.jpg');
--행 8
INSERT INTO PARK_IMAGE_TB (IMG_NO, PARK_NO, IMG_PATH) VALUES (img_seq.nextval,9 ,'08.jpg');
--행 9
INSERT INTO PARK_IMAGE_TB (IMG_NO, PARK_NO, IMG_PATH) VALUES (img_seq.nextval,10 ,'09.jpg');
--행 10
INSERT INTO PARK_IMAGE_TB (IMG_NO, PARK_NO, IMG_PATH) VALUES (img_seq.nextval,11 ,'10.jpg');
--행 11
INSERT INTO PARK_IMAGE_TB (IMG_NO, PARK_NO, IMG_PATH) VALUES (img_seq.nextval,12 ,'11.jpg');
--행 12
INSERT INTO PARK_IMAGE_TB (IMG_NO, PARK_NO, IMG_PATH) VALUES (img_seq.nextval,13 ,'12.jpg');
--행 13
INSERT INTO PARK_IMAGE_TB (IMG_NO, PARK_NO, IMG_PATH) VALUES (img_seq.nextval,14 ,'13.jpg');
--행 14
INSERT INTO PARK_IMAGE_TB (IMG_NO, PARK_NO, IMG_PATH) VALUES (img_seq.nextval,15 ,'14.jpg');
--행 15
INSERT INTO PARK_IMAGE_TB (IMG_NO, PARK_NO, IMG_PATH) VALUES (img_seq.nextval,16 ,'15.jpg');
--행 16
INSERT INTO PARK_IMAGE_TB (IMG_NO, PARK_NO, IMG_PATH) VALUES (img_seq.nextval,17 ,'16.jpg');
--행 17
INSERT INTO PARK_IMAGE_TB (IMG_NO, PARK_NO, IMG_PATH) VALUES (img_seq.nextval,18 ,'17.jpg');
--행 18
INSERT INTO PARK_IMAGE_TB (IMG_NO, PARK_NO, IMG_PATH) VALUES (img_seq.nextval,19 ,'18.jpg');
--행 19
INSERT INTO PARK_IMAGE_TB (IMG_NO, PARK_NO, IMG_PATH) VALUES (img_seq.nextval,20 ,'19.jpg');
--행 20
INSERT INTO PARK_IMAGE_TB (IMG_NO, PARK_NO, IMG_PATH) VALUES (img_seq.nextval,21 ,'20.jpg');
--행 21
INSERT INTO PARK_IMAGE_TB (IMG_NO, PARK_NO, IMG_PATH) VALUES (img_seq.nextval,22 ,'21.jpg');
--행 22
INSERT INTO PARK_IMAGE_TB (IMG_NO, PARK_NO, IMG_PATH) VALUES (img_seq.nextval,23 ,'22.jpg');
--행 23
INSERT INTO PARK_IMAGE_TB (IMG_NO, PARK_NO, IMG_PATH) VALUES (img_seq.nextval,24 ,'23.jpg');
--행 24
INSERT INTO PARK_IMAGE_TB (IMG_NO, PARK_NO, IMG_PATH) VALUES (img_seq.nextval,25 ,'24.jpg');
--행 25
INSERT INTO PARK_IMAGE_TB (IMG_NO, PARK_NO, IMG_PATH) VALUES (img_seq.nextval,26 ,'25.jpg');
--행 26
INSERT INTO PARK_IMAGE_TB (IMG_NO, PARK_NO, IMG_PATH) VALUES (img_seq.nextval,27 ,'26.jpg');
--행 27
INSERT INTO PARK_IMAGE_TB (IMG_NO, PARK_NO, IMG_PATH) VALUES (img_seq.nextval,28 ,'27.jpg');
--행 28
INSERT INTO PARK_IMAGE_TB (IMG_NO, PARK_NO, IMG_PATH) VALUES (img_seq.nextval,29 ,'28.jpg');
--행 29
INSERT INTO PARK_IMAGE_TB (IMG_NO, PARK_NO, IMG_PATH) VALUES (img_seq.nextval,30 ,'29.jpg');
--행 30
INSERT INTO PARK_IMAGE_TB (IMG_NO, PARK_NO, IMG_PATH) VALUES (img_seq.nextval,31 ,'30.jpg');
--행 31
INSERT INTO PARK_IMAGE_TB (IMG_NO, PARK_NO, IMG_PATH) VALUES (img_seq.nextval,32 ,'31.jpg');
--행 32
INSERT INTO PARK_IMAGE_TB (IMG_NO, PARK_NO, IMG_PATH) VALUES (img_seq.nextval,33 ,'32.jpg');
--행 33
INSERT INTO PARK_IMAGE_TB (IMG_NO, PARK_NO, IMG_PATH) VALUES (img_seq.nextval,34 ,'33.jpg');
--행 34
INSERT INTO PARK_IMAGE_TB (IMG_NO, PARK_NO, IMG_PATH) VALUES (img_seq.nextval,35 ,'34.jpg');
--행 35
INSERT INTO PARK_IMAGE_TB (IMG_NO, PARK_NO, IMG_PATH) VALUES (img_seq.nextval,36 ,'35.jpg');
--행 36
INSERT INTO PARK_IMAGE_TB (IMG_NO, PARK_NO, IMG_PATH) VALUES (img_seq.nextval,37 ,'36.jpg');
--행 37
INSERT INTO PARK_IMAGE_TB (IMG_NO, PARK_NO, IMG_PATH) VALUES (img_seq.nextval,38 ,'37.jpg');
--행 38
INSERT INTO PARK_IMAGE_TB (IMG_NO, PARK_NO, IMG_PATH) VALUES (img_seq.nextval,39 ,'38.jpg');
--행 39
INSERT INTO PARK_IMAGE_TB (IMG_NO, PARK_NO, IMG_PATH) VALUES (img_seq.nextval,40 ,'39.jpg');
--행 40
INSERT INTO PARK_IMAGE_TB (IMG_NO, PARK_NO, IMG_PATH) VALUES (img_seq.nextval,41 ,'40.jpg');
--행 41
INSERT INTO PARK_IMAGE_TB (IMG_NO, PARK_NO, IMG_PATH) VALUES (img_seq.nextval,42 ,'41.jpg');
--행 42
INSERT INTO PARK_IMAGE_TB (IMG_NO, PARK_NO, IMG_PATH) VALUES (img_seq.nextval,43 ,'42.jpg');
--행 43
INSERT INTO PARK_IMAGE_TB (IMG_NO, PARK_NO, IMG_PATH) VALUES (img_seq.nextval,44 ,'43.jpg');
--행 44
INSERT INTO PARK_IMAGE_TB (IMG_NO, PARK_NO, IMG_PATH) VALUES (img_seq.nextval,45 ,'44.jpg');
--행 45
INSERT INTO PARK_IMAGE_TB (IMG_NO, PARK_NO, IMG_PATH) VALUES (img_seq.nextval,46 ,'45.jpg');
--행 46
INSERT INTO PARK_IMAGE_TB (IMG_NO, PARK_NO, IMG_PATH) VALUES (img_seq.nextval,47 ,'46.jpg');
--행 47
INSERT INTO PARK_IMAGE_TB (IMG_NO, PARK_NO, IMG_PATH) VALUES (img_seq.nextval,48 ,'47.jpg');
--행 48
INSERT INTO PARK_IMAGE_TB (IMG_NO, PARK_NO, IMG_PATH) VALUES (img_seq.nextval,49 ,'48.jpg');
--행 49
INSERT INTO PARK_IMAGE_TB (IMG_NO, PARK_NO, IMG_PATH) VALUES (img_seq.nextval,50 ,'49.jpg');


INSERT INTO PARK_IMAGE_TB (IMG_NO, PARK_NO, IMG_PATH) VALUES (img_seq.nextval,52 ,'51.jpg');
--행 2
INSERT INTO PARK_IMAGE_TB (IMG_NO, PARK_NO, IMG_PATH) VALUES (img_seq.nextval,53 ,'52.jpg');
--행 3
INSERT INTO PARK_IMAGE_TB (IMG_NO, PARK_NO, IMG_PATH) VALUES (img_seq.nextval,54 ,'53.jpg');
--행 4
INSERT INTO PARK_IMAGE_TB (IMG_NO, PARK_NO, IMG_PATH) VALUES (img_seq.nextval,55 ,'54.jpg');
--행 5
INSERT INTO PARK_IMAGE_TB (IMG_NO, PARK_NO, IMG_PATH) VALUES (img_seq.nextval,56 ,'55.jpg');
--행 6
INSERT INTO PARK_IMAGE_TB (IMG_NO, PARK_NO, IMG_PATH) VALUES (img_seq.nextval,57 ,'56.jpg');
--행 7
INSERT INTO PARK_IMAGE_TB (IMG_NO, PARK_NO, IMG_PATH) VALUES (img_seq.nextval,58 ,'57.jpg');
--행 8
INSERT INTO PARK_IMAGE_TB (IMG_NO, PARK_NO, IMG_PATH) VALUES (img_seq.nextval,59 ,'58.jpg');
--행 9
INSERT INTO PARK_IMAGE_TB (IMG_NO, PARK_NO, IMG_PATH) VALUES (img_seq.nextval,60 ,'59.jpg');
--행 10
INSERT INTO PARK_IMAGE_TB (IMG_NO, PARK_NO, IMG_PATH) VALUES (img_seq.nextval,61 ,'60.jpg');
--행 11
INSERT INTO PARK_IMAGE_TB (IMG_NO, PARK_NO, IMG_PATH) VALUES (img_seq.nextval,62 ,'61.jpg');
--행 12
INSERT INTO PARK_IMAGE_TB (IMG_NO, PARK_NO, IMG_PATH) VALUES (img_seq.nextval,63 ,'62.jpg');
--행 13
INSERT INTO PARK_IMAGE_TB (IMG_NO, PARK_NO, IMG_PATH) VALUES (img_seq.nextval,64 ,'63.jpg');
--행 14
INSERT INTO PARK_IMAGE_TB (IMG_NO, PARK_NO, IMG_PATH) VALUES (img_seq.nextval,65 ,'64.jpg');
--행 15
INSERT INTO PARK_IMAGE_TB (IMG_NO, PARK_NO, IMG_PATH) VALUES (img_seq.nextval,66 ,'65.jpg');
--행 16
INSERT INTO PARK_IMAGE_TB (IMG_NO, PARK_NO, IMG_PATH) VALUES (img_seq.nextval,67 ,'66.jpg');
--행 17
INSERT INTO PARK_IMAGE_TB (IMG_NO, PARK_NO, IMG_PATH) VALUES (img_seq.nextval,68 ,'67.jpg');
--행 18
INSERT INTO PARK_IMAGE_TB (IMG_NO, PARK_NO, IMG_PATH) VALUES (img_seq.nextval,69 ,'68.jpg');
--행 19
INSERT INTO PARK_IMAGE_TB (IMG_NO, PARK_NO, IMG_PATH) VALUES (img_seq.nextval,70 ,'69.jpg');
--행 20
INSERT INTO PARK_IMAGE_TB (IMG_NO, PARK_NO, IMG_PATH) VALUES (img_seq.nextval,71 ,'70.jpg');
--행 21
INSERT INTO PARK_IMAGE_TB (IMG_NO, PARK_NO, IMG_PATH) VALUES (img_seq.nextval,72 ,'71.jpg');
--행 22
INSERT INTO PARK_IMAGE_TB (IMG_NO, PARK_NO, IMG_PATH) VALUES (img_seq.nextval,73 ,'72.jpg');
--행 23
INSERT INTO PARK_IMAGE_TB (IMG_NO, PARK_NO, IMG_PATH) VALUES (img_seq.nextval,74 ,'73.jpg');
--행 24
INSERT INTO PARK_IMAGE_TB (IMG_NO, PARK_NO, IMG_PATH) VALUES (img_seq.nextval,75 ,'74.jpg');
--행 25
INSERT INTO PARK_IMAGE_TB (IMG_NO, PARK_NO, IMG_PATH) VALUES (img_seq.nextval,76 ,'75.jpg');
--행 26
INSERT INTO PARK_IMAGE_TB (IMG_NO, PARK_NO, IMG_PATH) VALUES (img_seq.nextval,77 ,'76.jpg');
--행 27
INSERT INTO PARK_IMAGE_TB (IMG_NO, PARK_NO, IMG_PATH) VALUES (img_seq.nextval,78 ,'77.jpg');
--행 28
INSERT INTO PARK_IMAGE_TB (IMG_NO, PARK_NO, IMG_PATH) VALUES (img_seq.nextval,79 ,'78.jpg');
--행 29
INSERT INTO PARK_IMAGE_TB (IMG_NO, PARK_NO, IMG_PATH) VALUES (img_seq.nextval,80 ,'79.jpg');
--행 30
INSERT INTO PARK_IMAGE_TB (IMG_NO, PARK_NO, IMG_PATH) VALUES (img_seq.nextval,81 ,'80.jpg');
--행 31
INSERT INTO PARK_IMAGE_TB (IMG_NO, PARK_NO, IMG_PATH) VALUES (img_seq.nextval,82 ,'81.jpg');
--행 32
INSERT INTO PARK_IMAGE_TB (IMG_NO, PARK_NO, IMG_PATH) VALUES (img_seq.nextval,83 ,'82.jpg');
--행 33
INSERT INTO PARK_IMAGE_TB (IMG_NO, PARK_NO, IMG_PATH) VALUES (img_seq.nextval,84 ,'83.jpg');
--행 34
INSERT INTO PARK_IMAGE_TB (IMG_NO, PARK_NO, IMG_PATH) VALUES (img_seq.nextval,85 ,'84.jpg');
--행 35
INSERT INTO PARK_IMAGE_TB (IMG_NO, PARK_NO, IMG_PATH) VALUES (img_seq.nextval,86 ,'85.jpg');
--행 36
INSERT INTO PARK_IMAGE_TB (IMG_NO, PARK_NO, IMG_PATH) VALUES (img_seq.nextval,87 ,'86.jpg');
--행 37
INSERT INTO PARK_IMAGE_TB (IMG_NO, PARK_NO, IMG_PATH) VALUES (img_seq.nextval,88 ,'87.jpg');
--행 38
INSERT INTO PARK_IMAGE_TB (IMG_NO, PARK_NO, IMG_PATH) VALUES (img_seq.nextval,89 ,'88.jpg');
--행 39
INSERT INTO PARK_IMAGE_TB (IMG_NO, PARK_NO, IMG_PATH) VALUES (img_seq.nextval,90 ,'89.jpg');
--행 40
INSERT INTO PARK_IMAGE_TB (IMG_NO, PARK_NO, IMG_PATH) VALUES (img_seq.nextval,91 ,'90.jpg');
--행 41
INSERT INTO PARK_IMAGE_TB (IMG_NO, PARK_NO, IMG_PATH) VALUES (img_seq.nextval,92 ,'91.jpg');
--행 42
INSERT INTO PARK_IMAGE_TB (IMG_NO, PARK_NO, IMG_PATH) VALUES (img_seq.nextval,93 ,'92.jpg');
--행 43
INSERT INTO PARK_IMAGE_TB (IMG_NO, PARK_NO, IMG_PATH) VALUES (img_seq.nextval,94 ,'93.jpg');
--행 44
INSERT INTO PARK_IMAGE_TB (IMG_NO, PARK_NO, IMG_PATH) VALUES (img_seq.nextval,95 ,'94.jpg');
--행 45
INSERT INTO PARK_IMAGE_TB (IMG_NO, PARK_NO, IMG_PATH) VALUES (img_seq.nextval,96 ,'95.jpg');
--행 46
INSERT INTO PARK_IMAGE_TB (IMG_NO, PARK_NO, IMG_PATH) VALUES (img_seq.nextval,97 ,'96.jpg');
--행 47
INSERT INTO PARK_IMAGE_TB (IMG_NO, PARK_NO, IMG_PATH) VALUES (img_seq.nextval,98 ,'97.jpg');
--행 48
INSERT INTO PARK_IMAGE_TB (IMG_NO, PARK_NO, IMG_PATH) VALUES (img_seq.nextval,99 ,'98.jpg');
--행 49
INSERT INTO PARK_IMAGE_TB (IMG_NO, PARK_NO, IMG_PATH) VALUES (img_seq.nextval,100 ,'99.jpg');
--행 50
INSERT INTO PARK_IMAGE_TB (IMG_NO, PARK_NO, IMG_PATH) VALUES (img_seq.nextval,101 ,'100.jpg');
-- 51 에서  59  행에 대한 삽입 실패
--ORA-01722: invalid number
--행 51
INSERT INTO PARK_IMAGE_TB (IMG_NO, PARK_NO, IMG_PATH) VALUES (img_seq.nextval,102 ,'101.jpg');
--행 52
INSERT INTO PARK_IMAGE_TB (IMG_NO, PARK_NO, IMG_PATH) VALUES (img_seq.nextval,103 ,'102.jpg');
--행 53
INSERT INTO PARK_IMAGE_TB (IMG_NO, PARK_NO, IMG_PATH) VALUES (img_seq.nextval,104 ,'103.jpg');
--행 54
INSERT INTO PARK_IMAGE_TB (IMG_NO, PARK_NO, IMG_PATH) VALUES (img_seq.nextval,105 ,'104.jpg');
--행 55
INSERT INTO PARK_IMAGE_TB (IMG_NO, PARK_NO, IMG_PATH) VALUES (img_seq.nextval,106 ,'105.jpg');
--행 56
INSERT INTO PARK_IMAGE_TB (IMG_NO, PARK_NO, IMG_PATH) VALUES (img_seq.nextval,107 ,'106.jpg');
--행 57
INSERT INTO PARK_IMAGE_TB (IMG_NO, PARK_NO, IMG_PATH) VALUES (img_seq.nextval,108 ,'107.jpg');
--행 58
INSERT INTO PARK_IMAGE_TB (IMG_NO, PARK_NO, IMG_PATH) VALUES (img_seq.nextval,109 ,'108.jpg');
--행 59
INSERT INTO PARK_IMAGE_TB (IMG_NO, PARK_NO, IMG_PATH) VALUES (img_seq.nextval,110,'109.jpg');

insert into review_tb values('user3',3,5,'최고의 주차장입니다!')
insert into review_tb values('user4',3,5,'넓직하네요')
insert into review_tb values('user5',3,5,'마음에 듭니다.')
insert into review_tb values('user6',3,5,'이 주차장은 이제 제겁니다.')
insert into review_tb values('user7',3,4,'가성비 좋은듯')
insert into review_tb values('user8',3,3,'그냥 딱 싼 가격에 쓸만한듯')
insert into review_tb values('user9',3,2,'차라리 불법주차를 하지')
insert into review_tb values('user10',3,1,'우리집 개집이 여기보단 넓겠다 ㅉㅉ')
insert into review_tb values('user11',3,1,'주인 양심 무?')

commit